-- phpMyAdmin SQL Dump
-- version 5.2.3
-- https://www.phpmyadmin.net/
--
-- Host: mysql
-- Generation Time: Feb 18, 2026 at 02:20 AM
-- Server version: 8.0.45
-- PHP Version: 8.3.26

SET SQL_MODE = "NO_AUTO_VALUE_ON_ZERO";
START TRANSACTION;
SET time_zone = "+00:00";


/*!40101 SET @OLD_CHARACTER_SET_CLIENT=@@CHARACTER_SET_CLIENT */;
/*!40101 SET @OLD_CHARACTER_SET_RESULTS=@@CHARACTER_SET_RESULTS */;
/*!40101 SET @OLD_COLLATION_CONNECTION=@@COLLATION_CONNECTION */;
/*!40101 SET NAMES utf8mb4 */;

--
-- Database: `rembugdesa`
--

-- --------------------------------------------------------

--
-- Table structure for table `alternatives`
--

CREATE TABLE `alternatives` (
  `id` bigint UNSIGNED NOT NULL,
  `decision_session_id` bigint UNSIGNED NOT NULL,
  `code` varchar(10) CHARACTER SET utf8mb4 COLLATE utf8mb4_unicode_ci NOT NULL,
  `name` varchar(255) CHARACTER SET utf8mb4 COLLATE utf8mb4_unicode_ci NOT NULL,
  `order` int UNSIGNED NOT NULL DEFAULT '0',
  `is_active` tinyint(1) NOT NULL DEFAULT '1',
  `deleted_at` timestamp NULL DEFAULT NULL,
  `created_at` timestamp NULL DEFAULT NULL,
  `updated_at` timestamp NULL DEFAULT NULL
) ENGINE=InnoDB DEFAULT CHARSET=utf8mb4 COLLATE=utf8mb4_unicode_ci;

--
-- Dumping data for table `alternatives`
--

INSERT INTO `alternatives` (`id`, `decision_session_id`, `code`, `name`, `order`, `is_active`, `deleted_at`, `created_at`, `updated_at`) VALUES
(1, 1, 'A1', 'Peningkatan jalan lingkungan dan akses lokal permukiman', 1, 1, NULL, '2026-02-12 15:03:57', '2026-02-12 15:03:57'),
(2, 1, 'A2', 'Penguatan manajemen usaha dan permodalan ekonomi desa', 2, 1, NULL, '2026-02-12 15:04:03', '2026-02-12 15:04:03'),
(3, 1, 'A3', 'Normalisasi dan rehabilitasi saluran drainase eksisting', 3, 1, NULL, '2026-02-12 15:04:07', '2026-02-12 15:04:07'),
(4, 1, 'A4', 'Peningkatan layanan kesehatan dasar desa', 4, 1, NULL, '2026-02-12 15:04:32', '2026-02-12 15:04:32'),
(5, 1, 'A5', 'Penguatan administrasi dan layanan pemerintahan desa', 5, 1, NULL, '2026-02-12 15:04:36', '2026-02-12 15:04:36'),
(6, 1, 'A6', 'Pengelolaan sampah dan kebersihan lingkungan', 6, 1, NULL, '2026-02-12 15:04:40', '2026-02-12 15:04:40'),
(7, 1, 'A7', 'Pelatihan keterampilan kerja masyarakat', 7, 1, NULL, '2026-02-12 15:04:45', '2026-02-12 15:04:45'),
(8, 1, 'A8', 'Penyediaan dan pengelolaan layanan pemakaman desa', 8, 1, NULL, '2026-02-12 15:04:51', '2026-02-12 15:04:51'),
(9, 1, 'A9', 'Peningkatan keamanan lingkungan berbasis warga', 9, 1, NULL, '2026-02-12 15:04:55', '2026-02-12 15:04:55'),
(10, 1, 'A10', 'Revitalisasi dan pembangunan bangunan publik desa', 10, 1, NULL, '2026-02-12 15:04:59', '2026-02-12 15:04:59'),
(11, 2, 'A1', 'Suto', 1, 1, NULL, '2026-02-15 13:18:20', '2026-02-15 13:18:20'),
(12, 2, 'A2', 'Noyo', 2, 1, NULL, '2026-02-15 13:18:25', '2026-02-15 13:18:25'),
(13, 2, 'A3', 'gengong', 3, 1, NULL, '2026-02-15 13:18:28', '2026-02-15 13:18:28'),
(14, 3, 'A1', 'Peningkatan jalan lingkungan dan akses lokal permukiman', 1, 1, NULL, '2026-02-16 01:12:23', '2026-02-16 01:15:37'),
(15, 3, 'A2', 'Penguatan manajemen usaha dan permodalan ekonomi desa', 2, 1, NULL, '2026-02-16 01:12:30', '2026-02-16 01:12:30'),
(16, 3, 'A3', 'Normalisasi dan rehabilitasi saluran drainase eksisting', 3, 1, NULL, '2026-02-16 01:12:40', '2026-02-16 01:12:40'),
(17, 3, 'A4', 'Peningkatan layanan kesehatan dasar desa', 4, 1, NULL, '2026-02-16 01:12:46', '2026-02-16 01:12:46'),
(18, 3, 'A5', 'Penguatan administrasi dan layanan pemerintahan desa', 5, 1, NULL, '2026-02-16 01:12:51', '2026-02-16 01:12:51'),
(19, 3, 'A6', 'Pengelolaan sampah dan kebersihan lingkungan', 6, 1, NULL, '2026-02-16 01:12:56', '2026-02-16 01:12:56'),
(20, 3, 'A7', 'Pelatihan keterampilan kerja masyarakat', 7, 1, NULL, '2026-02-16 01:22:09', '2026-02-16 01:22:09'),
(21, 3, 'A8', 'Penyediaan dan pengelolaan layanan pemakaman desa', 8, 1, NULL, '2026-02-16 01:22:13', '2026-02-16 01:22:13'),
(22, 3, 'A9', 'Peningkatan keamanan lingkungan berbasis warga', 9, 1, NULL, '2026-02-16 01:22:18', '2026-02-16 01:22:18'),
(23, 3, 'A10', 'Revitalisasi dan pembangunan bangunan publik desa', 10, 1, NULL, '2026-02-16 01:22:22', '2026-02-16 01:22:22'),
(24, 3, 'A11', 'Pengembangan UMKM dan sentra ekonomi lokal', 11, 1, NULL, '2026-02-16 01:22:26', '2026-02-16 01:22:26'),
(25, 3, 'A12', 'Peningkatan keselamatan lalu lintas jalan desa', 12, 1, NULL, '2026-02-16 01:22:31', '2026-02-16 01:22:31'),
(26, 3, 'A13', 'Pengembangan literasi dan pendidikan nonformal masyarakat', 13, 1, NULL, '2026-02-16 01:22:35', '2026-02-16 01:22:35'),
(27, 3, 'A14', 'Penyediaan dan peningkatan penerangan jalan umum', 14, 1, NULL, '2026-02-16 01:22:39', '2026-02-16 01:22:39'),
(28, 3, 'A15', 'Pendampingan petani dan kelompok tani', 15, 1, NULL, '2026-02-16 01:23:03', '2026-02-16 01:23:03'),
(29, 3, 'A16', 'Pembukaan dan peningkatan akses antar padukuhan', 16, 1, NULL, '2026-02-16 01:23:16', '2026-02-16 01:23:16'),
(30, 3, 'A17', 'Pembangunan sistem drainase baru', 17, 1, NULL, '2026-02-16 01:23:20', '2026-02-16 01:23:20'),
(31, 3, 'A18', 'Pengembangan desa wisata dan kegiatan ekonomi desa', 18, 1, NULL, '2026-02-16 01:23:25', '2026-02-16 01:23:25'),
(32, 3, 'A19', 'Pencegahan stunting melalui intervensi gizi', 19, 1, NULL, '2026-02-16 01:23:32', '2026-02-16 01:23:32'),
(33, 3, 'A20', 'Penanganan genangan air dan sanitasi permukiman', 20, 1, NULL, '2026-02-16 01:23:38', '2026-02-16 01:23:38'),
(34, 3, 'A21', 'Pengembangan peternakan dan perikanan skala rumah tangga', 21, 1, NULL, '2026-02-16 01:23:43', '2026-02-16 01:23:43'),
(35, 3, 'A22', 'Penguatan peran pemuda dan Karang Taruna', 22, 1, NULL, '2026-02-16 01:23:49', '2026-02-16 01:23:49'),
(36, 3, 'A23', 'Penguatan kelembagaan RT dan RW', 23, 1, NULL, '2026-02-16 01:23:54', '2026-02-16 01:23:54'),
(37, 3, 'A24', 'Penyediaan perlindungan sosial bagi kelompok rentan', 24, 1, NULL, '2026-02-16 01:23:58', '2026-02-16 01:23:58'),
(38, 3, 'A25', 'Peningkatan kesiapsiagaan dan respon kebencanaan', 25, 1, NULL, '2026-02-16 01:24:02', '2026-02-16 01:24:02'),
(39, 3, 'A26', 'Perbaikan gang sempit dan jalur conblock', 26, 1, NULL, '2026-02-16 01:24:06', '2026-02-16 01:24:06'),
(40, 3, 'A27', 'Pembangunan dan rehabilitasi jembatan lingkungan', 27, 1, NULL, '2026-02-16 01:24:10', '2026-02-16 01:24:10'),
(41, 3, 'A28', 'Peningkatan layanan pendidikan anak usia dini', 28, 1, NULL, '2026-02-16 01:24:14', '2026-02-16 01:24:14'),
(42, 3, 'A29', 'Penguatan talud dan pengaman tebing', 29, 1, NULL, '2026-02-16 01:24:17', '2026-02-16 01:24:17'),
(43, 3, 'A30', 'Penyediaan penandaan wilayah dan informasi publik', 30, 1, NULL, '2026-02-16 01:24:22', '2026-02-16 01:24:22'),
(44, 3, 'A31', 'Pengendalian penyakit berbasis lingkungan', 31, 1, NULL, '2026-02-16 01:24:25', '2026-02-16 01:55:14'),
(45, 3, 'A32', 'Layanan sosial keagamaan dan pemulasaraan jenazah', 32, 1, NULL, '2026-02-16 01:24:30', '2026-02-16 01:55:11');

-- --------------------------------------------------------

--
-- Table structure for table `alternative_evaluations`
--

CREATE TABLE `alternative_evaluations` (
  `id` bigint UNSIGNED NOT NULL,
  `decision_session_id` bigint UNSIGNED NOT NULL,
  `dm_id` bigint UNSIGNED NOT NULL,
  `alternative_id` bigint UNSIGNED NOT NULL,
  `criteria_id` bigint UNSIGNED NOT NULL,
  `raw_value` decimal(15,5) NOT NULL,
  `utility_value` decimal(8,6) NOT NULL,
  `created_at` timestamp NULL DEFAULT NULL,
  `updated_at` timestamp NULL DEFAULT NULL
) ENGINE=InnoDB DEFAULT CHARSET=utf8mb4 COLLATE=utf8mb4_unicode_ci;

--
-- Dumping data for table `alternative_evaluations`
--

INSERT INTO `alternative_evaluations` (`id`, `decision_session_id`, `dm_id`, `alternative_id`, `criteria_id`, `raw_value`, `utility_value`, `created_at`, `updated_at`) VALUES
(1, 1, 4, 1, 1, 4.00000, 0.900000, '2026-02-13 16:09:25', '2026-02-15 15:51:43'),
(2, 1, 4, 1, 2, 4.00000, 0.750000, '2026-02-13 16:09:25', '2026-02-15 15:51:43'),
(3, 1, 4, 1, 3, 4.00000, 0.550000, '2026-02-13 16:09:25', '2026-02-15 15:51:43'),
(4, 1, 4, 1, 4, 2.00000, 0.100000, '2026-02-13 16:09:26', '2026-02-15 15:51:43'),
(5, 1, 4, 1, 5, 3.00000, 0.700000, '2026-02-13 16:09:26', '2026-02-15 15:51:43'),
(6, 1, 4, 2, 1, 3.00000, 0.700000, '2026-02-13 16:09:26', '2026-02-15 15:51:43'),
(7, 1, 4, 2, 2, 3.00000, 0.500000, '2026-02-13 16:09:26', '2026-02-15 15:51:43'),
(8, 1, 4, 2, 3, 5.00000, 1.000000, '2026-02-13 16:09:26', '2026-02-15 15:51:43'),
(9, 1, 4, 2, 4, 4.00000, 0.550000, '2026-02-13 16:09:26', '2026-02-15 15:51:43'),
(10, 1, 4, 2, 5, 2.00000, 0.400000, '2026-02-13 16:09:26', '2026-02-15 15:51:43'),
(11, 1, 4, 3, 1, 5.00000, 1.000000, '2026-02-13 16:09:26', '2026-02-15 15:51:43'),
(12, 1, 4, 3, 2, 5.00000, 1.000000, '2026-02-13 16:09:26', '2026-02-15 15:51:43'),
(13, 1, 4, 3, 3, 3.00000, 0.250000, '2026-02-13 16:09:26', '2026-02-15 15:51:43'),
(14, 1, 4, 3, 4, 3.00000, 0.250000, '2026-02-13 16:09:26', '2026-02-15 15:51:43'),
(15, 1, 4, 3, 5, 4.00000, 0.900000, '2026-02-13 16:09:26', '2026-02-15 15:51:43'),
(16, 1, 4, 4, 1, 5.00000, 1.000000, '2026-02-13 16:09:26', '2026-02-15 15:51:43'),
(17, 1, 4, 4, 2, 2.00000, 0.250000, '2026-02-13 16:09:26', '2026-02-15 15:51:43'),
(18, 1, 4, 4, 3, 4.00000, 0.550000, '2026-02-13 16:09:26', '2026-02-15 15:51:43'),
(19, 1, 4, 4, 4, 3.00000, 0.250000, '2026-02-13 16:09:26', '2026-02-15 15:51:43'),
(20, 1, 4, 4, 5, 5.00000, 1.000000, '2026-02-13 16:09:26', '2026-02-15 15:51:43'),
(21, 1, 4, 5, 1, 2.00000, 0.400000, '2026-02-13 16:09:26', '2026-02-15 15:51:43'),
(22, 1, 4, 5, 2, 2.00000, 0.250000, '2026-02-13 16:09:26', '2026-02-15 15:51:43'),
(23, 1, 4, 5, 3, 3.00000, 0.250000, '2026-02-13 16:09:26', '2026-02-15 15:51:43'),
(24, 1, 4, 5, 4, 2.00000, 0.100000, '2026-02-13 16:09:26', '2026-02-15 15:51:43'),
(25, 1, 4, 5, 5, 3.00000, 0.700000, '2026-02-13 16:09:26', '2026-02-15 15:51:43'),
(26, 1, 4, 6, 1, 4.00000, 0.900000, '2026-02-13 16:09:26', '2026-02-15 15:51:43'),
(27, 1, 4, 6, 2, 3.00000, 0.500000, '2026-02-13 16:09:26', '2026-02-15 15:51:43'),
(28, 1, 4, 6, 3, 2.00000, 0.100000, '2026-02-13 16:09:26', '2026-02-15 15:51:43'),
(29, 1, 4, 6, 4, 5.00000, 1.000000, '2026-02-13 16:09:26', '2026-02-15 15:51:43'),
(30, 1, 4, 6, 5, 2.00000, 0.400000, '2026-02-13 16:09:26', '2026-02-15 15:51:43'),
(31, 1, 4, 7, 1, 3.00000, 0.700000, '2026-02-13 16:09:26', '2026-02-15 15:51:43'),
(32, 1, 4, 7, 2, 2.00000, 0.250000, '2026-02-13 16:09:26', '2026-02-15 15:51:43'),
(33, 1, 4, 7, 3, 2.00000, 0.100000, '2026-02-13 16:09:26', '2026-02-15 15:51:43'),
(34, 1, 4, 7, 4, 5.00000, 1.000000, '2026-02-13 16:09:26', '2026-02-15 15:51:43'),
(35, 1, 4, 7, 5, 2.00000, 0.400000, '2026-02-13 16:09:26', '2026-02-15 15:51:43'),
(36, 1, 4, 8, 1, 4.00000, 0.900000, '2026-02-13 16:09:26', '2026-02-15 15:51:43'),
(37, 1, 4, 8, 2, 4.00000, 0.750000, '2026-02-13 16:09:26', '2026-02-15 15:51:43'),
(38, 1, 4, 8, 3, 3.00000, 0.250000, '2026-02-13 16:09:26', '2026-02-15 15:51:43'),
(39, 1, 4, 8, 4, 2.00000, 0.100000, '2026-02-13 16:09:26', '2026-02-15 15:51:43'),
(40, 1, 4, 8, 5, 5.00000, 1.000000, '2026-02-13 16:09:26', '2026-02-15 15:51:43'),
(41, 1, 4, 9, 1, 4.00000, 0.900000, '2026-02-13 16:09:26', '2026-02-15 15:51:43'),
(42, 1, 4, 9, 2, 2.00000, 0.250000, '2026-02-13 16:09:26', '2026-02-15 15:51:43'),
(43, 1, 4, 9, 3, 2.00000, 0.100000, '2026-02-13 16:09:26', '2026-02-15 15:51:43'),
(44, 1, 4, 9, 4, 3.00000, 0.250000, '2026-02-13 16:09:26', '2026-02-15 15:51:43'),
(45, 1, 4, 9, 5, 5.00000, 1.000000, '2026-02-13 16:09:26', '2026-02-15 15:51:43'),
(46, 1, 4, 10, 1, 2.00000, 0.400000, '2026-02-13 16:09:26', '2026-02-15 15:51:43'),
(47, 1, 4, 10, 2, 3.00000, 0.500000, '2026-02-13 16:09:26', '2026-02-15 15:51:43'),
(48, 1, 4, 10, 3, 2.00000, 0.100000, '2026-02-13 16:09:26', '2026-02-15 15:51:43'),
(49, 1, 4, 10, 4, 2.00000, 0.100000, '2026-02-13 16:09:26', '2026-02-15 15:51:43'),
(50, 1, 4, 10, 5, 2.00000, 0.400000, '2026-02-13 16:09:26', '2026-02-15 15:51:43'),
(51, 1, 5, 1, 1, 2.00000, 0.400000, '2026-02-14 05:47:49', '2026-02-15 15:51:54'),
(52, 1, 5, 1, 2, 5.00000, 1.000000, '2026-02-14 05:47:49', '2026-02-15 15:51:54'),
(53, 1, 5, 1, 3, 4.00000, 0.550000, '2026-02-14 05:47:49', '2026-02-15 15:51:54'),
(54, 1, 5, 1, 4, 2.00000, 0.100000, '2026-02-14 05:47:49', '2026-02-15 15:51:54'),
(55, 1, 5, 1, 5, 3.00000, 0.700000, '2026-02-14 05:47:49', '2026-02-15 15:51:54'),
(56, 1, 5, 2, 1, 1.00000, 0.000000, '2026-02-14 05:47:49', '2026-02-15 15:51:54'),
(57, 1, 5, 2, 2, 1.00000, 0.000000, '2026-02-14 05:47:49', '2026-02-15 15:51:54'),
(58, 1, 5, 2, 3, 5.00000, 1.000000, '2026-02-14 05:47:49', '2026-02-15 15:51:54'),
(59, 1, 5, 2, 4, 4.00000, 0.550000, '2026-02-14 05:47:49', '2026-02-15 15:51:54'),
(60, 1, 5, 2, 5, 1.00000, 0.000000, '2026-02-14 05:47:49', '2026-02-15 15:51:54'),
(61, 1, 5, 3, 1, 3.00000, 0.700000, '2026-02-14 05:47:49', '2026-02-15 15:51:54'),
(62, 1, 5, 3, 2, 4.00000, 0.750000, '2026-02-14 05:47:49', '2026-02-15 15:51:54'),
(63, 1, 5, 3, 3, 2.00000, 0.100000, '2026-02-14 05:47:49', '2026-02-15 15:51:54'),
(64, 1, 5, 3, 4, 2.00000, 0.100000, '2026-02-14 05:47:49', '2026-02-15 15:51:54'),
(65, 1, 5, 3, 5, 2.00000, 0.400000, '2026-02-14 05:47:49', '2026-02-15 15:51:54'),
(66, 1, 5, 4, 1, 5.00000, 1.000000, '2026-02-14 05:47:49', '2026-02-15 15:51:54'),
(67, 1, 5, 4, 2, 1.00000, 0.000000, '2026-02-14 05:47:49', '2026-02-15 15:51:54'),
(68, 1, 5, 4, 3, 5.00000, 1.000000, '2026-02-14 05:47:49', '2026-02-15 15:51:54'),
(69, 1, 5, 4, 4, 2.00000, 0.100000, '2026-02-14 05:47:49', '2026-02-15 15:51:54'),
(70, 1, 5, 4, 5, 2.00000, 0.400000, '2026-02-14 05:47:49', '2026-02-15 15:51:54'),
(71, 1, 5, 5, 1, 2.00000, 0.400000, '2026-02-14 05:47:49', '2026-02-15 15:51:54'),
(72, 1, 5, 5, 2, 1.00000, 0.000000, '2026-02-14 05:47:49', '2026-02-15 15:51:54'),
(73, 1, 5, 5, 3, 3.00000, 0.250000, '2026-02-14 05:47:49', '2026-02-15 15:51:54'),
(74, 1, 5, 5, 4, 4.00000, 0.550000, '2026-02-14 05:47:49', '2026-02-15 15:51:54'),
(75, 1, 5, 5, 5, 2.00000, 0.400000, '2026-02-14 05:47:49', '2026-02-15 15:51:54'),
(76, 1, 5, 6, 1, 4.00000, 0.900000, '2026-02-14 05:47:49', '2026-02-15 15:51:54'),
(77, 1, 5, 6, 2, 2.00000, 0.250000, '2026-02-14 05:47:49', '2026-02-15 15:51:54'),
(78, 1, 5, 6, 3, 4.00000, 0.550000, '2026-02-14 05:47:49', '2026-02-15 15:51:54'),
(79, 1, 5, 6, 4, 4.00000, 0.550000, '2026-02-14 05:47:49', '2026-02-15 15:51:54'),
(80, 1, 5, 6, 5, 4.00000, 0.900000, '2026-02-14 05:47:49', '2026-02-15 15:51:54'),
(81, 1, 5, 7, 1, 3.00000, 0.700000, '2026-02-14 05:47:49', '2026-02-15 15:51:54'),
(82, 1, 5, 7, 2, 2.00000, 0.250000, '2026-02-14 05:47:49', '2026-02-15 15:51:54'),
(83, 1, 5, 7, 3, 5.00000, 1.000000, '2026-02-14 05:47:49', '2026-02-15 15:51:54'),
(84, 1, 5, 7, 4, 4.00000, 0.550000, '2026-02-14 05:47:49', '2026-02-15 15:51:54'),
(85, 1, 5, 7, 5, 2.00000, 0.400000, '2026-02-14 05:47:49', '2026-02-15 15:51:54'),
(86, 1, 5, 8, 1, 3.00000, 0.700000, '2026-02-14 05:47:49', '2026-02-15 15:51:54'),
(87, 1, 5, 8, 2, 3.00000, 0.500000, '2026-02-14 05:47:49', '2026-02-15 15:51:54'),
(88, 1, 5, 8, 3, 1.00000, 0.000000, '2026-02-14 05:47:49', '2026-02-15 15:51:54'),
(89, 1, 5, 8, 4, 2.00000, 0.100000, '2026-02-14 05:47:49', '2026-02-15 15:51:54'),
(90, 1, 5, 8, 5, 2.00000, 0.400000, '2026-02-14 05:47:49', '2026-02-15 15:51:54'),
(91, 1, 5, 9, 1, 3.00000, 0.700000, '2026-02-14 05:47:49', '2026-02-15 15:51:54'),
(92, 1, 5, 9, 2, 2.00000, 0.250000, '2026-02-14 05:47:49', '2026-02-15 15:51:54'),
(93, 1, 5, 9, 3, 2.00000, 0.100000, '2026-02-14 05:47:49', '2026-02-15 15:51:54'),
(94, 1, 5, 9, 4, 2.00000, 0.100000, '2026-02-14 05:47:49', '2026-02-15 15:51:54'),
(95, 1, 5, 9, 5, 5.00000, 1.000000, '2026-02-14 05:47:49', '2026-02-15 15:51:55'),
(96, 1, 5, 10, 1, 1.00000, 0.000000, '2026-02-14 05:47:49', '2026-02-15 15:51:55'),
(97, 1, 5, 10, 2, 3.00000, 0.500000, '2026-02-14 05:47:49', '2026-02-15 15:51:55'),
(98, 1, 5, 10, 3, 1.00000, 0.000000, '2026-02-14 05:47:49', '2026-02-15 15:51:55'),
(99, 1, 5, 10, 4, 4.00000, 0.550000, '2026-02-14 05:47:49', '2026-02-15 15:51:55'),
(100, 1, 5, 10, 5, 3.00000, 0.700000, '2026-02-14 05:47:49', '2026-02-15 15:51:55'),
(101, 1, 7, 1, 1, 4.00000, 0.900000, '2026-02-14 10:30:21', '2026-02-15 15:52:08'),
(102, 1, 7, 1, 2, 5.00000, 1.000000, '2026-02-14 10:30:21', '2026-02-15 15:52:08'),
(103, 1, 7, 1, 3, 3.00000, 0.250000, '2026-02-14 10:30:21', '2026-02-15 15:52:08'),
(104, 1, 7, 1, 4, 2.00000, 0.100000, '2026-02-14 10:30:21', '2026-02-15 15:52:08'),
(105, 1, 7, 1, 5, 4.00000, 0.900000, '2026-02-14 10:30:21', '2026-02-15 15:52:08'),
(106, 1, 7, 2, 1, 3.00000, 0.700000, '2026-02-14 10:30:21', '2026-02-15 15:52:08'),
(107, 1, 7, 2, 2, 2.00000, 0.250000, '2026-02-14 10:30:21', '2026-02-15 15:52:08'),
(108, 1, 7, 2, 3, 5.00000, 1.000000, '2026-02-14 10:30:21', '2026-02-15 15:52:08'),
(109, 1, 7, 2, 4, 4.00000, 0.550000, '2026-02-14 10:30:21', '2026-02-15 15:52:08'),
(110, 1, 7, 2, 5, 2.00000, 0.400000, '2026-02-14 10:30:21', '2026-02-15 15:52:08'),
(111, 1, 7, 3, 1, 3.00000, 0.700000, '2026-02-14 10:30:21', '2026-02-15 15:52:08'),
(112, 1, 7, 3, 2, 5.00000, 1.000000, '2026-02-14 10:30:21', '2026-02-15 15:52:08'),
(113, 1, 7, 3, 3, 2.00000, 0.100000, '2026-02-14 10:30:21', '2026-02-15 15:52:08'),
(114, 1, 7, 3, 4, 2.00000, 0.100000, '2026-02-14 10:30:21', '2026-02-15 15:52:08'),
(115, 1, 7, 3, 5, 3.00000, 0.700000, '2026-02-14 10:30:21', '2026-02-15 15:52:08'),
(116, 1, 7, 4, 1, 5.00000, 1.000000, '2026-02-14 10:30:21', '2026-02-15 15:52:08'),
(117, 1, 7, 4, 2, 3.00000, 0.500000, '2026-02-14 10:30:21', '2026-02-15 15:52:08'),
(118, 1, 7, 4, 3, 4.00000, 0.550000, '2026-02-14 10:30:21', '2026-02-15 15:52:08'),
(119, 1, 7, 4, 4, 3.00000, 0.250000, '2026-02-14 10:30:21', '2026-02-15 15:52:08'),
(120, 1, 7, 4, 5, 3.00000, 0.700000, '2026-02-14 10:30:21', '2026-02-15 15:52:08'),
(121, 1, 7, 5, 1, 4.00000, 0.900000, '2026-02-14 10:30:21', '2026-02-15 15:52:08'),
(122, 1, 7, 5, 2, 2.00000, 0.250000, '2026-02-14 10:30:21', '2026-02-15 15:52:08'),
(123, 1, 7, 5, 3, 4.00000, 0.550000, '2026-02-14 10:30:21', '2026-02-15 15:52:08'),
(124, 1, 7, 5, 4, 3.00000, 0.250000, '2026-02-14 10:30:21', '2026-02-15 15:52:08'),
(125, 1, 7, 5, 5, 2.00000, 0.400000, '2026-02-14 10:30:21', '2026-02-15 15:52:08'),
(126, 1, 7, 6, 1, 5.00000, 1.000000, '2026-02-14 10:30:21', '2026-02-15 15:52:08'),
(127, 1, 7, 6, 2, 3.00000, 0.500000, '2026-02-14 10:30:21', '2026-02-15 15:52:08'),
(128, 1, 7, 6, 3, 3.00000, 0.250000, '2026-02-14 10:30:21', '2026-02-15 15:52:08'),
(129, 1, 7, 6, 4, 3.00000, 0.250000, '2026-02-14 10:30:21', '2026-02-15 15:52:08'),
(130, 1, 7, 6, 5, 2.00000, 0.400000, '2026-02-14 10:30:21', '2026-02-15 15:52:08'),
(131, 1, 7, 7, 1, 4.00000, 0.900000, '2026-02-14 10:30:21', '2026-02-15 15:52:08'),
(132, 1, 7, 7, 2, 1.00000, 0.000000, '2026-02-14 10:30:21', '2026-02-15 15:52:08'),
(133, 1, 7, 7, 3, 5.00000, 1.000000, '2026-02-14 10:30:21', '2026-02-15 15:52:08'),
(134, 1, 7, 7, 4, 5.00000, 1.000000, '2026-02-14 10:30:21', '2026-02-15 15:52:08'),
(135, 1, 7, 7, 5, 2.00000, 0.400000, '2026-02-14 10:30:21', '2026-02-15 15:52:08'),
(136, 1, 7, 8, 1, 3.00000, 0.700000, '2026-02-14 10:30:21', '2026-02-15 15:52:08'),
(137, 1, 7, 8, 2, 3.00000, 0.500000, '2026-02-14 10:30:21', '2026-02-15 15:52:08'),
(138, 1, 7, 8, 3, 2.00000, 0.100000, '2026-02-14 10:30:21', '2026-02-15 15:52:08'),
(139, 1, 7, 8, 4, 1.00000, 0.000000, '2026-02-14 10:30:21', '2026-02-15 15:52:08'),
(140, 1, 7, 8, 5, 3.00000, 0.700000, '2026-02-14 10:30:21', '2026-02-15 15:52:08'),
(141, 1, 7, 9, 1, 4.00000, 0.900000, '2026-02-14 10:30:21', '2026-02-15 15:52:08'),
(142, 1, 7, 9, 2, 2.00000, 0.250000, '2026-02-14 10:30:21', '2026-02-15 15:52:08'),
(143, 1, 7, 9, 3, 4.00000, 0.550000, '2026-02-14 10:30:21', '2026-02-15 15:52:08'),
(144, 1, 7, 9, 4, 3.00000, 0.250000, '2026-02-14 10:30:21', '2026-02-15 15:52:08'),
(145, 1, 7, 9, 5, 5.00000, 1.000000, '2026-02-14 10:30:21', '2026-02-15 15:52:08'),
(146, 1, 7, 10, 1, 2.00000, 0.400000, '2026-02-14 10:30:21', '2026-02-15 15:52:08'),
(147, 1, 7, 10, 2, 3.00000, 0.500000, '2026-02-14 10:30:21', '2026-02-15 15:52:08'),
(148, 1, 7, 10, 3, 3.00000, 0.250000, '2026-02-14 10:30:21', '2026-02-15 15:52:08'),
(149, 1, 7, 10, 4, 2.00000, 0.100000, '2026-02-14 10:30:21', '2026-02-15 15:52:08'),
(150, 1, 7, 10, 5, 2.00000, 0.400000, '2026-02-14 10:30:21', '2026-02-15 15:52:08'),
(151, 1, 8, 1, 1, 4.00000, 0.900000, '2026-02-14 10:34:11', '2026-02-15 15:52:38'),
(152, 1, 8, 1, 2, 5.00000, 1.000000, '2026-02-14 10:34:11', '2026-02-15 15:52:38'),
(153, 1, 8, 1, 3, 3.00000, 0.250000, '2026-02-14 10:34:11', '2026-02-15 15:52:38'),
(154, 1, 8, 1, 4, 2.00000, 0.100000, '2026-02-14 10:34:11', '2026-02-15 15:52:38'),
(155, 1, 8, 1, 5, 4.00000, 0.900000, '2026-02-14 10:34:11', '2026-02-15 15:52:38'),
(156, 1, 8, 2, 1, 4.00000, 0.900000, '2026-02-14 10:34:11', '2026-02-15 15:52:38'),
(157, 1, 8, 2, 2, 3.00000, 0.500000, '2026-02-14 10:34:11', '2026-02-15 15:52:38'),
(158, 1, 8, 2, 3, 5.00000, 1.000000, '2026-02-14 10:34:11', '2026-02-15 15:52:38'),
(159, 1, 8, 2, 4, 4.00000, 0.550000, '2026-02-14 10:34:12', '2026-02-15 15:52:38'),
(160, 1, 8, 2, 5, 2.00000, 0.400000, '2026-02-14 10:34:12', '2026-02-15 15:52:38'),
(161, 1, 8, 3, 1, 3.00000, 0.700000, '2026-02-14 10:34:12', '2026-02-15 15:52:38'),
(162, 1, 8, 3, 2, 5.00000, 1.000000, '2026-02-14 10:34:12', '2026-02-15 15:52:38'),
(163, 1, 8, 3, 3, 2.00000, 0.100000, '2026-02-14 10:34:12', '2026-02-15 15:52:38'),
(164, 1, 8, 3, 4, 3.00000, 0.250000, '2026-02-14 10:34:12', '2026-02-15 15:52:38'),
(165, 1, 8, 3, 5, 3.00000, 0.700000, '2026-02-14 10:34:12', '2026-02-15 15:52:38'),
(166, 1, 8, 4, 1, 5.00000, 1.000000, '2026-02-14 10:34:12', '2026-02-15 15:52:38'),
(167, 1, 8, 4, 2, 2.00000, 0.250000, '2026-02-14 10:34:12', '2026-02-15 15:52:38'),
(168, 1, 8, 4, 3, 4.00000, 0.550000, '2026-02-14 10:34:12', '2026-02-15 15:52:38'),
(169, 1, 8, 4, 4, 3.00000, 0.250000, '2026-02-14 10:34:12', '2026-02-15 15:52:38'),
(170, 1, 8, 4, 5, 4.00000, 0.900000, '2026-02-14 10:34:12', '2026-02-15 15:52:38'),
(171, 1, 8, 5, 1, 4.00000, 0.900000, '2026-02-14 10:34:12', '2026-02-15 15:52:38'),
(172, 1, 8, 5, 2, 1.00000, 0.000000, '2026-02-14 10:34:12', '2026-02-15 15:52:38'),
(173, 1, 8, 5, 3, 4.00000, 0.550000, '2026-02-14 10:34:12', '2026-02-15 15:52:38'),
(174, 1, 8, 5, 4, 4.00000, 0.550000, '2026-02-14 10:34:12', '2026-02-15 15:52:38'),
(175, 1, 8, 5, 5, 4.00000, 0.900000, '2026-02-14 10:34:12', '2026-02-15 15:52:38'),
(176, 1, 8, 6, 1, 4.00000, 0.900000, '2026-02-14 10:34:12', '2026-02-15 15:52:38'),
(177, 1, 8, 6, 2, 4.00000, 0.750000, '2026-02-14 10:34:12', '2026-02-15 15:52:38'),
(178, 1, 8, 6, 3, 4.00000, 0.550000, '2026-02-14 10:34:12', '2026-02-15 15:52:38'),
(179, 1, 8, 6, 4, 4.00000, 0.550000, '2026-02-14 10:34:12', '2026-02-15 15:52:38'),
(180, 1, 8, 6, 5, 4.00000, 0.900000, '2026-02-14 10:34:12', '2026-02-15 15:52:38'),
(181, 1, 8, 7, 1, 4.00000, 0.900000, '2026-02-14 10:34:12', '2026-02-15 15:52:38'),
(182, 1, 8, 7, 2, 3.00000, 0.500000, '2026-02-14 10:34:12', '2026-02-15 15:52:38'),
(183, 1, 8, 7, 3, 5.00000, 1.000000, '2026-02-14 10:34:12', '2026-02-15 15:52:38'),
(184, 1, 8, 7, 4, 4.00000, 0.550000, '2026-02-14 10:34:12', '2026-02-15 15:52:38'),
(185, 1, 8, 7, 5, 2.00000, 0.400000, '2026-02-14 10:34:12', '2026-02-15 15:52:38'),
(186, 1, 8, 8, 1, 4.00000, 0.900000, '2026-02-14 10:34:12', '2026-02-15 15:52:38'),
(187, 1, 8, 8, 2, 4.00000, 0.750000, '2026-02-14 10:34:12', '2026-02-15 15:52:38'),
(188, 1, 8, 8, 3, 1.00000, 0.000000, '2026-02-14 10:34:12', '2026-02-15 15:52:38'),
(189, 1, 8, 8, 4, 2.00000, 0.100000, '2026-02-14 10:34:12', '2026-02-15 15:52:38'),
(190, 1, 8, 8, 5, 4.00000, 0.900000, '2026-02-14 10:34:12', '2026-02-15 15:52:38'),
(191, 1, 8, 9, 1, 4.00000, 0.900000, '2026-02-14 10:34:12', '2026-02-15 15:52:38'),
(192, 1, 8, 9, 2, 4.00000, 0.750000, '2026-02-14 10:34:12', '2026-02-15 15:52:38'),
(193, 1, 8, 9, 3, 2.00000, 0.100000, '2026-02-14 10:34:12', '2026-02-15 15:52:38'),
(194, 1, 8, 9, 4, 3.00000, 0.250000, '2026-02-14 10:34:12', '2026-02-15 15:52:38'),
(195, 1, 8, 9, 5, 5.00000, 1.000000, '2026-02-14 10:34:12', '2026-02-15 15:52:38'),
(196, 1, 8, 10, 1, 3.00000, 0.700000, '2026-02-14 10:34:12', '2026-02-15 15:52:38'),
(197, 1, 8, 10, 2, 4.00000, 0.750000, '2026-02-14 10:34:12', '2026-02-15 15:52:38'),
(198, 1, 8, 10, 3, 2.00000, 0.100000, '2026-02-14 10:34:12', '2026-02-15 15:52:38'),
(199, 1, 8, 10, 4, 2.00000, 0.100000, '2026-02-14 10:34:12', '2026-02-15 15:52:38'),
(200, 1, 8, 10, 5, 4.00000, 0.900000, '2026-02-14 10:34:12', '2026-02-15 15:52:38'),
(201, 1, 6, 1, 1, 4.00000, 0.900000, '2026-02-14 10:37:37', '2026-02-15 15:52:20'),
(202, 1, 6, 1, 2, 5.00000, 1.000000, '2026-02-14 10:37:37', '2026-02-15 15:52:20'),
(203, 1, 6, 1, 3, 2.00000, 0.100000, '2026-02-14 10:37:37', '2026-02-15 15:52:20'),
(204, 1, 6, 1, 4, 2.00000, 0.100000, '2026-02-14 10:37:37', '2026-02-15 15:52:20'),
(205, 1, 6, 1, 5, 4.00000, 0.900000, '2026-02-14 10:37:37', '2026-02-15 15:52:20'),
(206, 1, 6, 2, 1, 2.00000, 0.400000, '2026-02-14 10:37:37', '2026-02-15 15:52:20'),
(207, 1, 6, 2, 2, 3.00000, 0.500000, '2026-02-14 10:37:37', '2026-02-15 15:52:20'),
(208, 1, 6, 2, 3, 5.00000, 1.000000, '2026-02-14 10:37:37', '2026-02-15 15:52:20'),
(209, 1, 6, 2, 4, 5.00000, 1.000000, '2026-02-14 10:37:37', '2026-02-15 15:52:20'),
(210, 1, 6, 2, 5, 2.00000, 0.400000, '2026-02-14 10:37:37', '2026-02-15 15:52:20'),
(211, 1, 6, 3, 1, 5.00000, 1.000000, '2026-02-14 10:37:37', '2026-02-15 15:52:20'),
(212, 1, 6, 3, 2, 3.00000, 0.500000, '2026-02-14 10:37:37', '2026-02-15 15:52:20'),
(213, 1, 6, 3, 3, 4.00000, 0.550000, '2026-02-14 10:37:37', '2026-02-15 15:52:20'),
(214, 1, 6, 3, 4, 2.00000, 0.100000, '2026-02-14 10:37:37', '2026-02-15 15:52:20'),
(215, 1, 6, 3, 5, 3.00000, 0.700000, '2026-02-14 10:37:37', '2026-02-15 15:52:20'),
(216, 1, 6, 4, 1, 5.00000, 1.000000, '2026-02-14 10:37:37', '2026-02-15 15:52:20'),
(217, 1, 6, 4, 2, 2.00000, 0.250000, '2026-02-14 10:37:37', '2026-02-15 15:52:20'),
(218, 1, 6, 4, 3, 4.00000, 0.550000, '2026-02-14 10:37:37', '2026-02-15 15:52:20'),
(219, 1, 6, 4, 4, 5.00000, 1.000000, '2026-02-14 10:37:37', '2026-02-15 15:52:20'),
(220, 1, 6, 4, 5, 4.00000, 0.900000, '2026-02-14 10:37:37', '2026-02-15 15:52:20'),
(221, 1, 6, 5, 1, 4.00000, 0.900000, '2026-02-14 10:37:37', '2026-02-15 15:52:20'),
(222, 1, 6, 5, 2, 2.00000, 0.250000, '2026-02-14 10:37:37', '2026-02-15 15:52:20'),
(223, 1, 6, 5, 3, 4.00000, 0.550000, '2026-02-14 10:37:37', '2026-02-15 15:52:20'),
(224, 1, 6, 5, 4, 5.00000, 1.000000, '2026-02-14 10:37:37', '2026-02-15 15:52:20'),
(225, 1, 6, 5, 5, 4.00000, 0.900000, '2026-02-14 10:37:37', '2026-02-15 15:52:20'),
(226, 1, 6, 6, 1, 5.00000, 1.000000, '2026-02-14 10:37:37', '2026-02-15 15:52:20'),
(227, 1, 6, 6, 2, 3.00000, 0.500000, '2026-02-14 10:37:37', '2026-02-15 15:52:20'),
(228, 1, 6, 6, 3, 4.00000, 0.550000, '2026-02-14 10:37:37', '2026-02-15 15:52:20'),
(229, 1, 6, 6, 4, 5.00000, 1.000000, '2026-02-14 10:37:37', '2026-02-15 15:52:20'),
(230, 1, 6, 6, 5, 4.00000, 0.900000, '2026-02-14 10:37:37', '2026-02-15 15:52:20'),
(231, 1, 6, 7, 1, 3.00000, 0.700000, '2026-02-14 10:37:37', '2026-02-15 15:52:20'),
(232, 1, 6, 7, 2, 2.00000, 0.250000, '2026-02-14 10:37:37', '2026-02-15 15:52:20'),
(233, 1, 6, 7, 3, 4.00000, 0.550000, '2026-02-14 10:37:37', '2026-02-15 15:52:20'),
(234, 1, 6, 7, 4, 5.00000, 1.000000, '2026-02-14 10:37:37', '2026-02-15 15:52:20'),
(235, 1, 6, 7, 5, 2.00000, 0.400000, '2026-02-14 10:37:37', '2026-02-15 15:52:20'),
(236, 1, 6, 8, 1, 2.00000, 0.400000, '2026-02-14 10:37:37', '2026-02-15 15:52:20'),
(237, 1, 6, 8, 2, 4.00000, 0.750000, '2026-02-14 10:37:37', '2026-02-15 15:52:20'),
(238, 1, 6, 8, 3, 2.00000, 0.100000, '2026-02-14 10:37:37', '2026-02-15 15:52:20'),
(239, 1, 6, 8, 4, 2.00000, 0.100000, '2026-02-14 10:37:37', '2026-02-15 15:52:20'),
(240, 1, 6, 8, 5, 4.00000, 0.900000, '2026-02-14 10:37:37', '2026-02-15 15:52:20'),
(241, 1, 6, 9, 1, 4.00000, 0.900000, '2026-02-14 10:37:37', '2026-02-15 15:52:20'),
(242, 1, 6, 9, 2, 3.00000, 0.500000, '2026-02-14 10:37:37', '2026-02-15 15:52:20'),
(243, 1, 6, 9, 3, 2.00000, 0.100000, '2026-02-14 10:37:37', '2026-02-15 15:52:20'),
(244, 1, 6, 9, 4, 4.00000, 0.550000, '2026-02-14 10:37:37', '2026-02-15 15:52:20'),
(245, 1, 6, 9, 5, 5.00000, 1.000000, '2026-02-14 10:37:37', '2026-02-15 15:52:20'),
(246, 1, 6, 10, 1, 4.00000, 0.900000, '2026-02-14 10:37:37', '2026-02-15 15:52:20'),
(247, 1, 6, 10, 2, 2.00000, 0.250000, '2026-02-14 10:37:37', '2026-02-15 15:52:20'),
(248, 1, 6, 10, 3, 2.00000, 0.100000, '2026-02-14 10:37:37', '2026-02-15 15:52:20'),
(249, 1, 6, 10, 4, 2.00000, 0.100000, '2026-02-14 10:37:37', '2026-02-15 15:52:20'),
(250, 1, 6, 10, 5, 2.00000, 0.400000, '2026-02-14 10:37:37', '2026-02-15 15:52:20'),
(251, 2, 9, 11, 6, 1.00000, 0.000000, '2026-02-15 20:05:03', '2026-02-15 20:27:39'),
(252, 2, 9, 11, 7, 3.00000, 1.000000, '2026-02-15 20:05:03', '2026-02-15 20:27:39'),
(253, 2, 9, 11, 8, 2.00000, 0.500000, '2026-02-15 20:05:03', '2026-02-15 20:27:39'),
(254, 2, 9, 12, 6, 2.00000, 0.250000, '2026-02-15 20:05:03', '2026-02-15 20:27:39'),
(255, 2, 9, 12, 7, 1.00000, 0.000000, '2026-02-15 20:05:03', '2026-02-15 20:27:39'),
(256, 2, 9, 12, 8, 1.00000, 0.000000, '2026-02-15 20:05:03', '2026-02-15 20:27:39'),
(257, 2, 9, 13, 6, 3.00000, 0.500000, '2026-02-15 20:05:03', '2026-02-15 20:27:39'),
(258, 2, 9, 13, 7, 2.00000, 0.500000, '2026-02-15 20:05:03', '2026-02-15 20:27:39'),
(259, 2, 9, 13, 8, 3.00000, 1.000000, '2026-02-15 20:05:03', '2026-02-15 20:27:39'),
(260, 2, 14, 11, 6, 1.00000, 0.000000, '2026-02-15 20:06:21', '2026-02-15 20:27:54'),
(261, 2, 14, 11, 7, 3.00000, 1.000000, '2026-02-15 20:06:21', '2026-02-15 20:27:54'),
(262, 2, 14, 11, 8, 1.00000, 0.000000, '2026-02-15 20:06:21', '2026-02-15 20:27:54'),
(263, 2, 14, 12, 6, 2.00000, 0.250000, '2026-02-15 20:06:21', '2026-02-15 20:27:54'),
(264, 2, 14, 12, 7, 1.00000, 0.000000, '2026-02-15 20:06:21', '2026-02-15 20:27:54'),
(265, 2, 14, 12, 8, 3.00000, 1.000000, '2026-02-15 20:06:21', '2026-02-15 20:27:54'),
(266, 2, 14, 13, 6, 3.00000, 0.500000, '2026-02-15 20:06:21', '2026-02-15 20:27:54'),
(267, 2, 14, 13, 7, 2.00000, 0.500000, '2026-02-15 20:06:21', '2026-02-15 20:27:54'),
(268, 2, 14, 13, 8, 2.00000, 0.500000, '2026-02-15 20:06:21', '2026-02-15 20:27:54'),
(269, 2, 11, 11, 6, 1.00000, 0.000000, '2026-02-15 20:06:50', '2026-02-15 20:28:17'),
(270, 2, 11, 11, 7, 2.00000, 0.500000, '2026-02-15 20:06:50', '2026-02-15 20:28:17'),
(271, 2, 11, 11, 8, 3.00000, 1.000000, '2026-02-15 20:06:50', '2026-02-15 20:28:17'),
(272, 2, 11, 12, 6, 2.00000, 0.250000, '2026-02-15 20:06:50', '2026-02-15 20:28:17'),
(273, 2, 11, 12, 7, 1.00000, 0.000000, '2026-02-15 20:06:50', '2026-02-15 20:28:17'),
(274, 2, 11, 12, 8, 2.00000, 0.500000, '2026-02-15 20:06:50', '2026-02-15 20:28:17'),
(275, 2, 11, 13, 6, 3.00000, 0.500000, '2026-02-15 20:06:50', '2026-02-15 20:28:17'),
(276, 2, 11, 13, 7, 3.00000, 1.000000, '2026-02-15 20:06:50', '2026-02-15 20:28:17'),
(277, 2, 11, 13, 8, 1.00000, 0.000000, '2026-02-15 20:06:50', '2026-02-15 20:28:17'),
(278, 3, 4, 14, 9, 5.00000, 1.000000, '2026-02-16 05:54:29', '2026-02-16 05:55:13'),
(279, 3, 4, 14, 10, 5.00000, 1.000000, '2026-02-16 05:54:29', '2026-02-16 05:55:13'),
(280, 3, 4, 14, 11, 4.00000, 0.550000, '2026-02-16 05:54:29', '2026-02-16 05:55:13'),
(281, 3, 4, 14, 12, 5.00000, 1.000000, '2026-02-16 05:54:29', '2026-02-16 05:55:13'),
(282, 3, 4, 14, 13, 4.00000, 0.900000, '2026-02-16 05:54:29', '2026-02-16 05:55:13'),
(283, 3, 4, 15, 9, 4.00000, 0.900000, '2026-02-16 05:54:29', '2026-02-16 05:55:13'),
(284, 3, 4, 15, 10, 5.00000, 1.000000, '2026-02-16 05:54:29', '2026-02-16 05:55:13'),
(285, 3, 4, 15, 11, 5.00000, 1.000000, '2026-02-16 05:54:29', '2026-02-16 05:55:13'),
(286, 3, 4, 15, 12, 4.00000, 0.550000, '2026-02-16 05:54:29', '2026-02-16 05:55:13'),
(287, 3, 4, 15, 13, 4.00000, 0.900000, '2026-02-16 05:54:29', '2026-02-16 05:55:13'),
(288, 3, 4, 16, 9, 4.00000, 0.900000, '2026-02-16 05:54:29', '2026-02-16 05:55:13'),
(289, 3, 4, 16, 10, 4.00000, 0.750000, '2026-02-16 05:54:29', '2026-02-16 05:55:13'),
(290, 3, 4, 16, 11, 4.00000, 0.550000, '2026-02-16 05:54:29', '2026-02-16 05:55:13'),
(291, 3, 4, 16, 12, 4.00000, 0.550000, '2026-02-16 05:54:29', '2026-02-16 05:55:13'),
(292, 3, 4, 16, 13, 4.00000, 0.900000, '2026-02-16 05:54:29', '2026-02-16 05:55:13'),
(293, 3, 4, 17, 9, 5.00000, 1.000000, '2026-02-16 05:54:29', '2026-02-16 05:55:13'),
(294, 3, 4, 17, 10, 4.00000, 0.750000, '2026-02-16 05:54:29', '2026-02-16 05:55:13'),
(295, 3, 4, 17, 11, 4.00000, 0.550000, '2026-02-16 05:54:29', '2026-02-16 05:55:13'),
(296, 3, 4, 17, 12, 5.00000, 1.000000, '2026-02-16 05:54:29', '2026-02-16 05:55:13'),
(297, 3, 4, 17, 13, 5.00000, 1.000000, '2026-02-16 05:54:29', '2026-02-16 05:55:13'),
(298, 3, 4, 18, 9, 4.00000, 0.900000, '2026-02-16 05:54:29', '2026-02-16 05:55:13'),
(299, 3, 4, 18, 10, 4.00000, 0.750000, '2026-02-16 05:54:29', '2026-02-16 05:55:13'),
(300, 3, 4, 18, 11, 4.00000, 0.550000, '2026-02-16 05:54:29', '2026-02-16 05:55:13'),
(301, 3, 4, 18, 12, 5.00000, 1.000000, '2026-02-16 05:54:29', '2026-02-16 05:55:13'),
(302, 3, 4, 18, 13, 4.00000, 0.900000, '2026-02-16 05:54:29', '2026-02-16 05:55:13'),
(303, 3, 4, 19, 9, 5.00000, 1.000000, '2026-02-16 05:54:29', '2026-02-16 05:55:13'),
(304, 3, 4, 19, 10, 4.00000, 0.750000, '2026-02-16 05:54:29', '2026-02-16 05:55:13'),
(305, 3, 4, 19, 11, 4.00000, 0.550000, '2026-02-16 05:54:29', '2026-02-16 05:55:13'),
(306, 3, 4, 19, 12, 4.00000, 0.550000, '2026-02-16 05:54:29', '2026-02-16 05:55:13'),
(307, 3, 4, 19, 13, 5.00000, 1.000000, '2026-02-16 05:54:29', '2026-02-16 05:55:13'),
(308, 3, 4, 20, 9, 4.00000, 0.900000, '2026-02-16 05:54:29', '2026-02-16 05:55:13'),
(309, 3, 4, 20, 10, 4.00000, 0.750000, '2026-02-16 05:54:29', '2026-02-16 05:55:13'),
(310, 3, 4, 20, 11, 4.00000, 0.550000, '2026-02-16 05:54:29', '2026-02-16 05:55:13'),
(311, 3, 4, 20, 12, 4.00000, 0.550000, '2026-02-16 05:54:29', '2026-02-16 05:55:13'),
(312, 3, 4, 20, 13, 5.00000, 1.000000, '2026-02-16 05:54:29', '2026-02-16 05:55:13'),
(313, 3, 4, 21, 9, 4.00000, 0.900000, '2026-02-16 05:54:29', '2026-02-16 05:55:13'),
(314, 3, 4, 21, 10, 4.00000, 0.750000, '2026-02-16 05:54:29', '2026-02-16 05:55:13'),
(315, 3, 4, 21, 11, 5.00000, 1.000000, '2026-02-16 05:54:29', '2026-02-16 05:55:13'),
(316, 3, 4, 21, 12, 5.00000, 1.000000, '2026-02-16 05:54:29', '2026-02-16 05:55:13'),
(317, 3, 4, 21, 13, 5.00000, 1.000000, '2026-02-16 05:54:29', '2026-02-16 05:55:13'),
(318, 3, 4, 22, 9, 5.00000, 1.000000, '2026-02-16 05:54:29', '2026-02-16 05:55:13'),
(319, 3, 4, 22, 10, 4.00000, 0.750000, '2026-02-16 05:54:29', '2026-02-16 05:55:13'),
(320, 3, 4, 22, 11, 4.00000, 0.550000, '2026-02-16 05:54:29', '2026-02-16 05:55:13'),
(321, 3, 4, 22, 12, 5.00000, 1.000000, '2026-02-16 05:54:29', '2026-02-16 05:55:13'),
(322, 3, 4, 22, 13, 5.00000, 1.000000, '2026-02-16 05:54:29', '2026-02-16 05:55:13'),
(323, 3, 4, 23, 9, 4.00000, 0.900000, '2026-02-16 05:54:29', '2026-02-16 05:55:13'),
(324, 3, 4, 23, 10, 4.00000, 0.750000, '2026-02-16 05:54:29', '2026-02-16 05:55:13'),
(325, 3, 4, 23, 11, 4.00000, 0.550000, '2026-02-16 05:54:29', '2026-02-16 05:55:13'),
(326, 3, 4, 23, 12, 4.00000, 0.550000, '2026-02-16 05:54:29', '2026-02-16 05:55:13'),
(327, 3, 4, 23, 13, 4.00000, 0.900000, '2026-02-16 05:54:29', '2026-02-16 05:55:13'),
(328, 3, 4, 24, 9, 4.00000, 0.900000, '2026-02-16 05:54:29', '2026-02-16 05:55:13'),
(329, 3, 4, 24, 10, 4.00000, 0.750000, '2026-02-16 05:54:29', '2026-02-16 05:55:13'),
(330, 3, 4, 24, 11, 4.00000, 0.550000, '2026-02-16 05:54:29', '2026-02-16 05:55:13'),
(331, 3, 4, 24, 12, 4.00000, 0.550000, '2026-02-16 05:54:29', '2026-02-16 05:55:13'),
(332, 3, 4, 24, 13, 5.00000, 1.000000, '2026-02-16 05:54:29', '2026-02-16 05:55:13'),
(333, 3, 4, 25, 9, 4.00000, 0.900000, '2026-02-16 05:54:29', '2026-02-16 05:55:13'),
(334, 3, 4, 25, 10, 4.00000, 0.750000, '2026-02-16 05:54:29', '2026-02-16 05:55:13'),
(335, 3, 4, 25, 11, 4.00000, 0.550000, '2026-02-16 05:54:29', '2026-02-16 05:55:13'),
(336, 3, 4, 25, 12, 4.00000, 0.550000, '2026-02-16 05:54:29', '2026-02-16 05:55:13'),
(337, 3, 4, 25, 13, 4.00000, 0.900000, '2026-02-16 05:54:29', '2026-02-16 05:55:13'),
(338, 3, 4, 26, 9, 4.00000, 0.900000, '2026-02-16 05:54:29', '2026-02-16 05:55:13'),
(339, 3, 4, 26, 10, 4.00000, 0.750000, '2026-02-16 05:54:29', '2026-02-16 05:55:13'),
(340, 3, 4, 26, 11, 4.00000, 0.550000, '2026-02-16 05:54:29', '2026-02-16 05:55:13'),
(341, 3, 4, 26, 12, 4.00000, 0.550000, '2026-02-16 05:54:29', '2026-02-16 05:55:13'),
(342, 3, 4, 26, 13, 4.00000, 0.900000, '2026-02-16 05:54:29', '2026-02-16 05:55:13'),
(343, 3, 4, 27, 9, 4.00000, 0.900000, '2026-02-16 05:54:29', '2026-02-16 05:55:13'),
(344, 3, 4, 27, 10, 4.00000, 0.750000, '2026-02-16 05:54:29', '2026-02-16 05:55:13'),
(345, 3, 4, 27, 11, 4.00000, 0.550000, '2026-02-16 05:54:29', '2026-02-16 05:55:13'),
(346, 3, 4, 27, 12, 4.00000, 0.550000, '2026-02-16 05:54:29', '2026-02-16 05:55:13'),
(347, 3, 4, 27, 13, 4.00000, 0.900000, '2026-02-16 05:54:29', '2026-02-16 05:55:13'),
(348, 3, 4, 28, 9, 5.00000, 1.000000, '2026-02-16 05:54:29', '2026-02-16 05:55:13'),
(349, 3, 4, 28, 10, 4.00000, 0.750000, '2026-02-16 05:54:29', '2026-02-16 05:55:13'),
(350, 3, 4, 28, 11, 5.00000, 1.000000, '2026-02-16 05:54:29', '2026-02-16 05:55:13'),
(351, 3, 4, 28, 12, 4.00000, 0.550000, '2026-02-16 05:54:29', '2026-02-16 05:55:13'),
(352, 3, 4, 28, 13, 5.00000, 1.000000, '2026-02-16 05:54:29', '2026-02-16 05:55:13'),
(353, 3, 4, 29, 9, 5.00000, 1.000000, '2026-02-16 05:54:29', '2026-02-16 05:55:13'),
(354, 3, 4, 29, 10, 5.00000, 1.000000, '2026-02-16 05:54:29', '2026-02-16 05:55:13'),
(355, 3, 4, 29, 11, 4.00000, 0.550000, '2026-02-16 05:54:29', '2026-02-16 05:55:13'),
(356, 3, 4, 29, 12, 5.00000, 1.000000, '2026-02-16 05:54:29', '2026-02-16 05:55:13'),
(357, 3, 4, 29, 13, 4.00000, 0.900000, '2026-02-16 05:54:29', '2026-02-16 05:55:13'),
(358, 3, 4, 30, 9, 4.00000, 0.900000, '2026-02-16 05:54:29', '2026-02-16 05:55:13'),
(359, 3, 4, 30, 10, 4.00000, 0.750000, '2026-02-16 05:54:29', '2026-02-16 05:55:13'),
(360, 3, 4, 30, 11, 4.00000, 0.550000, '2026-02-16 05:54:29', '2026-02-16 05:55:13'),
(361, 3, 4, 30, 12, 4.00000, 0.550000, '2026-02-16 05:54:29', '2026-02-16 05:55:13'),
(362, 3, 4, 30, 13, 4.00000, 0.900000, '2026-02-16 05:54:29', '2026-02-16 05:55:13'),
(363, 3, 4, 31, 9, 5.00000, 1.000000, '2026-02-16 05:54:29', '2026-02-16 05:55:13'),
(364, 3, 4, 31, 10, 5.00000, 1.000000, '2026-02-16 05:54:29', '2026-02-16 05:55:13'),
(365, 3, 4, 31, 11, 4.00000, 0.550000, '2026-02-16 05:54:29', '2026-02-16 05:55:13'),
(366, 3, 4, 31, 12, 4.00000, 0.550000, '2026-02-16 05:54:29', '2026-02-16 05:55:13'),
(367, 3, 4, 31, 13, 5.00000, 1.000000, '2026-02-16 05:54:29', '2026-02-16 05:55:13'),
(368, 3, 4, 32, 9, 4.00000, 0.900000, '2026-02-16 05:54:29', '2026-02-16 05:55:13'),
(369, 3, 4, 32, 10, 4.00000, 0.750000, '2026-02-16 05:54:29', '2026-02-16 05:55:13'),
(370, 3, 4, 32, 11, 4.00000, 0.550000, '2026-02-16 05:54:29', '2026-02-16 05:55:13'),
(371, 3, 4, 32, 12, 4.00000, 0.550000, '2026-02-16 05:54:29', '2026-02-16 05:55:13'),
(372, 3, 4, 32, 13, 4.00000, 0.900000, '2026-02-16 05:54:29', '2026-02-16 05:55:13'),
(373, 3, 4, 33, 9, 4.00000, 0.900000, '2026-02-16 05:54:29', '2026-02-16 05:55:13'),
(374, 3, 4, 33, 10, 4.00000, 0.750000, '2026-02-16 05:54:29', '2026-02-16 05:55:13'),
(375, 3, 4, 33, 11, 4.00000, 0.550000, '2026-02-16 05:54:29', '2026-02-16 05:55:13'),
(376, 3, 4, 33, 12, 4.00000, 0.550000, '2026-02-16 05:54:29', '2026-02-16 05:55:13'),
(377, 3, 4, 33, 13, 4.00000, 0.900000, '2026-02-16 05:54:29', '2026-02-16 05:55:13'),
(378, 3, 4, 34, 9, 5.00000, 1.000000, '2026-02-16 05:54:29', '2026-02-16 05:55:13'),
(379, 3, 4, 34, 10, 4.00000, 0.750000, '2026-02-16 05:54:29', '2026-02-16 05:55:13'),
(380, 3, 4, 34, 11, 4.00000, 0.550000, '2026-02-16 05:54:29', '2026-02-16 05:55:13'),
(381, 3, 4, 34, 12, 4.00000, 0.550000, '2026-02-16 05:54:29', '2026-02-16 05:55:13'),
(382, 3, 4, 34, 13, 5.00000, 1.000000, '2026-02-16 05:54:29', '2026-02-16 05:55:13'),
(383, 3, 4, 35, 9, 4.00000, 0.900000, '2026-02-16 05:54:29', '2026-02-16 05:55:13'),
(384, 3, 4, 35, 10, 5.00000, 1.000000, '2026-02-16 05:54:29', '2026-02-16 05:55:13'),
(385, 3, 4, 35, 11, 4.00000, 0.550000, '2026-02-16 05:54:29', '2026-02-16 05:55:13'),
(386, 3, 4, 35, 12, 4.00000, 0.550000, '2026-02-16 05:54:29', '2026-02-16 05:55:13'),
(387, 3, 4, 35, 13, 4.00000, 0.900000, '2026-02-16 05:54:29', '2026-02-16 05:55:13'),
(388, 3, 4, 36, 9, 4.00000, 0.900000, '2026-02-16 05:54:29', '2026-02-16 05:55:13'),
(389, 3, 4, 36, 10, 4.00000, 0.750000, '2026-02-16 05:54:29', '2026-02-16 05:55:13'),
(390, 3, 4, 36, 11, 4.00000, 0.550000, '2026-02-16 05:54:29', '2026-02-16 05:55:13'),
(391, 3, 4, 36, 12, 4.00000, 0.550000, '2026-02-16 05:54:29', '2026-02-16 05:55:13'),
(392, 3, 4, 36, 13, 5.00000, 1.000000, '2026-02-16 05:54:29', '2026-02-16 05:55:13'),
(393, 3, 4, 37, 9, 4.00000, 0.900000, '2026-02-16 05:54:29', '2026-02-16 05:55:13'),
(394, 3, 4, 37, 10, 4.00000, 0.750000, '2026-02-16 05:54:29', '2026-02-16 05:55:13'),
(395, 3, 4, 37, 11, 4.00000, 0.550000, '2026-02-16 05:54:29', '2026-02-16 05:55:13'),
(396, 3, 4, 37, 12, 5.00000, 1.000000, '2026-02-16 05:54:29', '2026-02-16 05:55:13'),
(397, 3, 4, 37, 13, 5.00000, 1.000000, '2026-02-16 05:54:29', '2026-02-16 05:55:13'),
(398, 3, 4, 38, 9, 5.00000, 1.000000, '2026-02-16 05:54:29', '2026-02-16 05:55:13'),
(399, 3, 4, 38, 10, 5.00000, 1.000000, '2026-02-16 05:54:29', '2026-02-16 05:55:13'),
(400, 3, 4, 38, 11, 4.00000, 0.550000, '2026-02-16 05:54:29', '2026-02-16 05:55:13'),
(401, 3, 4, 38, 12, 4.00000, 0.550000, '2026-02-16 05:54:29', '2026-02-16 05:55:13'),
(402, 3, 4, 38, 13, 5.00000, 1.000000, '2026-02-16 05:54:29', '2026-02-16 05:55:13'),
(403, 3, 4, 39, 9, 4.00000, 0.900000, '2026-02-16 05:54:29', '2026-02-16 05:55:13'),
(404, 3, 4, 39, 10, 4.00000, 0.750000, '2026-02-16 05:54:29', '2026-02-16 05:55:13'),
(405, 3, 4, 39, 11, 4.00000, 0.550000, '2026-02-16 05:54:29', '2026-02-16 05:55:13'),
(406, 3, 4, 39, 12, 4.00000, 0.550000, '2026-02-16 05:54:29', '2026-02-16 05:55:13'),
(407, 3, 4, 39, 13, 4.00000, 0.900000, '2026-02-16 05:54:29', '2026-02-16 05:55:13'),
(408, 3, 4, 40, 9, 4.00000, 0.900000, '2026-02-16 05:54:29', '2026-02-16 05:55:13'),
(409, 3, 4, 40, 10, 4.00000, 0.750000, '2026-02-16 05:54:29', '2026-02-16 05:55:13'),
(410, 3, 4, 40, 11, 4.00000, 0.550000, '2026-02-16 05:54:29', '2026-02-16 05:55:13'),
(411, 3, 4, 40, 12, 4.00000, 0.550000, '2026-02-16 05:54:29', '2026-02-16 05:55:13'),
(412, 3, 4, 40, 13, 4.00000, 0.900000, '2026-02-16 05:54:29', '2026-02-16 05:55:13'),
(413, 3, 4, 41, 9, 4.00000, 0.900000, '2026-02-16 05:54:29', '2026-02-16 05:55:13'),
(414, 3, 4, 41, 10, 5.00000, 1.000000, '2026-02-16 05:54:29', '2026-02-16 05:55:13'),
(415, 3, 4, 41, 11, 5.00000, 1.000000, '2026-02-16 05:54:29', '2026-02-16 05:55:13'),
(416, 3, 4, 41, 12, 5.00000, 1.000000, '2026-02-16 05:54:29', '2026-02-16 05:55:13'),
(417, 3, 4, 41, 13, 4.00000, 0.900000, '2026-02-16 05:54:29', '2026-02-16 05:55:13'),
(418, 3, 4, 42, 9, 4.00000, 0.900000, '2026-02-16 05:54:29', '2026-02-16 05:55:13'),
(419, 3, 4, 42, 10, 4.00000, 0.750000, '2026-02-16 05:54:29', '2026-02-16 05:55:13'),
(420, 3, 4, 42, 11, 4.00000, 0.550000, '2026-02-16 05:54:29', '2026-02-16 05:55:13'),
(421, 3, 4, 42, 12, 4.00000, 0.550000, '2026-02-16 05:54:29', '2026-02-16 05:55:13'),
(422, 3, 4, 42, 13, 4.00000, 0.900000, '2026-02-16 05:54:29', '2026-02-16 05:55:13'),
(423, 3, 4, 43, 9, 4.00000, 0.900000, '2026-02-16 05:54:29', '2026-02-16 05:55:13'),
(424, 3, 4, 43, 10, 4.00000, 0.750000, '2026-02-16 05:54:29', '2026-02-16 05:55:13'),
(425, 3, 4, 43, 11, 4.00000, 0.550000, '2026-02-16 05:54:29', '2026-02-16 05:55:13'),
(426, 3, 4, 43, 12, 4.00000, 0.550000, '2026-02-16 05:54:29', '2026-02-16 05:55:13'),
(427, 3, 4, 43, 13, 4.00000, 0.900000, '2026-02-16 05:54:29', '2026-02-16 05:55:13'),
(428, 3, 4, 44, 9, 4.00000, 0.900000, '2026-02-16 05:54:29', '2026-02-16 05:55:13'),
(429, 3, 4, 44, 10, 4.00000, 0.750000, '2026-02-16 05:54:29', '2026-02-16 05:55:13'),
(430, 3, 4, 44, 11, 4.00000, 0.550000, '2026-02-16 05:54:29', '2026-02-16 05:55:13'),
(431, 3, 4, 44, 12, 4.00000, 0.550000, '2026-02-16 05:54:29', '2026-02-16 05:55:13'),
(432, 3, 4, 44, 13, 5.00000, 1.000000, '2026-02-16 05:54:29', '2026-02-16 05:55:13'),
(433, 3, 4, 45, 9, 5.00000, 1.000000, '2026-02-16 05:54:29', '2026-02-16 05:55:13'),
(434, 3, 4, 45, 10, 4.00000, 0.750000, '2026-02-16 05:54:29', '2026-02-16 05:55:13'),
(435, 3, 4, 45, 11, 4.00000, 0.550000, '2026-02-16 05:54:29', '2026-02-16 05:55:13'),
(436, 3, 4, 45, 12, 4.00000, 0.550000, '2026-02-16 05:54:29', '2026-02-16 05:55:13'),
(437, 3, 4, 45, 13, 4.00000, 0.900000, '2026-02-16 05:54:29', '2026-02-16 05:55:13'),
(438, 3, 5, 14, 9, 4.00000, 0.900000, '2026-02-16 05:54:29', '2026-02-16 06:32:07'),
(439, 3, 5, 14, 10, 4.00000, 0.750000, '2026-02-16 05:54:29', '2026-02-16 06:32:07'),
(440, 3, 5, 14, 11, 4.00000, 0.550000, '2026-02-16 05:54:29', '2026-02-16 06:32:07'),
(441, 3, 5, 14, 12, 4.00000, 0.550000, '2026-02-16 05:54:29', '2026-02-16 06:32:07'),
(442, 3, 5, 14, 13, 5.00000, 1.000000, '2026-02-16 05:54:29', '2026-02-16 06:32:07'),
(443, 3, 5, 15, 9, 3.00000, 0.700000, '2026-02-16 05:54:29', '2026-02-16 06:32:07'),
(444, 3, 5, 15, 10, 2.00000, 0.250000, '2026-02-16 05:54:29', '2026-02-16 06:32:07'),
(445, 3, 5, 15, 11, 5.00000, 1.000000, '2026-02-16 05:54:29', '2026-02-16 06:32:07'),
(446, 3, 5, 15, 12, 4.00000, 0.550000, '2026-02-16 05:54:29', '2026-02-16 06:32:07'),
(447, 3, 5, 15, 13, 4.00000, 0.900000, '2026-02-16 05:54:29', '2026-02-16 06:32:07'),
(448, 3, 5, 16, 9, 3.00000, 0.700000, '2026-02-16 05:54:29', '2026-02-16 06:32:07'),
(449, 3, 5, 16, 10, 3.00000, 0.500000, '2026-02-16 05:54:29', '2026-02-16 06:32:07'),
(450, 3, 5, 16, 11, 3.00000, 0.250000, '2026-02-16 05:54:29', '2026-02-16 06:32:07'),
(451, 3, 5, 16, 12, 4.00000, 0.550000, '2026-02-16 05:54:29', '2026-02-16 06:32:07'),
(452, 3, 5, 16, 13, 4.00000, 0.900000, '2026-02-16 05:54:29', '2026-02-16 06:32:07'),
(453, 3, 5, 17, 9, 4.00000, 0.900000, '2026-02-16 05:54:29', '2026-02-16 06:32:07'),
(454, 3, 5, 17, 10, 3.00000, 0.500000, '2026-02-16 05:54:29', '2026-02-16 06:32:07'),
(455, 3, 5, 17, 11, 2.00000, 0.100000, '2026-02-16 05:54:29', '2026-02-16 06:32:07'),
(456, 3, 5, 17, 12, 3.00000, 0.250000, '2026-02-16 05:54:29', '2026-02-16 06:32:07'),
(457, 3, 5, 17, 13, 4.00000, 0.900000, '2026-02-16 05:54:29', '2026-02-16 06:32:07'),
(458, 3, 5, 18, 9, 2.00000, 0.400000, '2026-02-16 05:54:29', '2026-02-16 06:32:07'),
(459, 3, 5, 18, 10, 2.00000, 0.250000, '2026-02-16 05:54:29', '2026-02-16 06:32:07'),
(460, 3, 5, 18, 11, 3.00000, 0.250000, '2026-02-16 05:54:29', '2026-02-16 06:32:07'),
(461, 3, 5, 18, 12, 3.00000, 0.250000, '2026-02-16 05:54:29', '2026-02-16 06:32:07'),
(462, 3, 5, 18, 13, 5.00000, 1.000000, '2026-02-16 05:54:29', '2026-02-16 06:32:07'),
(463, 3, 5, 19, 9, 4.00000, 0.900000, '2026-02-16 05:54:29', '2026-02-16 06:32:07'),
(464, 3, 5, 19, 10, 4.00000, 0.750000, '2026-02-16 05:54:29', '2026-02-16 06:32:07'),
(465, 3, 5, 19, 11, 3.00000, 0.250000, '2026-02-16 05:54:29', '2026-02-16 06:32:07'),
(466, 3, 5, 19, 12, 3.00000, 0.250000, '2026-02-16 05:54:29', '2026-02-16 06:32:07'),
(467, 3, 5, 19, 13, 4.00000, 0.900000, '2026-02-16 05:54:29', '2026-02-16 06:32:07'),
(468, 3, 5, 20, 9, 5.00000, 1.000000, '2026-02-16 05:54:29', '2026-02-16 06:32:07'),
(469, 3, 5, 20, 10, 5.00000, 1.000000, '2026-02-16 05:54:29', '2026-02-16 06:32:07'),
(470, 3, 5, 20, 11, 5.00000, 1.000000, '2026-02-16 05:54:29', '2026-02-16 06:32:07'),
(471, 3, 5, 20, 12, 5.00000, 1.000000, '2026-02-16 05:54:29', '2026-02-16 06:32:07'),
(472, 3, 5, 20, 13, 5.00000, 1.000000, '2026-02-16 05:54:29', '2026-02-16 06:32:07'),
(473, 3, 5, 21, 9, 3.00000, 0.700000, '2026-02-16 05:54:29', '2026-02-16 06:32:07'),
(474, 3, 5, 21, 10, 2.00000, 0.250000, '2026-02-16 05:54:29', '2026-02-16 06:32:08'),
(475, 3, 5, 21, 11, 2.00000, 0.100000, '2026-02-16 05:54:29', '2026-02-16 06:32:08'),
(476, 3, 5, 21, 12, 4.00000, 0.550000, '2026-02-16 05:54:29', '2026-02-16 06:32:08'),
(477, 3, 5, 21, 13, 4.00000, 0.900000, '2026-02-16 05:54:29', '2026-02-16 06:32:08'),
(478, 3, 5, 22, 9, 5.00000, 1.000000, '2026-02-16 05:54:29', '2026-02-16 06:32:08'),
(479, 3, 5, 22, 10, 5.00000, 1.000000, '2026-02-16 05:54:29', '2026-02-16 06:32:08'),
(480, 3, 5, 22, 11, 5.00000, 1.000000, '2026-02-16 05:54:29', '2026-02-16 06:32:08'),
(481, 3, 5, 22, 12, 5.00000, 1.000000, '2026-02-16 05:54:29', '2026-02-16 06:32:08'),
(482, 3, 5, 22, 13, 5.00000, 1.000000, '2026-02-16 05:54:29', '2026-02-16 06:32:08'),
(483, 3, 5, 23, 9, 4.00000, 0.900000, '2026-02-16 05:54:29', '2026-02-16 06:32:08'),
(484, 3, 5, 23, 10, 4.00000, 0.750000, '2026-02-16 05:54:29', '2026-02-16 06:32:08'),
(485, 3, 5, 23, 11, 3.00000, 0.250000, '2026-02-16 05:54:29', '2026-02-16 06:32:08'),
(486, 3, 5, 23, 12, 3.00000, 0.250000, '2026-02-16 05:54:29', '2026-02-16 06:32:08'),
(487, 3, 5, 23, 13, 3.00000, 0.700000, '2026-02-16 05:54:29', '2026-02-16 06:32:08'),
(488, 3, 5, 24, 9, 4.00000, 0.900000, '2026-02-16 05:54:29', '2026-02-16 06:32:08'),
(489, 3, 5, 24, 10, 2.00000, 0.250000, '2026-02-16 05:54:29', '2026-02-16 06:32:08'),
(490, 3, 5, 24, 11, 5.00000, 1.000000, '2026-02-16 05:54:29', '2026-02-16 06:32:08'),
(491, 3, 5, 24, 12, 5.00000, 1.000000, '2026-02-16 05:54:29', '2026-02-16 06:32:08'),
(492, 3, 5, 24, 13, 5.00000, 1.000000, '2026-02-16 05:54:29', '2026-02-16 06:32:08'),
(493, 3, 5, 25, 9, 4.00000, 0.900000, '2026-02-16 05:54:29', '2026-02-16 06:32:08'),
(494, 3, 5, 25, 10, 4.00000, 0.750000, '2026-02-16 05:54:29', '2026-02-16 06:32:08'),
(495, 3, 5, 25, 11, 4.00000, 0.550000, '2026-02-16 05:54:29', '2026-02-16 06:32:08'),
(496, 3, 5, 25, 12, 4.00000, 0.550000, '2026-02-16 05:54:29', '2026-02-16 06:32:08'),
(497, 3, 5, 25, 13, 4.00000, 0.900000, '2026-02-16 05:54:29', '2026-02-16 06:32:08'),
(498, 3, 5, 26, 9, 4.00000, 0.900000, '2026-02-16 05:54:29', '2026-02-16 06:32:08'),
(499, 3, 5, 26, 10, 2.00000, 0.250000, '2026-02-16 05:54:29', '2026-02-16 06:32:08'),
(500, 3, 5, 26, 11, 2.00000, 0.100000, '2026-02-16 05:54:29', '2026-02-16 06:32:08'),
(501, 3, 5, 26, 12, 3.00000, 0.250000, '2026-02-16 05:54:29', '2026-02-16 06:32:08'),
(502, 3, 5, 26, 13, 2.00000, 0.400000, '2026-02-16 05:54:29', '2026-02-16 06:32:08'),
(503, 3, 5, 27, 9, 4.00000, 0.900000, '2026-02-16 05:54:29', '2026-02-16 06:32:08'),
(504, 3, 5, 27, 10, 4.00000, 0.750000, '2026-02-16 05:54:29', '2026-02-16 06:32:08'),
(505, 3, 5, 27, 11, 3.00000, 0.250000, '2026-02-16 05:54:29', '2026-02-16 06:32:08'),
(506, 3, 5, 27, 12, 5.00000, 1.000000, '2026-02-16 05:54:29', '2026-02-16 06:32:08'),
(507, 3, 5, 27, 13, 5.00000, 1.000000, '2026-02-16 05:54:29', '2026-02-16 06:32:08'),
(508, 3, 5, 28, 9, 5.00000, 1.000000, '2026-02-16 05:54:29', '2026-02-16 06:32:08'),
(509, 3, 5, 28, 10, 4.00000, 0.750000, '2026-02-16 05:54:29', '2026-02-16 06:32:08'),
(510, 3, 5, 28, 11, 4.00000, 0.550000, '2026-02-16 05:54:29', '2026-02-16 06:32:08'),
(511, 3, 5, 28, 12, 4.00000, 0.550000, '2026-02-16 05:54:29', '2026-02-16 06:32:08'),
(512, 3, 5, 28, 13, 3.00000, 0.700000, '2026-02-16 05:54:29', '2026-02-16 06:32:08'),
(513, 3, 5, 29, 9, 2.00000, 0.400000, '2026-02-16 05:54:29', '2026-02-16 06:32:08'),
(514, 3, 5, 29, 10, 2.00000, 0.250000, '2026-02-16 05:54:29', '2026-02-16 06:32:08'),
(515, 3, 5, 29, 11, 2.00000, 0.100000, '2026-02-16 05:54:29', '2026-02-16 06:32:08'),
(516, 3, 5, 29, 12, 2.00000, 0.110000, '2026-02-16 05:54:29', '2026-02-16 06:32:08'),
(517, 3, 5, 29, 13, 3.00000, 0.700000, '2026-02-16 05:54:29', '2026-02-16 06:32:08'),
(518, 3, 5, 30, 9, 4.00000, 0.900000, '2026-02-16 05:54:29', '2026-02-16 06:32:08'),
(519, 3, 5, 30, 10, 4.00000, 0.750000, '2026-02-16 05:54:29', '2026-02-16 06:32:08'),
(520, 3, 5, 30, 11, 4.00000, 0.550000, '2026-02-16 05:54:29', '2026-02-16 06:32:08'),
(521, 3, 5, 30, 12, 4.00000, 0.550000, '2026-02-16 05:54:29', '2026-02-16 06:32:08'),
(522, 3, 5, 30, 13, 4.00000, 0.900000, '2026-02-16 05:54:29', '2026-02-16 06:32:08'),
(523, 3, 5, 31, 9, 4.00000, 0.900000, '2026-02-16 05:54:29', '2026-02-16 06:32:08'),
(524, 3, 5, 31, 10, 4.00000, 0.750000, '2026-02-16 05:54:29', '2026-02-16 06:32:08'),
(525, 3, 5, 31, 11, 5.00000, 1.000000, '2026-02-16 05:54:29', '2026-02-16 06:32:08'),
(526, 3, 5, 31, 12, 4.00000, 0.550000, '2026-02-16 05:54:29', '2026-02-16 06:32:08'),
(527, 3, 5, 31, 13, 4.00000, 0.900000, '2026-02-16 05:54:29', '2026-02-16 06:32:08'),
(528, 3, 5, 32, 9, 4.00000, 0.900000, '2026-02-16 05:54:29', '2026-02-16 06:32:08'),
(529, 3, 5, 32, 10, 2.00000, 0.250000, '2026-02-16 05:54:29', '2026-02-16 06:32:08'),
(530, 3, 5, 32, 11, 3.00000, 0.250000, '2026-02-16 05:54:29', '2026-02-16 06:32:08'),
(531, 3, 5, 32, 12, 3.00000, 0.250000, '2026-02-16 05:54:29', '2026-02-16 06:32:08'),
(532, 3, 5, 32, 13, 4.00000, 0.900000, '2026-02-16 05:54:29', '2026-02-16 06:32:08'),
(533, 3, 5, 33, 9, 4.00000, 0.900000, '2026-02-16 05:54:29', '2026-02-16 06:32:08'),
(534, 3, 5, 33, 10, 4.00000, 0.750000, '2026-02-16 05:54:29', '2026-02-16 06:32:08'),
(535, 3, 5, 33, 11, 4.00000, 0.550000, '2026-02-16 05:54:29', '2026-02-16 06:32:08'),
(536, 3, 5, 33, 12, 4.00000, 0.550000, '2026-02-16 05:54:29', '2026-02-16 06:32:08'),
(537, 3, 5, 33, 13, 5.00000, 1.000000, '2026-02-16 05:54:29', '2026-02-16 06:32:08'),
(538, 3, 5, 34, 9, 2.00000, 0.400000, '2026-02-16 05:54:29', '2026-02-16 06:32:08'),
(539, 3, 5, 34, 10, 5.00000, 1.000000, '2026-02-16 05:54:29', '2026-02-16 06:32:08'),
(540, 3, 5, 34, 11, 4.00000, 0.550000, '2026-02-16 05:54:29', '2026-02-16 06:32:08'),
(541, 3, 5, 34, 12, 4.00000, 0.550000, '2026-02-16 05:54:29', '2026-02-16 06:32:08'),
(542, 3, 5, 34, 13, 3.00000, 0.700000, '2026-02-16 05:54:29', '2026-02-16 06:32:08'),
(543, 3, 5, 35, 9, 4.00000, 0.900000, '2026-02-16 05:54:29', '2026-02-16 06:32:08'),
(544, 3, 5, 35, 10, 2.00000, 0.250000, '2026-02-16 05:54:29', '2026-02-16 06:32:08'),
(545, 3, 5, 35, 11, 4.00000, 0.550000, '2026-02-16 05:54:29', '2026-02-16 06:32:08'),
(546, 3, 5, 35, 12, 4.00000, 0.550000, '2026-02-16 05:54:29', '2026-02-16 06:32:08'),
(547, 3, 5, 35, 13, 5.00000, 1.000000, '2026-02-16 05:54:29', '2026-02-16 06:32:08'),
(548, 3, 5, 36, 9, 2.00000, 0.400000, '2026-02-16 05:54:29', '2026-02-16 06:32:08'),
(549, 3, 5, 36, 10, 2.00000, 0.250000, '2026-02-16 05:54:29', '2026-02-16 06:32:08'),
(550, 3, 5, 36, 11, 2.00000, 0.100000, '2026-02-16 05:54:29', '2026-02-16 06:32:08'),
(551, 3, 5, 36, 12, 5.00000, 1.000000, '2026-02-16 05:54:29', '2026-02-16 06:32:08'),
(552, 3, 5, 36, 13, 5.00000, 1.000000, '2026-02-16 05:54:29', '2026-02-16 06:32:08'),
(553, 3, 5, 37, 9, 2.00000, 0.400000, '2026-02-16 05:54:29', '2026-02-16 06:32:08'),
(554, 3, 5, 37, 10, 2.00000, 0.250000, '2026-02-16 05:54:29', '2026-02-16 06:32:08'),
(555, 3, 5, 37, 11, 2.00000, 0.100000, '2026-02-16 05:54:29', '2026-02-16 06:32:08'),
(556, 3, 5, 37, 12, 4.00000, 0.550000, '2026-02-16 05:54:29', '2026-02-16 06:32:08'),
(557, 3, 5, 37, 13, 4.00000, 0.900000, '2026-02-16 05:54:29', '2026-02-16 06:32:08'),
(558, 3, 5, 38, 9, 4.00000, 0.900000, '2026-02-16 05:54:29', '2026-02-16 06:32:08'),
(559, 3, 5, 38, 10, 3.00000, 0.500000, '2026-02-16 05:54:29', '2026-02-16 06:32:08'),
(560, 3, 5, 38, 11, 2.00000, 0.100000, '2026-02-16 05:54:29', '2026-02-16 06:32:08'),
(561, 3, 5, 38, 12, 3.00000, 0.250000, '2026-02-16 05:54:29', '2026-02-16 06:32:08'),
(562, 3, 5, 38, 13, 4.00000, 0.900000, '2026-02-16 05:54:29', '2026-02-16 06:32:08'),
(563, 3, 5, 39, 9, 3.00000, 0.700000, '2026-02-16 05:54:29', '2026-02-16 06:32:08'),
(564, 3, 5, 39, 10, 4.00000, 0.750000, '2026-02-16 05:54:29', '2026-02-16 06:32:08'),
(565, 3, 5, 39, 11, 3.00000, 0.250000, '2026-02-16 05:54:29', '2026-02-16 06:32:08'),
(566, 3, 5, 39, 12, 3.00000, 0.250000, '2026-02-16 05:54:29', '2026-02-16 06:32:08'),
(567, 3, 5, 39, 13, 4.00000, 0.900000, '2026-02-16 05:54:29', '2026-02-16 06:32:08'),
(568, 3, 5, 40, 9, 4.00000, 0.900000, '2026-02-16 05:54:29', '2026-02-16 06:32:08'),
(569, 3, 5, 40, 10, 4.00000, 0.750000, '2026-02-16 05:54:29', '2026-02-16 06:32:08'),
(570, 3, 5, 40, 11, 4.00000, 0.550000, '2026-02-16 05:54:29', '2026-02-16 06:32:08'),
(571, 3, 5, 40, 12, 3.00000, 0.250000, '2026-02-16 05:54:29', '2026-02-16 06:32:08'),
(572, 3, 5, 40, 13, 4.00000, 0.900000, '2026-02-16 05:54:29', '2026-02-16 06:32:08'),
(573, 3, 5, 41, 9, 3.00000, 0.700000, '2026-02-16 05:54:29', '2026-02-16 06:32:08'),
(574, 3, 5, 41, 10, 3.00000, 0.500000, '2026-02-16 05:54:29', '2026-02-16 06:32:08'),
(575, 3, 5, 41, 11, 3.00000, 0.250000, '2026-02-16 05:54:29', '2026-02-16 06:32:08'),
(576, 3, 5, 41, 12, 3.00000, 0.250000, '2026-02-16 05:54:29', '2026-02-16 06:32:08'),
(577, 3, 5, 41, 13, 3.00000, 0.700000, '2026-02-16 05:54:29', '2026-02-16 06:32:08'),
(578, 3, 5, 42, 9, 3.00000, 0.700000, '2026-02-16 05:54:29', '2026-02-16 06:32:08'),
(579, 3, 5, 42, 10, 4.00000, 0.750000, '2026-02-16 05:54:29', '2026-02-16 06:32:08'),
(580, 3, 5, 42, 11, 2.00000, 0.100000, '2026-02-16 05:54:29', '2026-02-16 06:32:08'),
(581, 3, 5, 42, 12, 2.00000, 0.110000, '2026-02-16 05:54:29', '2026-02-16 06:32:08'),
(582, 3, 5, 42, 13, 3.00000, 0.700000, '2026-02-16 05:54:29', '2026-02-16 06:32:08'),
(583, 3, 5, 43, 9, 5.00000, 1.000000, '2026-02-16 05:54:29', '2026-02-16 06:32:08'),
(584, 3, 5, 43, 10, 5.00000, 1.000000, '2026-02-16 05:54:29', '2026-02-16 06:32:08'),
(585, 3, 5, 43, 11, 2.00000, 0.100000, '2026-02-16 05:54:29', '2026-02-16 06:32:08'),
(586, 3, 5, 43, 12, 3.00000, 0.250000, '2026-02-16 05:54:29', '2026-02-16 06:32:08'),
(587, 3, 5, 43, 13, 4.00000, 0.900000, '2026-02-16 05:54:29', '2026-02-16 06:32:08'),
(588, 3, 5, 44, 9, 3.00000, 0.700000, '2026-02-16 05:54:29', '2026-02-16 06:32:08'),
(589, 3, 5, 44, 10, 2.00000, 0.250000, '2026-02-16 05:54:29', '2026-02-16 06:32:08'),
(590, 3, 5, 44, 11, 2.00000, 0.100000, '2026-02-16 05:54:29', '2026-02-16 06:32:08'),
(591, 3, 5, 44, 12, 2.00000, 0.110000, '2026-02-16 05:54:29', '2026-02-16 06:32:08'),
(592, 3, 5, 44, 13, 4.00000, 0.900000, '2026-02-16 05:54:29', '2026-02-16 06:32:08'),
(593, 3, 5, 45, 9, 1.00000, 0.000000, '2026-02-16 05:54:29', '2026-02-16 06:32:08'),
(594, 3, 5, 45, 10, 1.00000, 0.000000, '2026-02-16 05:54:29', '2026-02-16 06:32:08'),
(595, 3, 5, 45, 11, 1.00000, 0.000000, '2026-02-16 05:54:29', '2026-02-16 06:32:08'),
(596, 3, 5, 45, 12, 2.00000, 0.110000, '2026-02-16 05:54:29', '2026-02-16 06:32:08'),
(597, 3, 5, 45, 13, 2.00000, 0.400000, '2026-02-16 05:54:29', '2026-02-16 06:32:08'),
(598, 3, 6, 14, 9, 4.00000, 0.900000, '2026-02-16 05:54:29', '2026-02-16 07:13:06'),
(599, 3, 6, 14, 10, 4.00000, 0.750000, '2026-02-16 05:54:29', '2026-02-16 07:13:06'),
(600, 3, 6, 14, 11, 4.00000, 0.550000, '2026-02-16 05:54:29', '2026-02-16 07:13:06');
INSERT INTO `alternative_evaluations` (`id`, `decision_session_id`, `dm_id`, `alternative_id`, `criteria_id`, `raw_value`, `utility_value`, `created_at`, `updated_at`) VALUES
(601, 3, 6, 14, 12, 4.00000, 0.550000, '2026-02-16 05:54:29', '2026-02-16 07:13:06'),
(602, 3, 6, 14, 13, 5.00000, 1.000000, '2026-02-16 05:54:29', '2026-02-16 07:13:06'),
(603, 3, 6, 15, 9, 3.00000, 0.700000, '2026-02-16 05:54:29', '2026-02-16 07:13:06'),
(604, 3, 6, 15, 10, 2.00000, 0.250000, '2026-02-16 05:54:29', '2026-02-16 07:13:06'),
(605, 3, 6, 15, 11, 5.00000, 1.000000, '2026-02-16 05:54:29', '2026-02-16 07:13:06'),
(606, 3, 6, 15, 12, 4.00000, 0.550000, '2026-02-16 05:54:29', '2026-02-16 07:13:06'),
(607, 3, 6, 15, 13, 4.00000, 0.900000, '2026-02-16 05:54:29', '2026-02-16 07:13:06'),
(608, 3, 6, 16, 9, 3.00000, 0.700000, '2026-02-16 05:54:29', '2026-02-16 07:13:06'),
(609, 3, 6, 16, 10, 3.00000, 0.500000, '2026-02-16 05:54:29', '2026-02-16 07:13:06'),
(610, 3, 6, 16, 11, 3.00000, 0.250000, '2026-02-16 05:54:29', '2026-02-16 07:13:06'),
(611, 3, 6, 16, 12, 4.00000, 0.550000, '2026-02-16 05:54:29', '2026-02-16 07:13:06'),
(612, 3, 6, 16, 13, 4.00000, 0.900000, '2026-02-16 05:54:29', '2026-02-16 07:13:06'),
(613, 3, 6, 17, 9, 4.00000, 0.900000, '2026-02-16 05:54:29', '2026-02-16 07:13:06'),
(614, 3, 6, 17, 10, 3.00000, 0.500000, '2026-02-16 05:54:29', '2026-02-16 07:13:06'),
(615, 3, 6, 17, 11, 2.00000, 0.100000, '2026-02-16 05:54:29', '2026-02-16 07:13:06'),
(616, 3, 6, 17, 12, 3.00000, 0.250000, '2026-02-16 05:54:29', '2026-02-16 07:13:06'),
(617, 3, 6, 17, 13, 4.00000, 0.900000, '2026-02-16 05:54:29', '2026-02-16 07:13:06'),
(618, 3, 6, 18, 9, 2.00000, 0.400000, '2026-02-16 05:54:29', '2026-02-16 07:13:06'),
(619, 3, 6, 18, 10, 2.00000, 0.250000, '2026-02-16 05:54:29', '2026-02-16 07:13:06'),
(620, 3, 6, 18, 11, 3.00000, 0.250000, '2026-02-16 05:54:29', '2026-02-16 07:13:06'),
(621, 3, 6, 18, 12, 3.00000, 0.250000, '2026-02-16 05:54:29', '2026-02-16 07:13:06'),
(622, 3, 6, 18, 13, 5.00000, 1.000000, '2026-02-16 05:54:29', '2026-02-16 07:13:06'),
(623, 3, 6, 19, 9, 4.00000, 0.900000, '2026-02-16 05:54:29', '2026-02-16 07:13:06'),
(624, 3, 6, 19, 10, 4.00000, 0.750000, '2026-02-16 05:54:29', '2026-02-16 07:13:06'),
(625, 3, 6, 19, 11, 3.00000, 0.250000, '2026-02-16 05:54:29', '2026-02-16 07:13:06'),
(626, 3, 6, 19, 12, 3.00000, 0.250000, '2026-02-16 05:54:29', '2026-02-16 07:13:06'),
(627, 3, 6, 19, 13, 4.00000, 0.900000, '2026-02-16 05:54:29', '2026-02-16 07:13:06'),
(628, 3, 6, 20, 9, 5.00000, 1.000000, '2026-02-16 05:54:29', '2026-02-16 07:13:06'),
(629, 3, 6, 20, 10, 5.00000, 1.000000, '2026-02-16 05:54:29', '2026-02-16 07:13:06'),
(630, 3, 6, 20, 11, 5.00000, 1.000000, '2026-02-16 05:54:29', '2026-02-16 07:13:06'),
(631, 3, 6, 20, 12, 5.00000, 1.000000, '2026-02-16 05:54:29', '2026-02-16 07:13:06'),
(632, 3, 6, 20, 13, 5.00000, 1.000000, '2026-02-16 05:54:29', '2026-02-16 07:13:06'),
(633, 3, 6, 21, 9, 3.00000, 0.700000, '2026-02-16 05:54:29', '2026-02-16 07:13:06'),
(634, 3, 6, 21, 10, 2.00000, 0.250000, '2026-02-16 05:54:29', '2026-02-16 07:13:06'),
(635, 3, 6, 21, 11, 2.00000, 0.100000, '2026-02-16 05:54:29', '2026-02-16 07:13:06'),
(636, 3, 6, 21, 12, 4.00000, 0.550000, '2026-02-16 05:54:29', '2026-02-16 07:13:06'),
(637, 3, 6, 21, 13, 4.00000, 0.900000, '2026-02-16 05:54:29', '2026-02-16 07:13:06'),
(638, 3, 6, 22, 9, 5.00000, 1.000000, '2026-02-16 05:54:29', '2026-02-16 07:13:06'),
(639, 3, 6, 22, 10, 5.00000, 1.000000, '2026-02-16 05:54:29', '2026-02-16 07:13:06'),
(640, 3, 6, 22, 11, 5.00000, 1.000000, '2026-02-16 05:54:29', '2026-02-16 07:13:06'),
(641, 3, 6, 22, 12, 5.00000, 1.000000, '2026-02-16 05:54:29', '2026-02-16 07:13:06'),
(642, 3, 6, 22, 13, 5.00000, 1.000000, '2026-02-16 05:54:29', '2026-02-16 07:13:06'),
(643, 3, 6, 23, 9, 4.00000, 0.900000, '2026-02-16 05:54:29', '2026-02-16 07:13:06'),
(644, 3, 6, 23, 10, 4.00000, 0.750000, '2026-02-16 05:54:29', '2026-02-16 07:13:06'),
(645, 3, 6, 23, 11, 3.00000, 0.250000, '2026-02-16 05:54:29', '2026-02-16 07:13:06'),
(646, 3, 6, 23, 12, 3.00000, 0.250000, '2026-02-16 05:54:29', '2026-02-16 07:13:06'),
(647, 3, 6, 23, 13, 3.00000, 0.700000, '2026-02-16 05:54:29', '2026-02-16 07:13:06'),
(648, 3, 6, 24, 9, 4.00000, 0.900000, '2026-02-16 05:54:29', '2026-02-16 07:13:06'),
(649, 3, 6, 24, 10, 2.00000, 0.250000, '2026-02-16 05:54:29', '2026-02-16 07:13:06'),
(650, 3, 6, 24, 11, 5.00000, 1.000000, '2026-02-16 05:54:29', '2026-02-16 07:13:06'),
(651, 3, 6, 24, 12, 5.00000, 1.000000, '2026-02-16 05:54:29', '2026-02-16 07:13:06'),
(652, 3, 6, 24, 13, 5.00000, 1.000000, '2026-02-16 05:54:29', '2026-02-16 07:13:06'),
(653, 3, 6, 25, 9, 4.00000, 0.900000, '2026-02-16 05:54:29', '2026-02-16 07:13:06'),
(654, 3, 6, 25, 10, 4.00000, 0.750000, '2026-02-16 05:54:29', '2026-02-16 07:13:06'),
(655, 3, 6, 25, 11, 4.00000, 0.550000, '2026-02-16 05:54:29', '2026-02-16 07:13:06'),
(656, 3, 6, 25, 12, 4.00000, 0.550000, '2026-02-16 05:54:29', '2026-02-16 07:13:06'),
(657, 3, 6, 25, 13, 4.00000, 0.900000, '2026-02-16 05:54:29', '2026-02-16 07:13:06'),
(658, 3, 6, 26, 9, 4.00000, 0.900000, '2026-02-16 05:54:29', '2026-02-16 07:13:06'),
(659, 3, 6, 26, 10, 2.00000, 0.250000, '2026-02-16 05:54:29', '2026-02-16 07:13:06'),
(660, 3, 6, 26, 11, 2.00000, 0.100000, '2026-02-16 05:54:29', '2026-02-16 07:13:06'),
(661, 3, 6, 26, 12, 3.00000, 0.250000, '2026-02-16 05:54:29', '2026-02-16 07:13:06'),
(662, 3, 6, 26, 13, 2.00000, 0.400000, '2026-02-16 05:54:29', '2026-02-16 07:13:06'),
(663, 3, 6, 27, 9, 4.00000, 0.900000, '2026-02-16 05:54:29', '2026-02-16 07:13:06'),
(664, 3, 6, 27, 10, 4.00000, 0.750000, '2026-02-16 05:54:29', '2026-02-16 07:13:06'),
(665, 3, 6, 27, 11, 3.00000, 0.250000, '2026-02-16 05:54:29', '2026-02-16 07:13:06'),
(666, 3, 6, 27, 12, 5.00000, 1.000000, '2026-02-16 05:54:29', '2026-02-16 07:13:06'),
(667, 3, 6, 27, 13, 5.00000, 1.000000, '2026-02-16 05:54:29', '2026-02-16 07:13:06'),
(668, 3, 6, 28, 9, 5.00000, 1.000000, '2026-02-16 05:54:29', '2026-02-16 07:13:06'),
(669, 3, 6, 28, 10, 4.00000, 0.750000, '2026-02-16 05:54:29', '2026-02-16 07:13:06'),
(670, 3, 6, 28, 11, 4.00000, 0.550000, '2026-02-16 05:54:29', '2026-02-16 07:13:06'),
(671, 3, 6, 28, 12, 4.00000, 0.550000, '2026-02-16 05:54:29', '2026-02-16 07:13:06'),
(672, 3, 6, 28, 13, 3.00000, 0.700000, '2026-02-16 05:54:29', '2026-02-16 07:13:06'),
(673, 3, 6, 29, 9, 2.00000, 0.400000, '2026-02-16 05:54:29', '2026-02-16 07:13:06'),
(674, 3, 6, 29, 10, 2.00000, 0.250000, '2026-02-16 05:54:29', '2026-02-16 07:13:06'),
(675, 3, 6, 29, 11, 2.00000, 0.100000, '2026-02-16 05:54:29', '2026-02-16 07:13:06'),
(676, 3, 6, 29, 12, 2.00000, 0.110000, '2026-02-16 05:54:29', '2026-02-16 07:13:06'),
(677, 3, 6, 29, 13, 3.00000, 0.700000, '2026-02-16 05:54:29', '2026-02-16 07:13:06'),
(678, 3, 6, 30, 9, 4.00000, 0.900000, '2026-02-16 05:54:29', '2026-02-16 07:13:06'),
(679, 3, 6, 30, 10, 4.00000, 0.750000, '2026-02-16 05:54:29', '2026-02-16 07:13:06'),
(680, 3, 6, 30, 11, 4.00000, 0.550000, '2026-02-16 05:54:29', '2026-02-16 07:13:06'),
(681, 3, 6, 30, 12, 4.00000, 0.550000, '2026-02-16 05:54:29', '2026-02-16 07:13:06'),
(682, 3, 6, 30, 13, 4.00000, 0.900000, '2026-02-16 05:54:29', '2026-02-16 07:13:06'),
(683, 3, 6, 31, 9, 4.00000, 0.900000, '2026-02-16 05:54:29', '2026-02-16 07:13:06'),
(684, 3, 6, 31, 10, 4.00000, 0.750000, '2026-02-16 05:54:29', '2026-02-16 07:13:06'),
(685, 3, 6, 31, 11, 5.00000, 1.000000, '2026-02-16 05:54:29', '2026-02-16 07:13:06'),
(686, 3, 6, 31, 12, 4.00000, 0.550000, '2026-02-16 05:54:29', '2026-02-16 07:13:06'),
(687, 3, 6, 31, 13, 4.00000, 0.900000, '2026-02-16 05:54:29', '2026-02-16 07:13:06'),
(688, 3, 6, 32, 9, 4.00000, 0.900000, '2026-02-16 05:54:29', '2026-02-16 07:13:06'),
(689, 3, 6, 32, 10, 2.00000, 0.250000, '2026-02-16 05:54:29', '2026-02-16 07:13:06'),
(690, 3, 6, 32, 11, 3.00000, 0.250000, '2026-02-16 05:54:29', '2026-02-16 07:13:06'),
(691, 3, 6, 32, 12, 3.00000, 0.250000, '2026-02-16 05:54:29', '2026-02-16 07:13:06'),
(692, 3, 6, 32, 13, 4.00000, 0.900000, '2026-02-16 05:54:29', '2026-02-16 07:13:06'),
(693, 3, 6, 33, 9, 4.00000, 0.900000, '2026-02-16 05:54:29', '2026-02-16 07:13:06'),
(694, 3, 6, 33, 10, 4.00000, 0.750000, '2026-02-16 05:54:29', '2026-02-16 07:13:06'),
(695, 3, 6, 33, 11, 4.00000, 0.550000, '2026-02-16 05:54:29', '2026-02-16 07:13:06'),
(696, 3, 6, 33, 12, 4.00000, 0.550000, '2026-02-16 05:54:29', '2026-02-16 07:13:06'),
(697, 3, 6, 33, 13, 5.00000, 1.000000, '2026-02-16 05:54:29', '2026-02-16 07:13:06'),
(698, 3, 6, 34, 9, 2.00000, 0.400000, '2026-02-16 05:54:29', '2026-02-16 07:13:06'),
(699, 3, 6, 34, 10, 5.00000, 1.000000, '2026-02-16 05:54:29', '2026-02-16 07:13:06'),
(700, 3, 6, 34, 11, 4.00000, 0.550000, '2026-02-16 05:54:29', '2026-02-16 07:13:06'),
(701, 3, 6, 34, 12, 4.00000, 0.550000, '2026-02-16 05:54:29', '2026-02-16 07:13:06'),
(702, 3, 6, 34, 13, 3.00000, 0.700000, '2026-02-16 05:54:29', '2026-02-16 07:13:06'),
(703, 3, 6, 35, 9, 4.00000, 0.900000, '2026-02-16 05:54:29', '2026-02-16 07:13:06'),
(704, 3, 6, 35, 10, 2.00000, 0.250000, '2026-02-16 05:54:29', '2026-02-16 07:13:06'),
(705, 3, 6, 35, 11, 4.00000, 0.550000, '2026-02-16 05:54:29', '2026-02-16 07:13:06'),
(706, 3, 6, 35, 12, 4.00000, 0.550000, '2026-02-16 05:54:29', '2026-02-16 07:13:06'),
(707, 3, 6, 35, 13, 5.00000, 1.000000, '2026-02-16 05:54:29', '2026-02-16 07:13:06'),
(708, 3, 6, 36, 9, 2.00000, 0.400000, '2026-02-16 05:54:29', '2026-02-16 07:13:06'),
(709, 3, 6, 36, 10, 2.00000, 0.250000, '2026-02-16 05:54:29', '2026-02-16 07:13:06'),
(710, 3, 6, 36, 11, 2.00000, 0.100000, '2026-02-16 05:54:29', '2026-02-16 07:13:06'),
(711, 3, 6, 36, 12, 5.00000, 1.000000, '2026-02-16 05:54:29', '2026-02-16 07:13:06'),
(712, 3, 6, 36, 13, 5.00000, 1.000000, '2026-02-16 05:54:29', '2026-02-16 07:13:06'),
(713, 3, 6, 37, 9, 2.00000, 0.400000, '2026-02-16 05:54:29', '2026-02-16 07:13:06'),
(714, 3, 6, 37, 10, 2.00000, 0.250000, '2026-02-16 05:54:29', '2026-02-16 07:13:06'),
(715, 3, 6, 37, 11, 2.00000, 0.100000, '2026-02-16 05:54:29', '2026-02-16 07:13:06'),
(716, 3, 6, 37, 12, 4.00000, 0.550000, '2026-02-16 05:54:29', '2026-02-16 07:13:06'),
(717, 3, 6, 37, 13, 4.00000, 0.900000, '2026-02-16 05:54:29', '2026-02-16 07:13:06'),
(718, 3, 6, 38, 9, 4.00000, 0.900000, '2026-02-16 05:54:29', '2026-02-16 07:13:06'),
(719, 3, 6, 38, 10, 3.00000, 0.500000, '2026-02-16 05:54:29', '2026-02-16 07:13:06'),
(720, 3, 6, 38, 11, 2.00000, 0.100000, '2026-02-16 05:54:29', '2026-02-16 07:13:06'),
(721, 3, 6, 38, 12, 3.00000, 0.250000, '2026-02-16 05:54:29', '2026-02-16 07:13:06'),
(722, 3, 6, 38, 13, 4.00000, 0.900000, '2026-02-16 05:54:29', '2026-02-16 07:13:06'),
(723, 3, 6, 39, 9, 3.00000, 0.700000, '2026-02-16 05:54:29', '2026-02-16 07:13:06'),
(724, 3, 6, 39, 10, 4.00000, 0.750000, '2026-02-16 05:54:29', '2026-02-16 07:13:06'),
(725, 3, 6, 39, 11, 3.00000, 0.250000, '2026-02-16 05:54:29', '2026-02-16 07:13:06'),
(726, 3, 6, 39, 12, 3.00000, 0.250000, '2026-02-16 05:54:29', '2026-02-16 07:13:06'),
(727, 3, 6, 39, 13, 4.00000, 0.900000, '2026-02-16 05:54:29', '2026-02-16 07:13:06'),
(728, 3, 6, 40, 9, 4.00000, 0.900000, '2026-02-16 05:54:29', '2026-02-16 07:13:06'),
(729, 3, 6, 40, 10, 4.00000, 0.750000, '2026-02-16 05:54:29', '2026-02-16 07:13:06'),
(730, 3, 6, 40, 11, 4.00000, 0.550000, '2026-02-16 05:54:29', '2026-02-16 07:13:06'),
(731, 3, 6, 40, 12, 3.00000, 0.250000, '2026-02-16 05:54:29', '2026-02-16 07:13:06'),
(732, 3, 6, 40, 13, 4.00000, 0.900000, '2026-02-16 05:54:29', '2026-02-16 07:13:06'),
(733, 3, 6, 41, 9, 3.00000, 0.700000, '2026-02-16 05:54:29', '2026-02-16 07:13:06'),
(734, 3, 6, 41, 10, 3.00000, 0.500000, '2026-02-16 05:54:29', '2026-02-16 07:13:06'),
(735, 3, 6, 41, 11, 3.00000, 0.250000, '2026-02-16 05:54:29', '2026-02-16 07:13:06'),
(736, 3, 6, 41, 12, 3.00000, 0.250000, '2026-02-16 05:54:29', '2026-02-16 07:13:06'),
(737, 3, 6, 41, 13, 3.00000, 0.700000, '2026-02-16 05:54:29', '2026-02-16 07:13:06'),
(738, 3, 6, 42, 9, 3.00000, 0.700000, '2026-02-16 05:54:29', '2026-02-16 07:13:06'),
(739, 3, 6, 42, 10, 4.00000, 0.750000, '2026-02-16 05:54:29', '2026-02-16 07:13:06'),
(740, 3, 6, 42, 11, 2.00000, 0.100000, '2026-02-16 05:54:29', '2026-02-16 07:13:06'),
(741, 3, 6, 42, 12, 2.00000, 0.110000, '2026-02-16 05:54:29', '2026-02-16 07:13:06'),
(742, 3, 6, 42, 13, 3.00000, 0.700000, '2026-02-16 05:54:29', '2026-02-16 07:13:06'),
(743, 3, 6, 43, 9, 5.00000, 1.000000, '2026-02-16 05:54:29', '2026-02-16 07:13:06'),
(744, 3, 6, 43, 10, 5.00000, 1.000000, '2026-02-16 05:54:29', '2026-02-16 07:13:06'),
(745, 3, 6, 43, 11, 2.00000, 0.100000, '2026-02-16 05:54:29', '2026-02-16 07:13:06'),
(746, 3, 6, 43, 12, 3.00000, 0.250000, '2026-02-16 05:54:29', '2026-02-16 07:13:06'),
(747, 3, 6, 43, 13, 4.00000, 0.900000, '2026-02-16 05:54:29', '2026-02-16 07:13:06'),
(748, 3, 6, 44, 9, 3.00000, 0.700000, '2026-02-16 05:54:29', '2026-02-16 07:13:06'),
(749, 3, 6, 44, 10, 2.00000, 0.250000, '2026-02-16 05:54:29', '2026-02-16 07:13:06'),
(750, 3, 6, 44, 11, 2.00000, 0.100000, '2026-02-16 05:54:29', '2026-02-16 07:13:06'),
(751, 3, 6, 44, 12, 2.00000, 0.110000, '2026-02-16 05:54:29', '2026-02-16 07:13:06'),
(752, 3, 6, 44, 13, 4.00000, 0.900000, '2026-02-16 05:54:29', '2026-02-16 07:13:06'),
(753, 3, 6, 45, 9, 1.00000, 0.000000, '2026-02-16 05:54:29', '2026-02-16 07:13:06'),
(754, 3, 6, 45, 10, 1.00000, 0.000000, '2026-02-16 05:54:29', '2026-02-16 07:13:06'),
(755, 3, 6, 45, 11, 1.00000, 0.000000, '2026-02-16 05:54:29', '2026-02-16 07:13:06'),
(756, 3, 6, 45, 12, 2.00000, 0.110000, '2026-02-16 05:54:29', '2026-02-16 07:13:06'),
(757, 3, 6, 45, 13, 2.00000, 0.400000, '2026-02-16 05:54:29', '2026-02-16 07:13:06'),
(758, 3, 7, 14, 9, 3.00000, 0.700000, '2026-02-16 05:54:29', '2026-02-16 07:13:20'),
(759, 3, 7, 14, 10, 3.00000, 0.500000, '2026-02-16 05:54:29', '2026-02-16 07:13:20'),
(760, 3, 7, 14, 11, 3.00000, 0.250000, '2026-02-16 05:54:29', '2026-02-16 07:13:20'),
(761, 3, 7, 14, 12, 2.00000, 0.110000, '2026-02-16 05:54:29', '2026-02-16 07:13:20'),
(762, 3, 7, 14, 13, 2.00000, 0.400000, '2026-02-16 05:54:29', '2026-02-16 07:13:20'),
(763, 3, 7, 15, 9, 3.00000, 0.700000, '2026-02-16 05:54:29', '2026-02-16 07:13:20'),
(764, 3, 7, 15, 10, 2.00000, 0.250000, '2026-02-16 05:54:29', '2026-02-16 07:13:20'),
(765, 3, 7, 15, 11, 4.00000, 0.550000, '2026-02-16 05:54:29', '2026-02-16 07:13:20'),
(766, 3, 7, 15, 12, 3.00000, 0.250000, '2026-02-16 05:54:29', '2026-02-16 07:13:20'),
(767, 3, 7, 15, 13, 3.00000, 0.700000, '2026-02-16 05:54:29', '2026-02-16 07:13:20'),
(768, 3, 7, 16, 9, 4.00000, 0.900000, '2026-02-16 05:54:29', '2026-02-16 07:13:20'),
(769, 3, 7, 16, 10, 4.00000, 0.750000, '2026-02-16 05:54:29', '2026-02-16 07:13:20'),
(770, 3, 7, 16, 11, 3.00000, 0.250000, '2026-02-16 05:54:29', '2026-02-16 07:13:20'),
(771, 3, 7, 16, 12, 2.00000, 0.110000, '2026-02-16 05:54:29', '2026-02-16 07:13:20'),
(772, 3, 7, 16, 13, 3.00000, 0.700000, '2026-02-16 05:54:29', '2026-02-16 07:13:20'),
(773, 3, 7, 17, 9, 5.00000, 1.000000, '2026-02-16 05:54:29', '2026-02-16 07:13:20'),
(774, 3, 7, 17, 10, 2.00000, 0.250000, '2026-02-16 05:54:29', '2026-02-16 07:13:20'),
(775, 3, 7, 17, 11, 2.00000, 0.100000, '2026-02-16 05:54:29', '2026-02-16 07:13:20'),
(776, 3, 7, 17, 12, 1.00000, 0.000000, '2026-02-16 05:54:29', '2026-02-16 07:13:20'),
(777, 3, 7, 17, 13, 2.00000, 0.400000, '2026-02-16 05:54:29', '2026-02-16 07:13:20'),
(778, 3, 7, 18, 9, 4.00000, 0.900000, '2026-02-16 05:54:29', '2026-02-16 07:13:20'),
(779, 3, 7, 18, 10, 2.00000, 0.250000, '2026-02-16 05:54:29', '2026-02-16 07:13:20'),
(780, 3, 7, 18, 11, 2.00000, 0.100000, '2026-02-16 05:54:29', '2026-02-16 07:13:20'),
(781, 3, 7, 18, 12, 1.00000, 0.000000, '2026-02-16 05:54:29', '2026-02-16 07:13:20'),
(782, 3, 7, 18, 13, 2.00000, 0.400000, '2026-02-16 05:54:29', '2026-02-16 07:13:20'),
(783, 3, 7, 19, 9, 4.00000, 0.900000, '2026-02-16 05:54:29', '2026-02-16 07:13:20'),
(784, 3, 7, 19, 10, 4.00000, 0.750000, '2026-02-16 05:54:29', '2026-02-16 07:13:20'),
(785, 3, 7, 19, 11, 3.00000, 0.250000, '2026-02-16 05:54:29', '2026-02-16 07:13:20'),
(786, 3, 7, 19, 12, 3.00000, 0.250000, '2026-02-16 05:54:29', '2026-02-16 07:13:20'),
(787, 3, 7, 19, 13, 3.00000, 0.700000, '2026-02-16 05:54:29', '2026-02-16 07:13:20'),
(788, 3, 7, 20, 9, 4.00000, 0.900000, '2026-02-16 05:54:29', '2026-02-16 07:13:20'),
(789, 3, 7, 20, 10, 2.00000, 0.250000, '2026-02-16 05:54:29', '2026-02-16 07:13:20'),
(790, 3, 7, 20, 11, 3.00000, 0.250000, '2026-02-16 05:54:29', '2026-02-16 07:13:20'),
(791, 3, 7, 20, 12, 3.00000, 0.250000, '2026-02-16 05:54:29', '2026-02-16 07:13:20'),
(792, 3, 7, 20, 13, 2.00000, 0.400000, '2026-02-16 05:54:29', '2026-02-16 07:13:20'),
(793, 3, 7, 21, 9, 3.00000, 0.700000, '2026-02-16 05:54:29', '2026-02-16 07:13:20'),
(794, 3, 7, 21, 10, 3.00000, 0.500000, '2026-02-16 05:54:29', '2026-02-16 07:13:20'),
(795, 3, 7, 21, 11, 1.00000, 0.000000, '2026-02-16 05:54:29', '2026-02-16 07:13:20'),
(796, 3, 7, 21, 12, 1.00000, 0.000000, '2026-02-16 05:54:29', '2026-02-16 07:13:20'),
(797, 3, 7, 21, 13, 2.00000, 0.400000, '2026-02-16 05:54:29', '2026-02-16 07:13:20'),
(798, 3, 7, 22, 9, 3.00000, 0.700000, '2026-02-16 05:54:29', '2026-02-16 07:13:20'),
(799, 3, 7, 22, 10, 2.00000, 0.250000, '2026-02-16 05:54:29', '2026-02-16 07:13:20'),
(800, 3, 7, 22, 11, 3.00000, 0.250000, '2026-02-16 05:54:29', '2026-02-16 07:13:20'),
(801, 3, 7, 22, 12, 3.00000, 0.250000, '2026-02-16 05:54:29', '2026-02-16 07:13:20'),
(802, 3, 7, 22, 13, 2.00000, 0.400000, '2026-02-16 05:54:29', '2026-02-16 07:13:20'),
(803, 3, 7, 23, 9, 4.00000, 0.900000, '2026-02-16 05:54:29', '2026-02-16 07:13:20'),
(804, 3, 7, 23, 10, 3.00000, 0.500000, '2026-02-16 05:54:29', '2026-02-16 07:13:20'),
(805, 3, 7, 23, 11, 3.00000, 0.250000, '2026-02-16 05:54:29', '2026-02-16 07:13:20'),
(806, 3, 7, 23, 12, 3.00000, 0.250000, '2026-02-16 05:54:29', '2026-02-16 07:13:20'),
(807, 3, 7, 23, 13, 2.00000, 0.400000, '2026-02-16 05:54:29', '2026-02-16 07:13:20'),
(808, 3, 7, 24, 9, 3.00000, 0.700000, '2026-02-16 05:54:29', '2026-02-16 07:13:20'),
(809, 3, 7, 24, 10, 1.00000, 0.000000, '2026-02-16 05:54:29', '2026-02-16 07:13:20'),
(810, 3, 7, 24, 11, 4.00000, 0.550000, '2026-02-16 05:54:29', '2026-02-16 07:13:20'),
(811, 3, 7, 24, 12, 3.00000, 0.250000, '2026-02-16 05:54:29', '2026-02-16 07:13:20'),
(812, 3, 7, 24, 13, 3.00000, 0.700000, '2026-02-16 05:54:29', '2026-02-16 07:13:20'),
(813, 3, 7, 25, 9, 4.00000, 0.900000, '2026-02-16 05:54:29', '2026-02-16 07:13:20'),
(814, 3, 7, 25, 10, 3.00000, 0.500000, '2026-02-16 05:54:29', '2026-02-16 07:13:20'),
(815, 3, 7, 25, 11, 1.00000, 0.000000, '2026-02-16 05:54:29', '2026-02-16 07:13:20'),
(816, 3, 7, 25, 12, 1.00000, 0.000000, '2026-02-16 05:54:29', '2026-02-16 07:13:20'),
(817, 3, 7, 25, 13, 4.00000, 0.900000, '2026-02-16 05:54:29', '2026-02-16 07:13:20'),
(818, 3, 7, 26, 9, 4.00000, 0.900000, '2026-02-16 05:54:29', '2026-02-16 07:13:20'),
(819, 3, 7, 26, 10, 2.00000, 0.250000, '2026-02-16 05:54:29', '2026-02-16 07:13:20'),
(820, 3, 7, 26, 11, 2.00000, 0.100000, '2026-02-16 05:54:29', '2026-02-16 07:13:20'),
(821, 3, 7, 26, 12, 2.00000, 0.110000, '2026-02-16 05:54:29', '2026-02-16 07:13:20'),
(822, 3, 7, 26, 13, 1.00000, 0.000000, '2026-02-16 05:54:29', '2026-02-16 07:13:20'),
(823, 3, 7, 27, 9, 5.00000, 1.000000, '2026-02-16 05:54:29', '2026-02-16 07:13:20'),
(824, 3, 7, 27, 10, 3.00000, 0.500000, '2026-02-16 05:54:29', '2026-02-16 07:13:20'),
(825, 3, 7, 27, 11, 3.00000, 0.250000, '2026-02-16 05:54:29', '2026-02-16 07:13:20'),
(826, 3, 7, 27, 12, 3.00000, 0.250000, '2026-02-16 05:54:29', '2026-02-16 07:13:20'),
(827, 3, 7, 27, 13, 4.00000, 0.900000, '2026-02-16 05:54:29', '2026-02-16 07:13:20'),
(828, 3, 7, 28, 9, 3.00000, 0.700000, '2026-02-16 05:54:29', '2026-02-16 07:13:20'),
(829, 3, 7, 28, 10, 2.00000, 0.250000, '2026-02-16 05:54:29', '2026-02-16 07:13:20'),
(830, 3, 7, 28, 11, 4.00000, 0.550000, '2026-02-16 05:54:29', '2026-02-16 07:13:20'),
(831, 3, 7, 28, 12, 3.00000, 0.250000, '2026-02-16 05:54:29', '2026-02-16 07:13:20'),
(832, 3, 7, 28, 13, 2.00000, 0.400000, '2026-02-16 05:54:29', '2026-02-16 07:13:20'),
(833, 3, 7, 29, 9, 3.00000, 0.700000, '2026-02-16 05:54:29', '2026-02-16 07:13:20'),
(834, 3, 7, 29, 10, 3.00000, 0.500000, '2026-02-16 05:54:29', '2026-02-16 07:13:20'),
(835, 3, 7, 29, 11, 3.00000, 0.250000, '2026-02-16 05:54:29', '2026-02-16 07:13:20'),
(836, 3, 7, 29, 12, 2.00000, 0.110000, '2026-02-16 05:54:29', '2026-02-16 07:13:20'),
(837, 3, 7, 29, 13, 2.00000, 0.400000, '2026-02-16 05:54:29', '2026-02-16 07:13:20'),
(838, 3, 7, 30, 9, 4.00000, 0.900000, '2026-02-16 05:54:29', '2026-02-16 07:13:20'),
(839, 3, 7, 30, 10, 3.00000, 0.500000, '2026-02-16 05:54:29', '2026-02-16 07:13:20'),
(840, 3, 7, 30, 11, 2.00000, 0.100000, '2026-02-16 05:54:29', '2026-02-16 07:13:20'),
(841, 3, 7, 30, 12, 2.00000, 0.110000, '2026-02-16 05:54:29', '2026-02-16 07:13:20'),
(842, 3, 7, 30, 13, 2.00000, 0.400000, '2026-02-16 05:54:29', '2026-02-16 07:13:20'),
(843, 3, 7, 31, 9, 4.00000, 0.900000, '2026-02-16 05:54:29', '2026-02-16 07:13:20'),
(844, 3, 7, 31, 10, 2.00000, 0.250000, '2026-02-16 05:54:29', '2026-02-16 07:13:20'),
(845, 3, 7, 31, 11, 4.00000, 0.550000, '2026-02-16 05:54:29', '2026-02-16 07:13:20'),
(846, 3, 7, 31, 12, 4.00000, 0.550000, '2026-02-16 05:54:29', '2026-02-16 07:13:20'),
(847, 3, 7, 31, 13, 2.00000, 0.400000, '2026-02-16 05:54:29', '2026-02-16 07:13:20'),
(848, 3, 7, 32, 9, 5.00000, 1.000000, '2026-02-16 05:54:29', '2026-02-16 07:13:20'),
(849, 3, 7, 32, 10, 2.00000, 0.250000, '2026-02-16 05:54:29', '2026-02-16 07:13:20'),
(850, 3, 7, 32, 11, 2.00000, 0.100000, '2026-02-16 05:54:29', '2026-02-16 07:13:20'),
(851, 3, 7, 32, 12, 1.00000, 0.000000, '2026-02-16 05:54:29', '2026-02-16 07:13:20'),
(852, 3, 7, 32, 13, 1.00000, 0.000000, '2026-02-16 05:54:29', '2026-02-16 07:13:20'),
(853, 3, 7, 33, 9, 5.00000, 1.000000, '2026-02-16 05:54:29', '2026-02-16 07:13:20'),
(854, 3, 7, 33, 10, 4.00000, 0.750000, '2026-02-16 05:54:29', '2026-02-16 07:13:20'),
(855, 3, 7, 33, 11, 2.00000, 0.100000, '2026-02-16 05:54:29', '2026-02-16 07:13:20'),
(856, 3, 7, 33, 12, 2.00000, 0.110000, '2026-02-16 05:54:29', '2026-02-16 07:13:20'),
(857, 3, 7, 33, 13, 2.00000, 0.400000, '2026-02-16 05:54:29', '2026-02-16 07:13:20'),
(858, 3, 7, 34, 9, 2.00000, 0.400000, '2026-02-16 05:54:29', '2026-02-16 07:13:20'),
(859, 3, 7, 34, 10, 2.00000, 0.250000, '2026-02-16 05:54:29', '2026-02-16 07:13:20'),
(860, 3, 7, 34, 11, 4.00000, 0.550000, '2026-02-16 05:54:29', '2026-02-16 07:13:20'),
(861, 3, 7, 34, 12, 3.00000, 0.250000, '2026-02-16 05:54:29', '2026-02-16 07:13:20'),
(862, 3, 7, 34, 13, 3.00000, 0.700000, '2026-02-16 05:54:29', '2026-02-16 07:13:20'),
(863, 3, 7, 35, 9, 3.00000, 0.700000, '2026-02-16 05:54:29', '2026-02-16 07:13:20'),
(864, 3, 7, 35, 10, 2.00000, 0.250000, '2026-02-16 05:54:29', '2026-02-16 07:13:20'),
(865, 3, 7, 35, 11, 3.00000, 0.250000, '2026-02-16 05:54:29', '2026-02-16 07:13:20'),
(866, 3, 7, 35, 12, 3.00000, 0.250000, '2026-02-16 05:54:29', '2026-02-16 07:13:20'),
(867, 3, 7, 35, 13, 3.00000, 0.700000, '2026-02-16 05:54:29', '2026-02-16 07:13:20'),
(868, 3, 7, 36, 9, 4.00000, 0.900000, '2026-02-16 05:54:29', '2026-02-16 07:13:20'),
(869, 3, 7, 36, 10, 2.00000, 0.250000, '2026-02-16 05:54:29', '2026-02-16 07:13:20'),
(870, 3, 7, 36, 11, 3.00000, 0.250000, '2026-02-16 05:54:29', '2026-02-16 07:13:20'),
(871, 3, 7, 36, 12, 3.00000, 0.250000, '2026-02-16 05:54:29', '2026-02-16 07:13:20'),
(872, 3, 7, 36, 13, 3.00000, 0.700000, '2026-02-16 05:54:29', '2026-02-16 07:13:20'),
(873, 3, 7, 37, 9, 4.00000, 0.900000, '2026-02-16 05:54:29', '2026-02-16 07:13:20'),
(874, 3, 7, 37, 10, 2.00000, 0.250000, '2026-02-16 05:54:29', '2026-02-16 07:13:20'),
(875, 3, 7, 37, 11, 3.00000, 0.250000, '2026-02-16 05:54:29', '2026-02-16 07:13:20'),
(876, 3, 7, 37, 12, 2.00000, 0.110000, '2026-02-16 05:54:29', '2026-02-16 07:13:20'),
(877, 3, 7, 37, 13, 2.00000, 0.400000, '2026-02-16 05:54:29', '2026-02-16 07:13:20'),
(878, 3, 7, 38, 9, 4.00000, 0.900000, '2026-02-16 05:54:29', '2026-02-16 07:13:20'),
(879, 3, 7, 38, 10, 2.00000, 0.250000, '2026-02-16 05:54:29', '2026-02-16 07:13:20'),
(880, 3, 7, 38, 11, 1.00000, 0.000000, '2026-02-16 05:54:29', '2026-02-16 07:13:20'),
(881, 3, 7, 38, 12, 1.00000, 0.000000, '2026-02-16 05:54:29', '2026-02-16 07:13:20'),
(882, 3, 7, 38, 13, 3.00000, 0.700000, '2026-02-16 05:54:29', '2026-02-16 07:13:20'),
(883, 3, 7, 39, 9, 4.00000, 0.900000, '2026-02-16 05:54:29', '2026-02-16 07:13:20'),
(884, 3, 7, 39, 10, 2.00000, 0.250000, '2026-02-16 05:54:29', '2026-02-16 07:13:20'),
(885, 3, 7, 39, 11, 2.00000, 0.100000, '2026-02-16 05:54:29', '2026-02-16 07:13:20'),
(886, 3, 7, 39, 12, 2.00000, 0.110000, '2026-02-16 05:54:29', '2026-02-16 07:13:20'),
(887, 3, 7, 39, 13, 2.00000, 0.400000, '2026-02-16 05:54:29', '2026-02-16 07:13:20'),
(888, 3, 7, 40, 9, 4.00000, 0.900000, '2026-02-16 05:54:29', '2026-02-16 07:13:20'),
(889, 3, 7, 40, 10, 3.00000, 0.500000, '2026-02-16 05:54:29', '2026-02-16 07:13:20'),
(890, 3, 7, 40, 11, 3.00000, 0.250000, '2026-02-16 05:54:29', '2026-02-16 07:13:20'),
(891, 3, 7, 40, 12, 3.00000, 0.250000, '2026-02-16 05:54:29', '2026-02-16 07:13:20'),
(892, 3, 7, 40, 13, 3.00000, 0.700000, '2026-02-16 05:54:29', '2026-02-16 07:13:20'),
(893, 3, 7, 41, 9, 4.00000, 0.900000, '2026-02-16 05:54:29', '2026-02-16 07:13:20'),
(894, 3, 7, 41, 10, 3.00000, 0.500000, '2026-02-16 05:54:29', '2026-02-16 07:13:20'),
(895, 3, 7, 41, 11, 2.00000, 0.100000, '2026-02-16 05:54:29', '2026-02-16 07:13:20'),
(896, 3, 7, 41, 12, 1.00000, 0.000000, '2026-02-16 05:54:29', '2026-02-16 07:13:20'),
(897, 3, 7, 41, 13, 2.00000, 0.400000, '2026-02-16 05:54:29', '2026-02-16 07:13:20'),
(898, 3, 7, 42, 9, 5.00000, 1.000000, '2026-02-16 05:54:29', '2026-02-16 07:13:20'),
(899, 3, 7, 42, 10, 4.00000, 0.750000, '2026-02-16 05:54:29', '2026-02-16 07:13:20'),
(900, 3, 7, 42, 11, 3.00000, 0.250000, '2026-02-16 05:54:29', '2026-02-16 07:13:20'),
(901, 3, 7, 42, 12, 2.00000, 0.110000, '2026-02-16 05:54:29', '2026-02-16 07:13:20'),
(902, 3, 7, 42, 13, 3.00000, 0.700000, '2026-02-16 05:54:29', '2026-02-16 07:13:20'),
(903, 3, 7, 43, 9, 3.00000, 0.700000, '2026-02-16 05:54:29', '2026-02-16 07:13:20'),
(904, 3, 7, 43, 10, 2.00000, 0.250000, '2026-02-16 05:54:29', '2026-02-16 07:13:20'),
(905, 3, 7, 43, 11, 2.00000, 0.100000, '2026-02-16 05:54:29', '2026-02-16 07:13:20'),
(906, 3, 7, 43, 12, 3.00000, 0.250000, '2026-02-16 05:54:29', '2026-02-16 07:13:20'),
(907, 3, 7, 43, 13, 1.00000, 0.000000, '2026-02-16 05:54:29', '2026-02-16 07:13:20'),
(908, 3, 7, 44, 9, 4.00000, 0.900000, '2026-02-16 05:54:29', '2026-02-16 07:13:20'),
(909, 3, 7, 44, 10, 2.00000, 0.250000, '2026-02-16 05:54:29', '2026-02-16 07:13:20'),
(910, 3, 7, 44, 11, 2.00000, 0.100000, '2026-02-16 05:54:29', '2026-02-16 07:13:20'),
(911, 3, 7, 44, 12, 2.00000, 0.110000, '2026-02-16 05:54:29', '2026-02-16 07:13:20'),
(912, 3, 7, 44, 13, 3.00000, 0.700000, '2026-02-16 05:54:29', '2026-02-16 07:13:20'),
(913, 3, 7, 45, 9, 3.00000, 0.700000, '2026-02-16 05:54:29', '2026-02-16 07:13:20'),
(914, 3, 7, 45, 10, 2.00000, 0.250000, '2026-02-16 05:54:29', '2026-02-16 07:13:20'),
(915, 3, 7, 45, 11, 1.00000, 0.000000, '2026-02-16 05:54:29', '2026-02-16 07:13:20'),
(916, 3, 7, 45, 12, 1.00000, 0.000000, '2026-02-16 05:54:29', '2026-02-16 07:13:20'),
(917, 3, 7, 45, 13, 2.00000, 0.400000, '2026-02-16 05:54:29', '2026-02-16 07:13:20'),
(918, 3, 8, 14, 9, 5.00000, 1.000000, '2026-02-16 05:54:29', '2026-02-16 07:13:41'),
(919, 3, 8, 14, 10, 5.00000, 1.000000, '2026-02-16 05:54:29', '2026-02-16 07:13:41'),
(920, 3, 8, 14, 11, 5.00000, 1.000000, '2026-02-16 05:54:29', '2026-02-16 07:13:41'),
(921, 3, 8, 14, 12, 5.00000, 1.000000, '2026-02-16 05:54:29', '2026-02-16 07:13:41'),
(922, 3, 8, 14, 13, 5.00000, 1.000000, '2026-02-16 05:54:29', '2026-02-16 07:13:41'),
(923, 3, 8, 15, 9, 4.00000, 0.900000, '2026-02-16 05:54:29', '2026-02-16 07:13:41'),
(924, 3, 8, 15, 10, 4.00000, 0.750000, '2026-02-16 05:54:29', '2026-02-16 07:13:41'),
(925, 3, 8, 15, 11, 4.00000, 0.550000, '2026-02-16 05:54:29', '2026-02-16 07:13:41'),
(926, 3, 8, 15, 12, 4.00000, 0.550000, '2026-02-16 05:54:29', '2026-02-16 07:13:41'),
(927, 3, 8, 15, 13, 4.00000, 0.900000, '2026-02-16 05:54:29', '2026-02-16 07:13:41'),
(928, 3, 8, 16, 9, 4.00000, 0.900000, '2026-02-16 05:54:29', '2026-02-16 07:13:41'),
(929, 3, 8, 16, 10, 5.00000, 1.000000, '2026-02-16 05:54:29', '2026-02-16 07:13:41'),
(930, 3, 8, 16, 11, 4.00000, 0.550000, '2026-02-16 05:54:29', '2026-02-16 07:13:41'),
(931, 3, 8, 16, 12, 4.00000, 0.550000, '2026-02-16 05:54:29', '2026-02-16 07:13:41'),
(932, 3, 8, 16, 13, 4.00000, 0.900000, '2026-02-16 05:54:29', '2026-02-16 07:13:41'),
(933, 3, 8, 17, 9, 5.00000, 1.000000, '2026-02-16 05:54:29', '2026-02-16 07:13:42'),
(934, 3, 8, 17, 10, 5.00000, 1.000000, '2026-02-16 05:54:29', '2026-02-16 07:13:42'),
(935, 3, 8, 17, 11, 5.00000, 1.000000, '2026-02-16 05:54:29', '2026-02-16 07:13:42'),
(936, 3, 8, 17, 12, 5.00000, 1.000000, '2026-02-16 05:54:29', '2026-02-16 07:13:42'),
(937, 3, 8, 17, 13, 5.00000, 1.000000, '2026-02-16 05:54:29', '2026-02-16 07:13:42'),
(938, 3, 8, 18, 9, 4.00000, 0.900000, '2026-02-16 05:54:29', '2026-02-16 07:13:42'),
(939, 3, 8, 18, 10, 4.00000, 0.750000, '2026-02-16 05:54:29', '2026-02-16 07:13:42'),
(940, 3, 8, 18, 11, 4.00000, 0.550000, '2026-02-16 05:54:29', '2026-02-16 07:13:42'),
(941, 3, 8, 18, 12, 4.00000, 0.550000, '2026-02-16 05:54:29', '2026-02-16 07:13:42'),
(942, 3, 8, 18, 13, 4.00000, 0.900000, '2026-02-16 05:54:29', '2026-02-16 07:13:42'),
(943, 3, 8, 19, 9, 4.00000, 0.900000, '2026-02-16 05:54:29', '2026-02-16 07:13:42'),
(944, 3, 8, 19, 10, 5.00000, 1.000000, '2026-02-16 05:54:29', '2026-02-16 07:13:42'),
(945, 3, 8, 19, 11, 5.00000, 1.000000, '2026-02-16 05:54:29', '2026-02-16 07:13:42'),
(946, 3, 8, 19, 12, 5.00000, 1.000000, '2026-02-16 05:54:29', '2026-02-16 07:13:42'),
(947, 3, 8, 19, 13, 5.00000, 1.000000, '2026-02-16 05:54:29', '2026-02-16 07:13:42'),
(948, 3, 8, 20, 9, 4.00000, 0.900000, '2026-02-16 05:54:29', '2026-02-16 07:13:42'),
(949, 3, 8, 20, 10, 4.00000, 0.750000, '2026-02-16 05:54:29', '2026-02-16 07:13:42'),
(950, 3, 8, 20, 11, 4.00000, 0.550000, '2026-02-16 05:54:29', '2026-02-16 07:13:42'),
(951, 3, 8, 20, 12, 4.00000, 0.550000, '2026-02-16 05:54:29', '2026-02-16 07:13:42'),
(952, 3, 8, 20, 13, 4.00000, 0.900000, '2026-02-16 05:54:29', '2026-02-16 07:13:42'),
(953, 3, 8, 21, 9, 3.00000, 0.700000, '2026-02-16 05:54:29', '2026-02-16 07:13:42'),
(954, 3, 8, 21, 10, 3.00000, 0.500000, '2026-02-16 05:54:29', '2026-02-16 07:13:42'),
(955, 3, 8, 21, 11, 3.00000, 0.250000, '2026-02-16 05:54:29', '2026-02-16 07:13:42'),
(956, 3, 8, 21, 12, 3.00000, 0.250000, '2026-02-16 05:54:29', '2026-02-16 07:13:42'),
(957, 3, 8, 21, 13, 3.00000, 0.700000, '2026-02-16 05:54:29', '2026-02-16 07:13:42'),
(958, 3, 8, 22, 9, 5.00000, 1.000000, '2026-02-16 05:54:29', '2026-02-16 07:13:42'),
(959, 3, 8, 22, 10, 5.00000, 1.000000, '2026-02-16 05:54:29', '2026-02-16 07:13:42'),
(960, 3, 8, 22, 11, 5.00000, 1.000000, '2026-02-16 05:54:29', '2026-02-16 07:13:42'),
(961, 3, 8, 22, 12, 5.00000, 1.000000, '2026-02-16 05:54:29', '2026-02-16 07:13:42'),
(962, 3, 8, 22, 13, 5.00000, 1.000000, '2026-02-16 05:54:29', '2026-02-16 07:13:42'),
(963, 3, 8, 23, 9, 4.00000, 0.900000, '2026-02-16 05:54:29', '2026-02-16 07:13:42'),
(964, 3, 8, 23, 10, 4.00000, 0.750000, '2026-02-16 05:54:29', '2026-02-16 07:13:42'),
(965, 3, 8, 23, 11, 4.00000, 0.550000, '2026-02-16 05:54:29', '2026-02-16 07:13:42'),
(966, 3, 8, 23, 12, 4.00000, 0.550000, '2026-02-16 05:54:29', '2026-02-16 07:13:42'),
(967, 3, 8, 23, 13, 4.00000, 0.900000, '2026-02-16 05:54:29', '2026-02-16 07:13:42'),
(968, 3, 8, 24, 9, 5.00000, 1.000000, '2026-02-16 05:54:29', '2026-02-16 07:13:42'),
(969, 3, 8, 24, 10, 5.00000, 1.000000, '2026-02-16 05:54:29', '2026-02-16 07:13:42'),
(970, 3, 8, 24, 11, 5.00000, 1.000000, '2026-02-16 05:54:29', '2026-02-16 07:13:42'),
(971, 3, 8, 24, 12, 5.00000, 1.000000, '2026-02-16 05:54:29', '2026-02-16 07:13:42'),
(972, 3, 8, 24, 13, 5.00000, 1.000000, '2026-02-16 05:54:29', '2026-02-16 07:13:42'),
(973, 3, 8, 25, 9, 5.00000, 1.000000, '2026-02-16 05:54:29', '2026-02-16 07:13:42'),
(974, 3, 8, 25, 10, 5.00000, 1.000000, '2026-02-16 05:54:29', '2026-02-16 07:13:42'),
(975, 3, 8, 25, 11, 5.00000, 1.000000, '2026-02-16 05:54:29', '2026-02-16 07:13:42'),
(976, 3, 8, 25, 12, 5.00000, 1.000000, '2026-02-16 05:54:29', '2026-02-16 07:13:42'),
(977, 3, 8, 25, 13, 5.00000, 1.000000, '2026-02-16 05:54:29', '2026-02-16 07:13:42'),
(978, 3, 8, 26, 9, 5.00000, 1.000000, '2026-02-16 05:54:29', '2026-02-16 07:13:42'),
(979, 3, 8, 26, 10, 5.00000, 1.000000, '2026-02-16 05:54:29', '2026-02-16 07:13:42'),
(980, 3, 8, 26, 11, 5.00000, 1.000000, '2026-02-16 05:54:29', '2026-02-16 07:13:42'),
(981, 3, 8, 26, 12, 5.00000, 1.000000, '2026-02-16 05:54:29', '2026-02-16 07:13:42'),
(982, 3, 8, 26, 13, 5.00000, 1.000000, '2026-02-16 05:54:29', '2026-02-16 07:13:42'),
(983, 3, 8, 27, 9, 5.00000, 1.000000, '2026-02-16 05:54:29', '2026-02-16 07:13:42'),
(984, 3, 8, 27, 10, 5.00000, 1.000000, '2026-02-16 05:54:29', '2026-02-16 07:13:42'),
(985, 3, 8, 27, 11, 5.00000, 1.000000, '2026-02-16 05:54:29', '2026-02-16 07:13:42'),
(986, 3, 8, 27, 12, 5.00000, 1.000000, '2026-02-16 05:54:29', '2026-02-16 07:13:42'),
(987, 3, 8, 27, 13, 5.00000, 1.000000, '2026-02-16 05:54:29', '2026-02-16 07:13:42'),
(988, 3, 8, 28, 9, 4.00000, 0.900000, '2026-02-16 05:54:29', '2026-02-16 07:13:42'),
(989, 3, 8, 28, 10, 4.00000, 0.750000, '2026-02-16 05:54:29', '2026-02-16 07:13:42'),
(990, 3, 8, 28, 11, 4.00000, 0.550000, '2026-02-16 05:54:29', '2026-02-16 07:13:42'),
(991, 3, 8, 28, 12, 4.00000, 0.550000, '2026-02-16 05:54:29', '2026-02-16 07:13:42'),
(992, 3, 8, 28, 13, 4.00000, 0.900000, '2026-02-16 05:54:29', '2026-02-16 07:13:42'),
(993, 3, 8, 29, 9, 5.00000, 1.000000, '2026-02-16 05:54:29', '2026-02-16 07:13:42'),
(994, 3, 8, 29, 10, 5.00000, 1.000000, '2026-02-16 05:54:29', '2026-02-16 07:13:42'),
(995, 3, 8, 29, 11, 5.00000, 1.000000, '2026-02-16 05:54:29', '2026-02-16 07:13:42'),
(996, 3, 8, 29, 12, 5.00000, 1.000000, '2026-02-16 05:54:29', '2026-02-16 07:13:42'),
(997, 3, 8, 29, 13, 5.00000, 1.000000, '2026-02-16 05:54:29', '2026-02-16 07:13:42'),
(998, 3, 8, 30, 9, 3.00000, 0.700000, '2026-02-16 05:54:29', '2026-02-16 07:13:42'),
(999, 3, 8, 30, 10, 3.00000, 0.500000, '2026-02-16 05:54:29', '2026-02-16 07:13:42'),
(1000, 3, 8, 30, 11, 3.00000, 0.250000, '2026-02-16 05:54:29', '2026-02-16 07:13:42'),
(1001, 3, 8, 30, 12, 3.00000, 0.250000, '2026-02-16 05:54:29', '2026-02-16 07:13:42'),
(1002, 3, 8, 30, 13, 3.00000, 0.700000, '2026-02-16 05:54:29', '2026-02-16 07:13:42'),
(1003, 3, 8, 31, 9, 5.00000, 1.000000, '2026-02-16 05:54:29', '2026-02-16 07:13:42'),
(1004, 3, 8, 31, 10, 5.00000, 1.000000, '2026-02-16 05:54:29', '2026-02-16 07:13:42'),
(1005, 3, 8, 31, 11, 5.00000, 1.000000, '2026-02-16 05:54:29', '2026-02-16 07:13:42'),
(1006, 3, 8, 31, 12, 5.00000, 1.000000, '2026-02-16 05:54:29', '2026-02-16 07:13:42'),
(1007, 3, 8, 31, 13, 5.00000, 1.000000, '2026-02-16 05:54:29', '2026-02-16 07:13:42'),
(1008, 3, 8, 32, 9, 5.00000, 1.000000, '2026-02-16 05:54:29', '2026-02-16 07:13:42'),
(1009, 3, 8, 32, 10, 5.00000, 1.000000, '2026-02-16 05:54:29', '2026-02-16 07:13:42'),
(1010, 3, 8, 32, 11, 5.00000, 1.000000, '2026-02-16 05:54:29', '2026-02-16 07:13:42'),
(1011, 3, 8, 32, 12, 5.00000, 1.000000, '2026-02-16 05:54:29', '2026-02-16 07:13:42'),
(1012, 3, 8, 32, 13, 5.00000, 1.000000, '2026-02-16 05:54:29', '2026-02-16 07:13:42'),
(1013, 3, 8, 33, 9, 4.00000, 0.900000, '2026-02-16 05:54:29', '2026-02-16 07:13:42'),
(1014, 3, 8, 33, 10, 4.00000, 0.750000, '2026-02-16 05:54:29', '2026-02-16 07:13:42'),
(1015, 3, 8, 33, 11, 5.00000, 1.000000, '2026-02-16 05:54:29', '2026-02-16 07:13:42'),
(1016, 3, 8, 33, 12, 4.00000, 0.550000, '2026-02-16 05:54:29', '2026-02-16 07:13:42'),
(1017, 3, 8, 33, 13, 4.00000, 0.900000, '2026-02-16 05:54:29', '2026-02-16 07:13:42'),
(1018, 3, 8, 34, 9, 4.00000, 0.900000, '2026-02-16 05:54:29', '2026-02-16 07:13:42'),
(1019, 3, 8, 34, 10, 4.00000, 0.750000, '2026-02-16 05:54:29', '2026-02-16 07:13:42'),
(1020, 3, 8, 34, 11, 4.00000, 0.550000, '2026-02-16 05:54:29', '2026-02-16 07:13:42'),
(1021, 3, 8, 34, 12, 4.00000, 0.550000, '2026-02-16 05:54:29', '2026-02-16 07:13:42'),
(1022, 3, 8, 34, 13, 4.00000, 0.900000, '2026-02-16 05:54:29', '2026-02-16 07:13:42'),
(1023, 3, 8, 35, 9, 5.00000, 1.000000, '2026-02-16 05:54:29', '2026-02-16 07:13:42'),
(1024, 3, 8, 35, 10, 5.00000, 1.000000, '2026-02-16 05:54:29', '2026-02-16 07:13:42'),
(1025, 3, 8, 35, 11, 5.00000, 1.000000, '2026-02-16 05:54:29', '2026-02-16 07:13:42'),
(1026, 3, 8, 35, 12, 5.00000, 1.000000, '2026-02-16 05:54:29', '2026-02-16 07:13:42'),
(1027, 3, 8, 35, 13, 5.00000, 1.000000, '2026-02-16 05:54:29', '2026-02-16 07:13:42'),
(1028, 3, 8, 36, 9, 4.00000, 0.900000, '2026-02-16 05:54:29', '2026-02-16 07:13:42'),
(1029, 3, 8, 36, 10, 4.00000, 0.750000, '2026-02-16 05:54:29', '2026-02-16 07:13:42'),
(1030, 3, 8, 36, 11, 4.00000, 0.550000, '2026-02-16 05:54:29', '2026-02-16 07:13:42'),
(1031, 3, 8, 36, 12, 4.00000, 0.550000, '2026-02-16 05:54:29', '2026-02-16 07:13:42'),
(1032, 3, 8, 36, 13, 4.00000, 0.900000, '2026-02-16 05:54:29', '2026-02-16 07:13:42'),
(1033, 3, 8, 37, 9, 3.00000, 0.700000, '2026-02-16 05:54:29', '2026-02-16 07:13:42'),
(1034, 3, 8, 37, 10, 3.00000, 0.500000, '2026-02-16 05:54:29', '2026-02-16 07:13:42'),
(1035, 3, 8, 37, 11, 3.00000, 0.250000, '2026-02-16 05:54:29', '2026-02-16 07:13:42'),
(1036, 3, 8, 37, 12, 3.00000, 0.250000, '2026-02-16 05:54:29', '2026-02-16 07:13:42'),
(1037, 3, 8, 37, 13, 3.00000, 0.700000, '2026-02-16 05:54:29', '2026-02-16 07:13:42'),
(1038, 3, 8, 38, 9, 5.00000, 1.000000, '2026-02-16 05:54:29', '2026-02-16 07:13:42'),
(1039, 3, 8, 38, 10, 5.00000, 1.000000, '2026-02-16 05:54:29', '2026-02-16 07:13:42'),
(1040, 3, 8, 38, 11, 5.00000, 1.000000, '2026-02-16 05:54:29', '2026-02-16 07:13:42'),
(1041, 3, 8, 38, 12, 5.00000, 1.000000, '2026-02-16 05:54:29', '2026-02-16 07:13:42'),
(1042, 3, 8, 38, 13, 5.00000, 1.000000, '2026-02-16 05:54:29', '2026-02-16 07:13:42'),
(1043, 3, 8, 39, 9, 4.00000, 0.900000, '2026-02-16 05:54:29', '2026-02-16 07:13:42'),
(1044, 3, 8, 39, 10, 4.00000, 0.750000, '2026-02-16 05:54:29', '2026-02-16 07:13:42'),
(1045, 3, 8, 39, 11, 4.00000, 0.550000, '2026-02-16 05:54:29', '2026-02-16 07:13:42'),
(1046, 3, 8, 39, 12, 4.00000, 0.550000, '2026-02-16 05:54:29', '2026-02-16 07:13:42'),
(1047, 3, 8, 39, 13, 4.00000, 0.900000, '2026-02-16 05:54:29', '2026-02-16 07:13:42'),
(1048, 3, 8, 40, 9, 4.00000, 0.900000, '2026-02-16 05:54:29', '2026-02-16 07:13:42'),
(1049, 3, 8, 40, 10, 4.00000, 0.750000, '2026-02-16 05:54:29', '2026-02-16 07:13:42'),
(1050, 3, 8, 40, 11, 4.00000, 0.550000, '2026-02-16 05:54:29', '2026-02-16 07:13:42'),
(1051, 3, 8, 40, 12, 4.00000, 0.550000, '2026-02-16 05:54:29', '2026-02-16 07:13:42'),
(1052, 3, 8, 40, 13, 4.00000, 0.900000, '2026-02-16 05:54:29', '2026-02-16 07:13:42'),
(1053, 3, 8, 41, 9, 4.00000, 0.900000, '2026-02-16 05:54:29', '2026-02-16 07:13:42'),
(1054, 3, 8, 41, 10, 4.00000, 0.750000, '2026-02-16 05:54:29', '2026-02-16 07:13:42'),
(1055, 3, 8, 41, 11, 4.00000, 0.550000, '2026-02-16 05:54:29', '2026-02-16 07:13:42'),
(1056, 3, 8, 41, 12, 4.00000, 0.550000, '2026-02-16 05:54:29', '2026-02-16 07:13:42'),
(1057, 3, 8, 41, 13, 4.00000, 0.900000, '2026-02-16 05:54:29', '2026-02-16 07:13:42'),
(1058, 3, 8, 42, 9, 5.00000, 1.000000, '2026-02-16 05:54:29', '2026-02-16 07:13:42'),
(1059, 3, 8, 42, 10, 5.00000, 1.000000, '2026-02-16 05:54:29', '2026-02-16 07:13:42'),
(1060, 3, 8, 42, 11, 5.00000, 1.000000, '2026-02-16 05:54:29', '2026-02-16 07:13:42'),
(1061, 3, 8, 42, 12, 5.00000, 1.000000, '2026-02-16 05:54:29', '2026-02-16 07:13:42'),
(1062, 3, 8, 42, 13, 5.00000, 1.000000, '2026-02-16 05:54:29', '2026-02-16 07:13:42'),
(1063, 3, 8, 43, 9, 4.00000, 0.900000, '2026-02-16 05:54:29', '2026-02-16 07:13:42'),
(1064, 3, 8, 43, 10, 4.00000, 0.750000, '2026-02-16 05:54:29', '2026-02-16 07:13:42'),
(1065, 3, 8, 43, 11, 4.00000, 0.550000, '2026-02-16 05:54:29', '2026-02-16 07:13:42'),
(1066, 3, 8, 43, 12, 4.00000, 0.550000, '2026-02-16 05:54:29', '2026-02-16 07:13:42'),
(1067, 3, 8, 43, 13, 4.00000, 0.900000, '2026-02-16 05:54:29', '2026-02-16 07:13:42'),
(1068, 3, 8, 44, 9, 5.00000, 1.000000, '2026-02-16 05:54:29', '2026-02-16 07:13:42'),
(1069, 3, 8, 44, 10, 5.00000, 1.000000, '2026-02-16 05:54:29', '2026-02-16 07:13:42'),
(1070, 3, 8, 44, 11, 5.00000, 1.000000, '2026-02-16 05:54:29', '2026-02-16 07:13:42'),
(1071, 3, 8, 44, 12, 5.00000, 1.000000, '2026-02-16 05:54:29', '2026-02-16 07:13:42'),
(1072, 3, 8, 44, 13, 5.00000, 1.000000, '2026-02-16 05:54:29', '2026-02-16 07:13:42'),
(1073, 3, 8, 45, 9, 4.00000, 0.900000, '2026-02-16 05:54:29', '2026-02-16 07:13:42'),
(1074, 3, 8, 45, 10, 4.00000, 0.750000, '2026-02-16 05:54:29', '2026-02-16 07:13:42'),
(1075, 3, 8, 45, 11, 4.00000, 0.550000, '2026-02-16 05:54:29', '2026-02-16 07:13:42'),
(1076, 3, 8, 45, 12, 4.00000, 0.550000, '2026-02-16 05:54:29', '2026-02-16 07:13:42'),
(1077, 3, 8, 45, 13, 4.00000, 0.900000, '2026-02-16 05:54:29', '2026-02-16 07:13:42'),
(1078, 3, 10, 14, 9, 4.00000, 0.900000, '2026-02-16 05:54:29', '2026-02-16 07:17:42'),
(1079, 3, 10, 14, 10, 3.00000, 0.500000, '2026-02-16 05:54:29', '2026-02-16 07:17:42'),
(1080, 3, 10, 14, 11, 4.00000, 0.550000, '2026-02-16 05:54:29', '2026-02-16 07:17:42'),
(1081, 3, 10, 14, 12, 3.00000, 0.250000, '2026-02-16 05:54:29', '2026-02-16 07:17:42'),
(1082, 3, 10, 14, 13, 3.00000, 0.700000, '2026-02-16 05:54:29', '2026-02-16 07:17:42'),
(1083, 3, 10, 15, 9, 3.00000, 0.700000, '2026-02-16 05:54:29', '2026-02-16 07:17:42'),
(1084, 3, 10, 15, 10, 2.00000, 0.250000, '2026-02-16 05:54:29', '2026-02-16 07:17:42'),
(1085, 3, 10, 15, 11, 3.00000, 0.250000, '2026-02-16 05:54:29', '2026-02-16 07:17:42'),
(1086, 3, 10, 15, 12, 3.00000, 0.250000, '2026-02-16 05:54:29', '2026-02-16 07:17:42'),
(1087, 3, 10, 15, 13, 3.00000, 0.700000, '2026-02-16 05:54:29', '2026-02-16 07:17:42'),
(1088, 3, 10, 16, 9, 3.00000, 0.700000, '2026-02-16 05:54:29', '2026-02-16 07:17:42'),
(1089, 3, 10, 16, 10, 4.00000, 0.750000, '2026-02-16 05:54:29', '2026-02-16 07:17:42'),
(1090, 3, 10, 16, 11, 3.00000, 0.250000, '2026-02-16 05:54:29', '2026-02-16 07:17:42'),
(1091, 3, 10, 16, 12, 3.00000, 0.250000, '2026-02-16 05:54:29', '2026-02-16 07:17:42'),
(1092, 3, 10, 16, 13, 3.00000, 0.700000, '2026-02-16 05:54:29', '2026-02-16 07:17:42'),
(1093, 3, 10, 17, 9, 3.00000, 0.700000, '2026-02-16 05:54:29', '2026-02-16 07:17:42'),
(1094, 3, 10, 17, 10, 2.00000, 0.250000, '2026-02-16 05:54:29', '2026-02-16 07:17:42'),
(1095, 3, 10, 17, 11, 3.00000, 0.250000, '2026-02-16 05:54:29', '2026-02-16 07:17:42'),
(1096, 3, 10, 17, 12, 2.00000, 0.110000, '2026-02-16 05:54:29', '2026-02-16 07:17:42'),
(1097, 3, 10, 17, 13, 3.00000, 0.700000, '2026-02-16 05:54:29', '2026-02-16 07:17:42'),
(1098, 3, 10, 18, 9, 4.00000, 0.900000, '2026-02-16 05:54:29', '2026-02-16 07:17:42'),
(1099, 3, 10, 18, 10, 3.00000, 0.500000, '2026-02-16 05:54:29', '2026-02-16 07:17:42'),
(1100, 3, 10, 18, 11, 3.00000, 0.250000, '2026-02-16 05:54:29', '2026-02-16 07:17:42'),
(1101, 3, 10, 18, 12, 3.00000, 0.250000, '2026-02-16 05:54:29', '2026-02-16 07:17:42'),
(1102, 3, 10, 18, 13, 4.00000, 0.900000, '2026-02-16 05:54:29', '2026-02-16 07:17:42'),
(1103, 3, 10, 19, 9, 3.00000, 0.700000, '2026-02-16 05:54:29', '2026-02-16 07:17:42'),
(1104, 3, 10, 19, 10, 3.00000, 0.500000, '2026-02-16 05:54:29', '2026-02-16 07:17:42'),
(1105, 3, 10, 19, 11, 4.00000, 0.550000, '2026-02-16 05:54:29', '2026-02-16 07:17:42'),
(1106, 3, 10, 19, 12, 3.00000, 0.250000, '2026-02-16 05:54:29', '2026-02-16 07:17:42'),
(1107, 3, 10, 19, 13, 4.00000, 0.900000, '2026-02-16 05:54:29', '2026-02-16 07:17:42'),
(1108, 3, 10, 20, 9, 3.00000, 0.700000, '2026-02-16 05:54:29', '2026-02-16 07:17:42'),
(1109, 3, 10, 20, 10, 3.00000, 0.500000, '2026-02-16 05:54:29', '2026-02-16 07:17:42'),
(1110, 3, 10, 20, 11, 4.00000, 0.550000, '2026-02-16 05:54:29', '2026-02-16 07:17:42'),
(1111, 3, 10, 20, 12, 4.00000, 0.550000, '2026-02-16 05:54:29', '2026-02-16 07:17:42'),
(1112, 3, 10, 20, 13, 4.00000, 0.900000, '2026-02-16 05:54:29', '2026-02-16 07:17:42'),
(1113, 3, 10, 21, 9, 3.00000, 0.700000, '2026-02-16 05:54:29', '2026-02-16 07:17:42'),
(1114, 3, 10, 21, 10, 3.00000, 0.500000, '2026-02-16 05:54:29', '2026-02-16 07:17:42'),
(1115, 3, 10, 21, 11, 2.00000, 0.100000, '2026-02-16 05:54:29', '2026-02-16 07:17:42'),
(1116, 3, 10, 21, 12, 2.00000, 0.110000, '2026-02-16 05:54:29', '2026-02-16 07:17:42'),
(1117, 3, 10, 21, 13, 4.00000, 0.900000, '2026-02-16 05:54:29', '2026-02-16 07:17:42'),
(1118, 3, 10, 22, 9, 3.00000, 0.700000, '2026-02-16 05:54:29', '2026-02-16 07:17:42'),
(1119, 3, 10, 22, 10, 3.00000, 0.500000, '2026-02-16 05:54:29', '2026-02-16 07:17:42'),
(1120, 3, 10, 22, 11, 3.00000, 0.250000, '2026-02-16 05:54:29', '2026-02-16 07:17:42'),
(1121, 3, 10, 22, 12, 3.00000, 0.250000, '2026-02-16 05:54:29', '2026-02-16 07:17:42'),
(1122, 3, 10, 22, 13, 4.00000, 0.900000, '2026-02-16 05:54:29', '2026-02-16 07:17:42'),
(1123, 3, 10, 23, 9, 4.00000, 0.900000, '2026-02-16 05:54:29', '2026-02-16 07:17:42'),
(1124, 3, 10, 23, 10, 3.00000, 0.500000, '2026-02-16 05:54:29', '2026-02-16 07:17:42'),
(1125, 3, 10, 23, 11, 3.00000, 0.250000, '2026-02-16 05:54:29', '2026-02-16 07:17:42'),
(1126, 3, 10, 23, 12, 3.00000, 0.250000, '2026-02-16 05:54:29', '2026-02-16 07:17:42'),
(1127, 3, 10, 23, 13, 4.00000, 0.900000, '2026-02-16 05:54:29', '2026-02-16 07:17:42'),
(1128, 3, 10, 24, 9, 3.00000, 0.700000, '2026-02-16 05:54:29', '2026-02-16 07:17:42'),
(1129, 3, 10, 24, 10, 3.00000, 0.500000, '2026-02-16 05:54:29', '2026-02-16 07:17:42'),
(1130, 3, 10, 24, 11, 4.00000, 0.550000, '2026-02-16 05:54:29', '2026-02-16 07:17:42'),
(1131, 3, 10, 24, 12, 4.00000, 0.550000, '2026-02-16 05:54:29', '2026-02-16 07:17:42'),
(1132, 3, 10, 24, 13, 4.00000, 0.900000, '2026-02-16 05:54:29', '2026-02-16 07:17:42'),
(1133, 3, 10, 25, 9, 3.00000, 0.700000, '2026-02-16 05:54:29', '2026-02-16 07:17:42'),
(1134, 3, 10, 25, 10, 3.00000, 0.500000, '2026-02-16 05:54:29', '2026-02-16 07:17:42'),
(1135, 3, 10, 25, 11, 3.00000, 0.250000, '2026-02-16 05:54:29', '2026-02-16 07:17:42'),
(1136, 3, 10, 25, 12, 3.00000, 0.250000, '2026-02-16 05:54:29', '2026-02-16 07:17:42'),
(1137, 3, 10, 25, 13, 4.00000, 0.900000, '2026-02-16 05:54:29', '2026-02-16 07:17:42'),
(1138, 3, 10, 26, 9, 4.00000, 0.900000, '2026-02-16 05:54:29', '2026-02-16 07:17:42'),
(1139, 3, 10, 26, 10, 3.00000, 0.500000, '2026-02-16 05:54:29', '2026-02-16 07:17:42'),
(1140, 3, 10, 26, 11, 4.00000, 0.550000, '2026-02-16 05:54:29', '2026-02-16 07:17:42'),
(1141, 3, 10, 26, 12, 4.00000, 0.550000, '2026-02-16 05:54:29', '2026-02-16 07:17:42'),
(1142, 3, 10, 26, 13, 4.00000, 0.900000, '2026-02-16 05:54:29', '2026-02-16 07:17:42'),
(1143, 3, 10, 27, 9, 4.00000, 0.900000, '2026-02-16 05:54:29', '2026-02-16 07:17:42'),
(1144, 3, 10, 27, 10, 3.00000, 0.500000, '2026-02-16 05:54:29', '2026-02-16 07:17:42'),
(1145, 3, 10, 27, 11, 3.00000, 0.250000, '2026-02-16 05:54:29', '2026-02-16 07:17:42'),
(1146, 3, 10, 27, 12, 3.00000, 0.250000, '2026-02-16 05:54:29', '2026-02-16 07:17:42'),
(1147, 3, 10, 27, 13, 4.00000, 0.900000, '2026-02-16 05:54:29', '2026-02-16 07:17:42'),
(1148, 3, 10, 28, 9, 3.00000, 0.700000, '2026-02-16 05:54:29', '2026-02-16 07:17:42'),
(1149, 3, 10, 28, 10, 3.00000, 0.500000, '2026-02-16 05:54:29', '2026-02-16 07:17:42'),
(1150, 3, 10, 28, 11, 4.00000, 0.550000, '2026-02-16 05:54:29', '2026-02-16 07:17:42'),
(1151, 3, 10, 28, 12, 4.00000, 0.550000, '2026-02-16 05:54:29', '2026-02-16 07:17:42'),
(1152, 3, 10, 28, 13, 4.00000, 0.900000, '2026-02-16 05:54:29', '2026-02-16 07:17:42'),
(1153, 3, 10, 29, 9, 4.00000, 0.900000, '2026-02-16 05:54:29', '2026-02-16 07:17:42'),
(1154, 3, 10, 29, 10, 3.00000, 0.500000, '2026-02-16 05:54:29', '2026-02-16 07:17:42'),
(1155, 3, 10, 29, 11, 4.00000, 0.550000, '2026-02-16 05:54:29', '2026-02-16 07:17:42'),
(1156, 3, 10, 29, 12, 3.00000, 0.250000, '2026-02-16 05:54:29', '2026-02-16 07:17:42'),
(1157, 3, 10, 29, 13, 3.00000, 0.700000, '2026-02-16 05:54:29', '2026-02-16 07:17:42'),
(1158, 3, 10, 30, 9, 3.00000, 0.700000, '2026-02-16 05:54:29', '2026-02-16 07:17:42'),
(1159, 3, 10, 30, 10, 4.00000, 0.750000, '2026-02-16 05:54:29', '2026-02-16 07:17:42'),
(1160, 3, 10, 30, 11, 4.00000, 0.550000, '2026-02-16 05:54:29', '2026-02-16 07:17:42'),
(1161, 3, 10, 30, 12, 3.00000, 0.250000, '2026-02-16 05:54:29', '2026-02-16 07:17:42'),
(1162, 3, 10, 30, 13, 4.00000, 0.900000, '2026-02-16 05:54:29', '2026-02-16 07:17:42'),
(1163, 3, 10, 31, 9, 3.00000, 0.700000, '2026-02-16 05:54:29', '2026-02-16 07:17:42'),
(1164, 3, 10, 31, 10, 3.00000, 0.500000, '2026-02-16 05:54:29', '2026-02-16 07:17:42'),
(1165, 3, 10, 31, 11, 4.00000, 0.550000, '2026-02-16 05:54:29', '2026-02-16 07:17:42'),
(1166, 3, 10, 31, 12, 4.00000, 0.550000, '2026-02-16 05:54:29', '2026-02-16 07:17:42'),
(1167, 3, 10, 31, 13, 3.00000, 0.700000, '2026-02-16 05:54:29', '2026-02-16 07:17:42'),
(1168, 3, 10, 32, 9, 2.00000, 0.400000, '2026-02-16 05:54:29', '2026-02-16 07:17:42'),
(1169, 3, 10, 32, 10, 2.00000, 0.250000, '2026-02-16 05:54:29', '2026-02-16 07:17:42'),
(1170, 3, 10, 32, 11, 3.00000, 0.250000, '2026-02-16 05:54:29', '2026-02-16 07:17:42'),
(1171, 3, 10, 32, 12, 2.00000, 0.110000, '2026-02-16 05:54:29', '2026-02-16 07:17:42'),
(1172, 3, 10, 32, 13, 3.00000, 0.700000, '2026-02-16 05:54:29', '2026-02-16 07:17:42'),
(1173, 3, 10, 33, 9, 3.00000, 0.700000, '2026-02-16 05:54:29', '2026-02-16 07:17:42'),
(1174, 3, 10, 33, 10, 3.00000, 0.500000, '2026-02-16 05:54:29', '2026-02-16 07:17:42'),
(1175, 3, 10, 33, 11, 3.00000, 0.250000, '2026-02-16 05:54:29', '2026-02-16 07:17:42'),
(1176, 3, 10, 33, 12, 3.00000, 0.250000, '2026-02-16 05:54:29', '2026-02-16 07:17:42'),
(1177, 3, 10, 33, 13, 4.00000, 0.900000, '2026-02-16 05:54:29', '2026-02-16 07:17:42'),
(1178, 3, 10, 34, 9, 3.00000, 0.700000, '2026-02-16 05:54:29', '2026-02-16 07:17:42'),
(1179, 3, 10, 34, 10, 3.00000, 0.500000, '2026-02-16 05:54:29', '2026-02-16 07:17:42'),
(1180, 3, 10, 34, 11, 4.00000, 0.550000, '2026-02-16 05:54:29', '2026-02-16 07:17:42'),
(1181, 3, 10, 34, 12, 3.00000, 0.250000, '2026-02-16 05:54:29', '2026-02-16 07:17:42'),
(1182, 3, 10, 34, 13, 3.00000, 0.700000, '2026-02-16 05:54:29', '2026-02-16 07:17:42'),
(1183, 3, 10, 35, 9, 3.00000, 0.700000, '2026-02-16 05:54:29', '2026-02-16 07:17:42'),
(1184, 3, 10, 35, 10, 3.00000, 0.500000, '2026-02-16 05:54:29', '2026-02-16 07:17:42'),
(1185, 3, 10, 35, 11, 3.00000, 0.250000, '2026-02-16 05:54:29', '2026-02-16 07:17:42'),
(1186, 3, 10, 35, 12, 3.00000, 0.250000, '2026-02-16 05:54:29', '2026-02-16 07:17:42'),
(1187, 3, 10, 35, 13, 4.00000, 0.900000, '2026-02-16 05:54:29', '2026-02-16 07:17:42'),
(1188, 3, 10, 36, 9, 3.00000, 0.700000, '2026-02-16 05:54:29', '2026-02-16 07:17:42'),
(1189, 3, 10, 36, 10, 2.00000, 0.250000, '2026-02-16 05:54:29', '2026-02-16 07:17:42'),
(1190, 3, 10, 36, 11, 2.00000, 0.100000, '2026-02-16 05:54:29', '2026-02-16 07:17:42');
INSERT INTO `alternative_evaluations` (`id`, `decision_session_id`, `dm_id`, `alternative_id`, `criteria_id`, `raw_value`, `utility_value`, `created_at`, `updated_at`) VALUES
(1191, 3, 10, 36, 12, 2.00000, 0.110000, '2026-02-16 05:54:29', '2026-02-16 07:17:42'),
(1192, 3, 10, 36, 13, 3.00000, 0.700000, '2026-02-16 05:54:29', '2026-02-16 07:17:42'),
(1193, 3, 10, 37, 9, 3.00000, 0.700000, '2026-02-16 05:54:29', '2026-02-16 07:17:42'),
(1194, 3, 10, 37, 10, 3.00000, 0.500000, '2026-02-16 05:54:29', '2026-02-16 07:17:42'),
(1195, 3, 10, 37, 11, 3.00000, 0.250000, '2026-02-16 05:54:29', '2026-02-16 07:17:42'),
(1196, 3, 10, 37, 12, 3.00000, 0.250000, '2026-02-16 05:54:29', '2026-02-16 07:17:42'),
(1197, 3, 10, 37, 13, 4.00000, 0.900000, '2026-02-16 05:54:29', '2026-02-16 07:17:42'),
(1198, 3, 10, 38, 9, 3.00000, 0.700000, '2026-02-16 05:54:29', '2026-02-16 07:17:42'),
(1199, 3, 10, 38, 10, 3.00000, 0.500000, '2026-02-16 05:54:29', '2026-02-16 07:17:42'),
(1200, 3, 10, 38, 11, 3.00000, 0.250000, '2026-02-16 05:54:29', '2026-02-16 07:17:42'),
(1201, 3, 10, 38, 12, 3.00000, 0.250000, '2026-02-16 05:54:29', '2026-02-16 07:17:42'),
(1202, 3, 10, 38, 13, 4.00000, 0.900000, '2026-02-16 05:54:29', '2026-02-16 07:17:42'),
(1203, 3, 10, 39, 9, 4.00000, 0.900000, '2026-02-16 05:54:29', '2026-02-16 07:17:42'),
(1204, 3, 10, 39, 10, 3.00000, 0.500000, '2026-02-16 05:54:29', '2026-02-16 07:17:42'),
(1205, 3, 10, 39, 11, 4.00000, 0.550000, '2026-02-16 05:54:29', '2026-02-16 07:17:42'),
(1206, 3, 10, 39, 12, 3.00000, 0.250000, '2026-02-16 05:54:29', '2026-02-16 07:17:42'),
(1207, 3, 10, 39, 13, 3.00000, 0.700000, '2026-02-16 05:54:29', '2026-02-16 07:17:42'),
(1208, 3, 10, 40, 9, 4.00000, 0.900000, '2026-02-16 05:54:29', '2026-02-16 07:17:42'),
(1209, 3, 10, 40, 10, 3.00000, 0.500000, '2026-02-16 05:54:29', '2026-02-16 07:17:42'),
(1210, 3, 10, 40, 11, 4.00000, 0.550000, '2026-02-16 05:54:29', '2026-02-16 07:17:42'),
(1211, 3, 10, 40, 12, 4.00000, 0.550000, '2026-02-16 05:54:29', '2026-02-16 07:17:42'),
(1212, 3, 10, 40, 13, 4.00000, 0.900000, '2026-02-16 05:54:29', '2026-02-16 07:17:42'),
(1213, 3, 10, 41, 9, 2.00000, 0.400000, '2026-02-16 05:54:29', '2026-02-16 07:17:42'),
(1214, 3, 10, 41, 10, 2.00000, 0.250000, '2026-02-16 05:54:29', '2026-02-16 07:17:42'),
(1215, 3, 10, 41, 11, 2.00000, 0.100000, '2026-02-16 05:54:29', '2026-02-16 07:17:42'),
(1216, 3, 10, 41, 12, 3.00000, 0.250000, '2026-02-16 05:54:29', '2026-02-16 07:17:42'),
(1217, 3, 10, 41, 13, 3.00000, 0.700000, '2026-02-16 05:54:29', '2026-02-16 07:17:42'),
(1218, 3, 10, 42, 9, 3.00000, 0.700000, '2026-02-16 05:54:29', '2026-02-16 07:17:42'),
(1219, 3, 10, 42, 10, 3.00000, 0.500000, '2026-02-16 05:54:29', '2026-02-16 07:17:42'),
(1220, 3, 10, 42, 11, 3.00000, 0.250000, '2026-02-16 05:54:29', '2026-02-16 07:17:42'),
(1221, 3, 10, 42, 12, 3.00000, 0.250000, '2026-02-16 05:54:29', '2026-02-16 07:17:42'),
(1222, 3, 10, 42, 13, 4.00000, 0.900000, '2026-02-16 05:54:29', '2026-02-16 07:17:42'),
(1223, 3, 10, 43, 9, 4.00000, 0.900000, '2026-02-16 05:54:29', '2026-02-16 07:17:42'),
(1224, 3, 10, 43, 10, 3.00000, 0.500000, '2026-02-16 05:54:29', '2026-02-16 07:17:42'),
(1225, 3, 10, 43, 11, 4.00000, 0.550000, '2026-02-16 05:54:29', '2026-02-16 07:17:42'),
(1226, 3, 10, 43, 12, 3.00000, 0.250000, '2026-02-16 05:54:29', '2026-02-16 07:17:42'),
(1227, 3, 10, 43, 13, 3.00000, 0.700000, '2026-02-16 05:54:29', '2026-02-16 07:17:42'),
(1228, 3, 10, 44, 9, 2.00000, 0.400000, '2026-02-16 05:54:29', '2026-02-16 07:17:42'),
(1229, 3, 10, 44, 10, 2.00000, 0.250000, '2026-02-16 05:54:29', '2026-02-16 07:17:42'),
(1230, 3, 10, 44, 11, 2.00000, 0.100000, '2026-02-16 05:54:29', '2026-02-16 07:17:42'),
(1231, 3, 10, 44, 12, 2.00000, 0.110000, '2026-02-16 05:54:29', '2026-02-16 07:17:42'),
(1232, 3, 10, 44, 13, 3.00000, 0.700000, '2026-02-16 05:54:29', '2026-02-16 07:17:42'),
(1233, 3, 10, 45, 9, 3.00000, 0.700000, '2026-02-16 05:54:29', '2026-02-16 07:17:42'),
(1234, 3, 10, 45, 10, 3.00000, 0.500000, '2026-02-16 05:54:29', '2026-02-16 07:17:42'),
(1235, 3, 10, 45, 11, 3.00000, 0.250000, '2026-02-16 05:54:29', '2026-02-16 07:17:42'),
(1236, 3, 10, 45, 12, 3.00000, 0.250000, '2026-02-16 05:54:29', '2026-02-16 07:17:42'),
(1237, 3, 10, 45, 13, 4.00000, 0.900000, '2026-02-16 05:54:29', '2026-02-16 07:17:42'),
(1238, 3, 11, 14, 9, 4.00000, 0.900000, '2026-02-16 05:54:29', '2026-02-16 07:17:56'),
(1239, 3, 11, 14, 10, 3.00000, 0.500000, '2026-02-16 05:54:29', '2026-02-16 07:17:56'),
(1240, 3, 11, 14, 11, 4.00000, 0.550000, '2026-02-16 05:54:29', '2026-02-16 07:17:56'),
(1241, 3, 11, 14, 12, 3.00000, 0.250000, '2026-02-16 05:54:29', '2026-02-16 07:17:56'),
(1242, 3, 11, 14, 13, 4.00000, 0.900000, '2026-02-16 05:54:29', '2026-02-16 07:17:56'),
(1243, 3, 11, 15, 9, 4.00000, 0.900000, '2026-02-16 05:54:29', '2026-02-16 07:17:56'),
(1244, 3, 11, 15, 10, 3.00000, 0.500000, '2026-02-16 05:54:29', '2026-02-16 07:17:56'),
(1245, 3, 11, 15, 11, 4.00000, 0.550000, '2026-02-16 05:54:29', '2026-02-16 07:17:56'),
(1246, 3, 11, 15, 12, 3.00000, 0.250000, '2026-02-16 05:54:29', '2026-02-16 07:17:56'),
(1247, 3, 11, 15, 13, 4.00000, 0.900000, '2026-02-16 05:54:29', '2026-02-16 07:17:56'),
(1248, 3, 11, 16, 9, 4.00000, 0.900000, '2026-02-16 05:54:29', '2026-02-16 07:17:56'),
(1249, 3, 11, 16, 10, 3.00000, 0.500000, '2026-02-16 05:54:29', '2026-02-16 07:17:56'),
(1250, 3, 11, 16, 11, 4.00000, 0.550000, '2026-02-16 05:54:29', '2026-02-16 07:17:56'),
(1251, 3, 11, 16, 12, 3.00000, 0.250000, '2026-02-16 05:54:29', '2026-02-16 07:17:56'),
(1252, 3, 11, 16, 13, 4.00000, 0.900000, '2026-02-16 05:54:29', '2026-02-16 07:17:56'),
(1253, 3, 11, 17, 9, 5.00000, 1.000000, '2026-02-16 05:54:29', '2026-02-16 07:17:56'),
(1254, 3, 11, 17, 10, 4.00000, 0.750000, '2026-02-16 05:54:29', '2026-02-16 07:17:56'),
(1255, 3, 11, 17, 11, 5.00000, 1.000000, '2026-02-16 05:54:29', '2026-02-16 07:17:56'),
(1256, 3, 11, 17, 12, 3.00000, 0.250000, '2026-02-16 05:54:29', '2026-02-16 07:17:56'),
(1257, 3, 11, 17, 13, 4.00000, 0.900000, '2026-02-16 05:54:29', '2026-02-16 07:17:56'),
(1258, 3, 11, 18, 9, 4.00000, 0.900000, '2026-02-16 05:54:29', '2026-02-16 07:17:56'),
(1259, 3, 11, 18, 10, 3.00000, 0.500000, '2026-02-16 05:54:29', '2026-02-16 07:17:56'),
(1260, 3, 11, 18, 11, 4.00000, 0.550000, '2026-02-16 05:54:29', '2026-02-16 07:17:56'),
(1261, 3, 11, 18, 12, 3.00000, 0.250000, '2026-02-16 05:54:29', '2026-02-16 07:17:56'),
(1262, 3, 11, 18, 13, 4.00000, 0.900000, '2026-02-16 05:54:29', '2026-02-16 07:17:56'),
(1263, 3, 11, 19, 9, 5.00000, 1.000000, '2026-02-16 05:54:29', '2026-02-16 07:17:56'),
(1264, 3, 11, 19, 10, 3.00000, 0.500000, '2026-02-16 05:54:29', '2026-02-16 07:17:56'),
(1265, 3, 11, 19, 11, 4.00000, 0.550000, '2026-02-16 05:54:29', '2026-02-16 07:17:56'),
(1266, 3, 11, 19, 12, 3.00000, 0.250000, '2026-02-16 05:54:29', '2026-02-16 07:17:56'),
(1267, 3, 11, 19, 13, 4.00000, 0.900000, '2026-02-16 05:54:29', '2026-02-16 07:17:56'),
(1268, 3, 11, 20, 9, 4.00000, 0.900000, '2026-02-16 05:54:29', '2026-02-16 07:17:56'),
(1269, 3, 11, 20, 10, 3.00000, 0.500000, '2026-02-16 05:54:29', '2026-02-16 07:17:56'),
(1270, 3, 11, 20, 11, 4.00000, 0.550000, '2026-02-16 05:54:29', '2026-02-16 07:17:56'),
(1271, 3, 11, 20, 12, 3.00000, 0.250000, '2026-02-16 05:54:29', '2026-02-16 07:17:56'),
(1272, 3, 11, 20, 13, 4.00000, 0.900000, '2026-02-16 05:54:29', '2026-02-16 07:17:56'),
(1273, 3, 11, 21, 9, 4.00000, 0.900000, '2026-02-16 05:54:29', '2026-02-16 07:17:56'),
(1274, 3, 11, 21, 10, 3.00000, 0.500000, '2026-02-16 05:54:29', '2026-02-16 07:17:56'),
(1275, 3, 11, 21, 11, 4.00000, 0.550000, '2026-02-16 05:54:29', '2026-02-16 07:17:56'),
(1276, 3, 11, 21, 12, 3.00000, 0.250000, '2026-02-16 05:54:29', '2026-02-16 07:17:56'),
(1277, 3, 11, 21, 13, 4.00000, 0.900000, '2026-02-16 05:54:29', '2026-02-16 07:17:56'),
(1278, 3, 11, 22, 9, 4.00000, 0.900000, '2026-02-16 05:54:29', '2026-02-16 07:17:56'),
(1279, 3, 11, 22, 10, 3.00000, 0.500000, '2026-02-16 05:54:29', '2026-02-16 07:17:56'),
(1280, 3, 11, 22, 11, 3.00000, 0.250000, '2026-02-16 05:54:29', '2026-02-16 07:17:56'),
(1281, 3, 11, 22, 12, 4.00000, 0.550000, '2026-02-16 05:54:29', '2026-02-16 07:17:56'),
(1282, 3, 11, 22, 13, 4.00000, 0.900000, '2026-02-16 05:54:29', '2026-02-16 07:17:56'),
(1283, 3, 11, 23, 9, 4.00000, 0.900000, '2026-02-16 05:54:29', '2026-02-16 07:17:56'),
(1284, 3, 11, 23, 10, 3.00000, 0.500000, '2026-02-16 05:54:29', '2026-02-16 07:17:56'),
(1285, 3, 11, 23, 11, 4.00000, 0.550000, '2026-02-16 05:54:29', '2026-02-16 07:17:56'),
(1286, 3, 11, 23, 12, 3.00000, 0.250000, '2026-02-16 05:54:29', '2026-02-16 07:17:56'),
(1287, 3, 11, 23, 13, 4.00000, 0.900000, '2026-02-16 05:54:29', '2026-02-16 07:17:56'),
(1288, 3, 11, 24, 9, 5.00000, 1.000000, '2026-02-16 05:54:29', '2026-02-16 07:17:56'),
(1289, 3, 11, 24, 10, 4.00000, 0.750000, '2026-02-16 05:54:29', '2026-02-16 07:17:56'),
(1290, 3, 11, 24, 11, 5.00000, 1.000000, '2026-02-16 05:54:29', '2026-02-16 07:17:56'),
(1291, 3, 11, 24, 12, 3.00000, 0.250000, '2026-02-16 05:54:29', '2026-02-16 07:17:56'),
(1292, 3, 11, 24, 13, 4.00000, 0.900000, '2026-02-16 05:54:29', '2026-02-16 07:17:56'),
(1293, 3, 11, 25, 9, 4.00000, 0.900000, '2026-02-16 05:54:29', '2026-02-16 07:17:56'),
(1294, 3, 11, 25, 10, 3.00000, 0.500000, '2026-02-16 05:54:29', '2026-02-16 07:17:56'),
(1295, 3, 11, 25, 11, 4.00000, 0.550000, '2026-02-16 05:54:29', '2026-02-16 07:17:56'),
(1296, 3, 11, 25, 12, 3.00000, 0.250000, '2026-02-16 05:54:29', '2026-02-16 07:17:56'),
(1297, 3, 11, 25, 13, 4.00000, 0.900000, '2026-02-16 05:54:29', '2026-02-16 07:17:56'),
(1298, 3, 11, 26, 9, 5.00000, 1.000000, '2026-02-16 05:54:29', '2026-02-16 07:17:56'),
(1299, 3, 11, 26, 10, 3.00000, 0.500000, '2026-02-16 05:54:29', '2026-02-16 07:17:56'),
(1300, 3, 11, 26, 11, 4.00000, 0.550000, '2026-02-16 05:54:29', '2026-02-16 07:17:56'),
(1301, 3, 11, 26, 12, 3.00000, 0.250000, '2026-02-16 05:54:29', '2026-02-16 07:17:56'),
(1302, 3, 11, 26, 13, 4.00000, 0.900000, '2026-02-16 05:54:29', '2026-02-16 07:17:56'),
(1303, 3, 11, 27, 9, 4.00000, 0.900000, '2026-02-16 05:54:29', '2026-02-16 07:17:56'),
(1304, 3, 11, 27, 10, 3.00000, 0.500000, '2026-02-16 05:54:29', '2026-02-16 07:17:56'),
(1305, 3, 11, 27, 11, 4.00000, 0.550000, '2026-02-16 05:54:29', '2026-02-16 07:17:56'),
(1306, 3, 11, 27, 12, 3.00000, 0.250000, '2026-02-16 05:54:29', '2026-02-16 07:17:56'),
(1307, 3, 11, 27, 13, 4.00000, 0.900000, '2026-02-16 05:54:29', '2026-02-16 07:17:56'),
(1308, 3, 11, 28, 9, 5.00000, 1.000000, '2026-02-16 05:54:29', '2026-02-16 07:17:56'),
(1309, 3, 11, 28, 10, 3.00000, 0.500000, '2026-02-16 05:54:29', '2026-02-16 07:17:56'),
(1310, 3, 11, 28, 11, 4.00000, 0.550000, '2026-02-16 05:54:29', '2026-02-16 07:17:56'),
(1311, 3, 11, 28, 12, 3.00000, 0.250000, '2026-02-16 05:54:29', '2026-02-16 07:17:56'),
(1312, 3, 11, 28, 13, 4.00000, 0.900000, '2026-02-16 05:54:29', '2026-02-16 07:17:56'),
(1313, 3, 11, 29, 9, 4.00000, 0.900000, '2026-02-16 05:54:29', '2026-02-16 07:17:56'),
(1314, 3, 11, 29, 10, 3.00000, 0.500000, '2026-02-16 05:54:29', '2026-02-16 07:17:56'),
(1315, 3, 11, 29, 11, 4.00000, 0.550000, '2026-02-16 05:54:29', '2026-02-16 07:17:56'),
(1316, 3, 11, 29, 12, 3.00000, 0.250000, '2026-02-16 05:54:29', '2026-02-16 07:17:56'),
(1317, 3, 11, 29, 13, 4.00000, 0.900000, '2026-02-16 05:54:29', '2026-02-16 07:17:56'),
(1318, 3, 11, 30, 9, 5.00000, 1.000000, '2026-02-16 05:54:29', '2026-02-16 07:17:56'),
(1319, 3, 11, 30, 10, 3.00000, 0.500000, '2026-02-16 05:54:29', '2026-02-16 07:17:56'),
(1320, 3, 11, 30, 11, 4.00000, 0.550000, '2026-02-16 05:54:29', '2026-02-16 07:17:56'),
(1321, 3, 11, 30, 12, 3.00000, 0.250000, '2026-02-16 05:54:29', '2026-02-16 07:17:56'),
(1322, 3, 11, 30, 13, 4.00000, 0.900000, '2026-02-16 05:54:29', '2026-02-16 07:17:56'),
(1323, 3, 11, 31, 9, 5.00000, 1.000000, '2026-02-16 05:54:29', '2026-02-16 07:17:56'),
(1324, 3, 11, 31, 10, 3.00000, 0.500000, '2026-02-16 05:54:29', '2026-02-16 07:17:56'),
(1325, 3, 11, 31, 11, 4.00000, 0.550000, '2026-02-16 05:54:29', '2026-02-16 07:17:56'),
(1326, 3, 11, 31, 12, 3.00000, 0.250000, '2026-02-16 05:54:29', '2026-02-16 07:17:56'),
(1327, 3, 11, 31, 13, 4.00000, 0.900000, '2026-02-16 05:54:29', '2026-02-16 07:17:56'),
(1328, 3, 11, 32, 9, 4.00000, 0.900000, '2026-02-16 05:54:29', '2026-02-16 07:17:56'),
(1329, 3, 11, 32, 10, 3.00000, 0.500000, '2026-02-16 05:54:29', '2026-02-16 07:17:56'),
(1330, 3, 11, 32, 11, 4.00000, 0.550000, '2026-02-16 05:54:29', '2026-02-16 07:17:56'),
(1331, 3, 11, 32, 12, 3.00000, 0.250000, '2026-02-16 05:54:29', '2026-02-16 07:17:56'),
(1332, 3, 11, 32, 13, 4.00000, 0.900000, '2026-02-16 05:54:29', '2026-02-16 07:17:56'),
(1333, 3, 11, 33, 9, 5.00000, 1.000000, '2026-02-16 05:54:29', '2026-02-16 07:17:56'),
(1334, 3, 11, 33, 10, 3.00000, 0.500000, '2026-02-16 05:54:29', '2026-02-16 07:17:56'),
(1335, 3, 11, 33, 11, 4.00000, 0.550000, '2026-02-16 05:54:29', '2026-02-16 07:17:56'),
(1336, 3, 11, 33, 12, 3.00000, 0.250000, '2026-02-16 05:54:29', '2026-02-16 07:17:56'),
(1337, 3, 11, 33, 13, 4.00000, 0.900000, '2026-02-16 05:54:29', '2026-02-16 07:17:56'),
(1338, 3, 11, 34, 9, 4.00000, 0.900000, '2026-02-16 05:54:29', '2026-02-16 07:17:56'),
(1339, 3, 11, 34, 10, 3.00000, 0.500000, '2026-02-16 05:54:29', '2026-02-16 07:17:56'),
(1340, 3, 11, 34, 11, 4.00000, 0.550000, '2026-02-16 05:54:29', '2026-02-16 07:17:56'),
(1341, 3, 11, 34, 12, 3.00000, 0.250000, '2026-02-16 05:54:29', '2026-02-16 07:17:56'),
(1342, 3, 11, 34, 13, 4.00000, 0.900000, '2026-02-16 05:54:29', '2026-02-16 07:17:56'),
(1343, 3, 11, 35, 9, 5.00000, 1.000000, '2026-02-16 05:54:29', '2026-02-16 07:17:56'),
(1344, 3, 11, 35, 10, 4.00000, 0.750000, '2026-02-16 05:54:29', '2026-02-16 07:17:56'),
(1345, 3, 11, 35, 11, 5.00000, 1.000000, '2026-02-16 05:54:29', '2026-02-16 07:17:56'),
(1346, 3, 11, 35, 12, 3.00000, 0.250000, '2026-02-16 05:54:29', '2026-02-16 07:17:56'),
(1347, 3, 11, 35, 13, 4.00000, 0.900000, '2026-02-16 05:54:29', '2026-02-16 07:17:56'),
(1348, 3, 11, 36, 9, 4.00000, 0.900000, '2026-02-16 05:54:29', '2026-02-16 07:17:56'),
(1349, 3, 11, 36, 10, 3.00000, 0.500000, '2026-02-16 05:54:29', '2026-02-16 07:17:56'),
(1350, 3, 11, 36, 11, 4.00000, 0.550000, '2026-02-16 05:54:29', '2026-02-16 07:17:56'),
(1351, 3, 11, 36, 12, 4.00000, 0.550000, '2026-02-16 05:54:29', '2026-02-16 07:17:56'),
(1352, 3, 11, 36, 13, 3.00000, 0.700000, '2026-02-16 05:54:29', '2026-02-16 07:17:56'),
(1353, 3, 11, 37, 9, 4.00000, 0.900000, '2026-02-16 05:54:29', '2026-02-16 07:17:56'),
(1354, 3, 11, 37, 10, 3.00000, 0.500000, '2026-02-16 05:54:29', '2026-02-16 07:17:56'),
(1355, 3, 11, 37, 11, 4.00000, 0.550000, '2026-02-16 05:54:29', '2026-02-16 07:17:56'),
(1356, 3, 11, 37, 12, 4.00000, 0.550000, '2026-02-16 05:54:29', '2026-02-16 07:17:56'),
(1357, 3, 11, 37, 13, 3.00000, 0.700000, '2026-02-16 05:54:29', '2026-02-16 07:17:56'),
(1358, 3, 11, 38, 9, 4.00000, 0.900000, '2026-02-16 05:54:29', '2026-02-16 07:17:56'),
(1359, 3, 11, 38, 10, 3.00000, 0.500000, '2026-02-16 05:54:29', '2026-02-16 07:17:56'),
(1360, 3, 11, 38, 11, 4.00000, 0.550000, '2026-02-16 05:54:29', '2026-02-16 07:17:56'),
(1361, 3, 11, 38, 12, 3.00000, 0.250000, '2026-02-16 05:54:29', '2026-02-16 07:17:56'),
(1362, 3, 11, 38, 13, 4.00000, 0.900000, '2026-02-16 05:54:29', '2026-02-16 07:17:56'),
(1363, 3, 11, 39, 9, 4.00000, 0.900000, '2026-02-16 05:54:29', '2026-02-16 07:17:56'),
(1364, 3, 11, 39, 10, 3.00000, 0.500000, '2026-02-16 05:54:29', '2026-02-16 07:17:56'),
(1365, 3, 11, 39, 11, 4.00000, 0.550000, '2026-02-16 05:54:29', '2026-02-16 07:17:56'),
(1366, 3, 11, 39, 12, 3.00000, 0.250000, '2026-02-16 05:54:29', '2026-02-16 07:17:56'),
(1367, 3, 11, 39, 13, 4.00000, 0.900000, '2026-02-16 05:54:29', '2026-02-16 07:17:56'),
(1368, 3, 11, 40, 9, 4.00000, 0.900000, '2026-02-16 05:54:29', '2026-02-16 07:17:56'),
(1369, 3, 11, 40, 10, 3.00000, 0.500000, '2026-02-16 05:54:29', '2026-02-16 07:17:56'),
(1370, 3, 11, 40, 11, 4.00000, 0.550000, '2026-02-16 05:54:29', '2026-02-16 07:17:56'),
(1371, 3, 11, 40, 12, 3.00000, 0.250000, '2026-02-16 05:54:29', '2026-02-16 07:17:56'),
(1372, 3, 11, 40, 13, 4.00000, 0.900000, '2026-02-16 05:54:29', '2026-02-16 07:17:56'),
(1373, 3, 11, 41, 9, 4.00000, 0.900000, '2026-02-16 05:54:29', '2026-02-16 07:17:56'),
(1374, 3, 11, 41, 10, 3.00000, 0.500000, '2026-02-16 05:54:29', '2026-02-16 07:17:56'),
(1375, 3, 11, 41, 11, 4.00000, 0.550000, '2026-02-16 05:54:29', '2026-02-16 07:17:56'),
(1376, 3, 11, 41, 12, 3.00000, 0.250000, '2026-02-16 05:54:29', '2026-02-16 07:17:56'),
(1377, 3, 11, 41, 13, 4.00000, 0.900000, '2026-02-16 05:54:29', '2026-02-16 07:17:56'),
(1378, 3, 11, 42, 9, 5.00000, 1.000000, '2026-02-16 05:54:29', '2026-02-16 07:17:56'),
(1379, 3, 11, 42, 10, 3.00000, 0.500000, '2026-02-16 05:54:29', '2026-02-16 07:17:56'),
(1380, 3, 11, 42, 11, 4.00000, 0.550000, '2026-02-16 05:54:29', '2026-02-16 07:17:56'),
(1381, 3, 11, 42, 12, 3.00000, 0.250000, '2026-02-16 05:54:29', '2026-02-16 07:17:56'),
(1382, 3, 11, 42, 13, 4.00000, 0.900000, '2026-02-16 05:54:29', '2026-02-16 07:17:56'),
(1383, 3, 11, 43, 9, 4.00000, 0.900000, '2026-02-16 05:54:29', '2026-02-16 07:17:56'),
(1384, 3, 11, 43, 10, 3.00000, 0.500000, '2026-02-16 05:54:29', '2026-02-16 07:17:56'),
(1385, 3, 11, 43, 11, 4.00000, 0.550000, '2026-02-16 05:54:29', '2026-02-16 07:17:56'),
(1386, 3, 11, 43, 12, 3.00000, 0.250000, '2026-02-16 05:54:29', '2026-02-16 07:17:56'),
(1387, 3, 11, 43, 13, 4.00000, 0.900000, '2026-02-16 05:54:29', '2026-02-16 07:17:56'),
(1388, 3, 11, 44, 9, 5.00000, 1.000000, '2026-02-16 05:54:29', '2026-02-16 07:17:56'),
(1389, 3, 11, 44, 10, 3.00000, 0.500000, '2026-02-16 05:54:29', '2026-02-16 07:17:56'),
(1390, 3, 11, 44, 11, 4.00000, 0.550000, '2026-02-16 05:54:29', '2026-02-16 07:17:56'),
(1391, 3, 11, 44, 12, 3.00000, 0.250000, '2026-02-16 05:54:29', '2026-02-16 07:17:56'),
(1392, 3, 11, 44, 13, 4.00000, 0.900000, '2026-02-16 05:54:29', '2026-02-16 07:17:56'),
(1393, 3, 11, 45, 9, 4.00000, 0.900000, '2026-02-16 05:54:29', '2026-02-16 07:17:56'),
(1394, 3, 11, 45, 10, 3.00000, 0.500000, '2026-02-16 05:54:29', '2026-02-16 07:17:56'),
(1395, 3, 11, 45, 11, 4.00000, 0.550000, '2026-02-16 05:54:29', '2026-02-16 07:17:56'),
(1396, 3, 11, 45, 12, 3.00000, 0.250000, '2026-02-16 05:54:29', '2026-02-16 07:17:56'),
(1397, 3, 11, 45, 13, 4.00000, 0.900000, '2026-02-16 05:54:29', '2026-02-16 07:17:56'),
(1398, 3, 12, 14, 9, 5.00000, 1.000000, '2026-02-16 05:54:29', '2026-02-16 07:18:09'),
(1399, 3, 12, 14, 10, 5.00000, 1.000000, '2026-02-16 05:54:29', '2026-02-16 07:18:09'),
(1400, 3, 12, 14, 11, 4.00000, 0.550000, '2026-02-16 05:54:29', '2026-02-16 07:18:09'),
(1401, 3, 12, 14, 12, 3.00000, 0.250000, '2026-02-16 05:54:29', '2026-02-16 07:18:09'),
(1402, 3, 12, 14, 13, 4.00000, 0.900000, '2026-02-16 05:54:29', '2026-02-16 07:18:09'),
(1403, 3, 12, 15, 9, 3.00000, 0.700000, '2026-02-16 05:54:29', '2026-02-16 07:18:09'),
(1404, 3, 12, 15, 10, 2.00000, 0.250000, '2026-02-16 05:54:29', '2026-02-16 07:18:09'),
(1405, 3, 12, 15, 11, 5.00000, 1.000000, '2026-02-16 05:54:29', '2026-02-16 07:18:09'),
(1406, 3, 12, 15, 12, 4.00000, 0.550000, '2026-02-16 05:54:29', '2026-02-16 07:18:09'),
(1407, 3, 12, 15, 13, 3.00000, 0.700000, '2026-02-16 05:54:29', '2026-02-16 07:18:09'),
(1408, 3, 12, 16, 9, 4.00000, 0.900000, '2026-02-16 05:54:29', '2026-02-16 07:18:09'),
(1409, 3, 12, 16, 10, 5.00000, 1.000000, '2026-02-16 05:54:29', '2026-02-16 07:18:09'),
(1410, 3, 12, 16, 11, 3.00000, 0.250000, '2026-02-16 05:54:29', '2026-02-16 07:18:09'),
(1411, 3, 12, 16, 12, 2.00000, 0.110000, '2026-02-16 05:54:29', '2026-02-16 07:18:09'),
(1412, 3, 12, 16, 13, 3.00000, 0.700000, '2026-02-16 05:54:29', '2026-02-16 07:18:09'),
(1413, 3, 12, 17, 9, 5.00000, 1.000000, '2026-02-16 05:54:29', '2026-02-16 07:18:09'),
(1414, 3, 12, 17, 10, 4.00000, 0.750000, '2026-02-16 05:54:29', '2026-02-16 07:18:09'),
(1415, 3, 12, 17, 11, 3.00000, 0.250000, '2026-02-16 05:54:29', '2026-02-16 07:18:09'),
(1416, 3, 12, 17, 12, 3.00000, 0.250000, '2026-02-16 05:54:29', '2026-02-16 07:18:09'),
(1417, 3, 12, 17, 13, 4.00000, 0.900000, '2026-02-16 05:54:29', '2026-02-16 07:18:09'),
(1418, 3, 12, 18, 9, 4.00000, 0.900000, '2026-02-16 05:54:29', '2026-02-16 07:18:09'),
(1419, 3, 12, 18, 10, 3.00000, 0.500000, '2026-02-16 05:54:29', '2026-02-16 07:18:09'),
(1420, 3, 12, 18, 11, 3.00000, 0.250000, '2026-02-16 05:54:29', '2026-02-16 07:18:09'),
(1421, 3, 12, 18, 12, 4.00000, 0.550000, '2026-02-16 05:54:29', '2026-02-16 07:18:09'),
(1422, 3, 12, 18, 13, 5.00000, 1.000000, '2026-02-16 05:54:29', '2026-02-16 07:18:09'),
(1423, 3, 12, 19, 9, 4.00000, 0.900000, '2026-02-16 05:54:29', '2026-02-16 07:18:09'),
(1424, 3, 12, 19, 10, 5.00000, 1.000000, '2026-02-16 05:54:29', '2026-02-16 07:18:09'),
(1425, 3, 12, 19, 11, 3.00000, 0.250000, '2026-02-16 05:54:29', '2026-02-16 07:18:09'),
(1426, 3, 12, 19, 12, 3.00000, 0.250000, '2026-02-16 05:54:29', '2026-02-16 07:18:09'),
(1427, 3, 12, 19, 13, 4.00000, 0.900000, '2026-02-16 05:54:29', '2026-02-16 07:18:09'),
(1428, 3, 12, 20, 9, 3.00000, 0.700000, '2026-02-16 05:54:29', '2026-02-16 07:18:09'),
(1429, 3, 12, 20, 10, 2.00000, 0.250000, '2026-02-16 05:54:29', '2026-02-16 07:18:09'),
(1430, 3, 12, 20, 11, 5.00000, 1.000000, '2026-02-16 05:54:29', '2026-02-16 07:18:09'),
(1431, 3, 12, 20, 12, 4.00000, 0.550000, '2026-02-16 05:54:29', '2026-02-16 07:18:09'),
(1432, 3, 12, 20, 13, 3.00000, 0.700000, '2026-02-16 05:54:29', '2026-02-16 07:18:09'),
(1433, 3, 12, 21, 9, 3.00000, 0.700000, '2026-02-16 05:54:29', '2026-02-16 07:18:09'),
(1434, 3, 12, 21, 10, 4.00000, 0.750000, '2026-02-16 05:54:29', '2026-02-16 07:18:09'),
(1435, 3, 12, 21, 11, 2.00000, 0.100000, '2026-02-16 05:54:29', '2026-02-16 07:18:09'),
(1436, 3, 12, 21, 12, 2.00000, 0.110000, '2026-02-16 05:54:29', '2026-02-16 07:18:09'),
(1437, 3, 12, 21, 13, 4.00000, 0.900000, '2026-02-16 05:54:29', '2026-02-16 07:18:09'),
(1438, 3, 12, 22, 9, 3.00000, 0.700000, '2026-02-16 05:54:29', '2026-02-16 07:18:09'),
(1439, 3, 12, 22, 10, 3.00000, 0.500000, '2026-02-16 05:54:29', '2026-02-16 07:18:09'),
(1440, 3, 12, 22, 11, 2.00000, 0.100000, '2026-02-16 05:54:29', '2026-02-16 07:18:09'),
(1441, 3, 12, 22, 12, 2.00000, 0.110000, '2026-02-16 05:54:29', '2026-02-16 07:18:09'),
(1442, 3, 12, 22, 13, 5.00000, 1.000000, '2026-02-16 05:54:29', '2026-02-16 07:18:09'),
(1443, 3, 12, 23, 9, 5.00000, 1.000000, '2026-02-16 05:54:29', '2026-02-16 07:18:09'),
(1444, 3, 12, 23, 10, 5.00000, 1.000000, '2026-02-16 05:54:29', '2026-02-16 07:18:09'),
(1445, 3, 12, 23, 11, 3.00000, 0.250000, '2026-02-16 05:54:29', '2026-02-16 07:18:09'),
(1446, 3, 12, 23, 12, 2.00000, 0.110000, '2026-02-16 05:54:29', '2026-02-16 07:18:09'),
(1447, 3, 12, 23, 13, 4.00000, 0.900000, '2026-02-16 05:54:29', '2026-02-16 07:18:09'),
(1448, 3, 12, 24, 9, 3.00000, 0.700000, '2026-02-16 05:54:29', '2026-02-16 07:18:09'),
(1449, 3, 12, 24, 10, 4.00000, 0.750000, '2026-02-16 05:54:29', '2026-02-16 07:18:09'),
(1450, 3, 12, 24, 11, 5.00000, 1.000000, '2026-02-16 05:54:29', '2026-02-16 07:18:09'),
(1451, 3, 12, 24, 12, 4.00000, 0.550000, '2026-02-16 05:54:29', '2026-02-16 07:18:09'),
(1452, 3, 12, 24, 13, 3.00000, 0.700000, '2026-02-16 05:54:29', '2026-02-16 07:18:09'),
(1453, 3, 12, 25, 9, 3.00000, 0.700000, '2026-02-16 05:54:29', '2026-02-16 07:18:09'),
(1454, 3, 12, 25, 10, 4.00000, 0.750000, '2026-02-16 05:54:29', '2026-02-16 07:18:09'),
(1455, 3, 12, 25, 11, 2.00000, 0.100000, '2026-02-16 05:54:29', '2026-02-16 07:18:09'),
(1456, 3, 12, 25, 12, 2.00000, 0.110000, '2026-02-16 05:54:29', '2026-02-16 07:18:09'),
(1457, 3, 12, 25, 13, 5.00000, 1.000000, '2026-02-16 05:54:29', '2026-02-16 07:18:09'),
(1458, 3, 12, 26, 9, 4.00000, 0.900000, '2026-02-16 05:54:29', '2026-02-16 07:18:09'),
(1459, 3, 12, 26, 10, 3.00000, 0.500000, '2026-02-16 05:54:29', '2026-02-16 07:18:09'),
(1460, 3, 12, 26, 11, 4.00000, 0.550000, '2026-02-16 05:54:29', '2026-02-16 07:18:09'),
(1461, 3, 12, 26, 12, 3.00000, 0.250000, '2026-02-16 05:54:29', '2026-02-16 07:18:09'),
(1462, 3, 12, 26, 13, 3.00000, 0.700000, '2026-02-16 05:54:29', '2026-02-16 07:18:09'),
(1463, 3, 12, 27, 9, 4.00000, 0.900000, '2026-02-16 05:54:29', '2026-02-16 07:18:09'),
(1464, 3, 12, 27, 10, 4.00000, 0.750000, '2026-02-16 05:54:29', '2026-02-16 07:18:09'),
(1465, 3, 12, 27, 11, 3.00000, 0.250000, '2026-02-16 05:54:29', '2026-02-16 07:18:09'),
(1466, 3, 12, 27, 12, 3.00000, 0.250000, '2026-02-16 05:54:29', '2026-02-16 07:18:09'),
(1467, 3, 12, 27, 13, 5.00000, 1.000000, '2026-02-16 05:54:29', '2026-02-16 07:18:09'),
(1468, 3, 12, 28, 9, 3.00000, 0.700000, '2026-02-16 05:54:29', '2026-02-16 07:18:09'),
(1469, 3, 12, 28, 10, 3.00000, 0.500000, '2026-02-16 05:54:29', '2026-02-16 07:18:09'),
(1470, 3, 12, 28, 11, 5.00000, 1.000000, '2026-02-16 05:54:29', '2026-02-16 07:18:09'),
(1471, 3, 12, 28, 12, 4.00000, 0.550000, '2026-02-16 05:54:29', '2026-02-16 07:18:09'),
(1472, 3, 12, 28, 13, 3.00000, 0.700000, '2026-02-16 05:54:29', '2026-02-16 07:18:09'),
(1473, 3, 12, 29, 9, 5.00000, 1.000000, '2026-02-16 05:54:29', '2026-02-16 07:18:09'),
(1474, 3, 12, 29, 10, 5.00000, 1.000000, '2026-02-16 05:54:29', '2026-02-16 07:18:09'),
(1475, 3, 12, 29, 11, 4.00000, 0.550000, '2026-02-16 05:54:29', '2026-02-16 07:18:09'),
(1476, 3, 12, 29, 12, 3.00000, 0.250000, '2026-02-16 05:54:29', '2026-02-16 07:18:09'),
(1477, 3, 12, 29, 13, 4.00000, 0.900000, '2026-02-16 05:54:29', '2026-02-16 07:18:09'),
(1478, 3, 12, 30, 9, 4.00000, 0.900000, '2026-02-16 05:54:29', '2026-02-16 07:18:09'),
(1479, 3, 12, 30, 10, 5.00000, 1.000000, '2026-02-16 05:54:29', '2026-02-16 07:18:09'),
(1480, 3, 12, 30, 11, 4.00000, 0.550000, '2026-02-16 05:54:29', '2026-02-16 07:18:09'),
(1481, 3, 12, 30, 12, 3.00000, 0.250000, '2026-02-16 05:54:29', '2026-02-16 07:18:09'),
(1482, 3, 12, 30, 13, 5.00000, 1.000000, '2026-02-16 05:54:29', '2026-02-16 07:18:09'),
(1483, 3, 12, 31, 9, 3.00000, 0.700000, '2026-02-16 05:54:29', '2026-02-16 07:18:09'),
(1484, 3, 12, 31, 10, 4.00000, 0.750000, '2026-02-16 05:54:29', '2026-02-16 07:18:09'),
(1485, 3, 12, 31, 11, 5.00000, 1.000000, '2026-02-16 05:54:29', '2026-02-16 07:18:09'),
(1486, 3, 12, 31, 12, 4.00000, 0.550000, '2026-02-16 05:54:29', '2026-02-16 07:18:09'),
(1487, 3, 12, 31, 13, 4.00000, 0.900000, '2026-02-16 05:54:29', '2026-02-16 07:18:09'),
(1488, 3, 12, 32, 9, 5.00000, 1.000000, '2026-02-16 05:54:29', '2026-02-16 07:18:09'),
(1489, 3, 12, 32, 10, 3.00000, 0.500000, '2026-02-16 05:54:29', '2026-02-16 07:18:09'),
(1490, 3, 12, 32, 11, 3.00000, 0.250000, '2026-02-16 05:54:29', '2026-02-16 07:18:09'),
(1491, 3, 12, 32, 12, 2.00000, 0.110000, '2026-02-16 05:54:29', '2026-02-16 07:18:09'),
(1492, 3, 12, 32, 13, 3.00000, 0.700000, '2026-02-16 05:54:29', '2026-02-16 07:18:09'),
(1493, 3, 12, 33, 9, 5.00000, 1.000000, '2026-02-16 05:54:29', '2026-02-16 07:18:09'),
(1494, 3, 12, 33, 10, 5.00000, 1.000000, '2026-02-16 05:54:29', '2026-02-16 07:18:09'),
(1495, 3, 12, 33, 11, 3.00000, 0.250000, '2026-02-16 05:54:29', '2026-02-16 07:18:09'),
(1496, 3, 12, 33, 12, 2.00000, 0.110000, '2026-02-16 05:54:29', '2026-02-16 07:18:09'),
(1497, 3, 12, 33, 13, 4.00000, 0.900000, '2026-02-16 05:54:29', '2026-02-16 07:18:09'),
(1498, 3, 12, 34, 9, 3.00000, 0.700000, '2026-02-16 05:54:29', '2026-02-16 07:18:09'),
(1499, 3, 12, 34, 10, 4.00000, 0.750000, '2026-02-16 05:54:29', '2026-02-16 07:18:09'),
(1500, 3, 12, 34, 11, 5.00000, 1.000000, '2026-02-16 05:54:29', '2026-02-16 07:18:09'),
(1501, 3, 12, 34, 12, 4.00000, 0.550000, '2026-02-16 05:54:29', '2026-02-16 07:18:09'),
(1502, 3, 12, 34, 13, 3.00000, 0.700000, '2026-02-16 05:54:29', '2026-02-16 07:18:09'),
(1503, 3, 12, 35, 9, 3.00000, 0.700000, '2026-02-16 05:54:29', '2026-02-16 07:18:09'),
(1504, 3, 12, 35, 10, 3.00000, 0.500000, '2026-02-16 05:54:29', '2026-02-16 07:18:09'),
(1505, 3, 12, 35, 11, 3.00000, 0.250000, '2026-02-16 05:54:29', '2026-02-16 07:18:09'),
(1506, 3, 12, 35, 12, 3.00000, 0.250000, '2026-02-16 05:54:29', '2026-02-16 07:18:09'),
(1507, 3, 12, 35, 13, 5.00000, 1.000000, '2026-02-16 05:54:29', '2026-02-16 07:18:09'),
(1508, 3, 12, 36, 9, 4.00000, 0.900000, '2026-02-16 05:54:29', '2026-02-16 07:18:09'),
(1509, 3, 12, 36, 10, 3.00000, 0.500000, '2026-02-16 05:54:29', '2026-02-16 07:18:09'),
(1510, 3, 12, 36, 11, 2.00000, 0.100000, '2026-02-16 05:54:29', '2026-02-16 07:18:09'),
(1511, 3, 12, 36, 12, 2.00000, 0.110000, '2026-02-16 05:54:29', '2026-02-16 07:18:09'),
(1512, 3, 12, 36, 13, 5.00000, 1.000000, '2026-02-16 05:54:29', '2026-02-16 07:18:09'),
(1513, 3, 12, 37, 9, 5.00000, 1.000000, '2026-02-16 05:54:29', '2026-02-16 07:18:09'),
(1514, 3, 12, 37, 10, 3.00000, 0.500000, '2026-02-16 05:54:29', '2026-02-16 07:18:09'),
(1515, 3, 12, 37, 11, 3.00000, 0.250000, '2026-02-16 05:54:29', '2026-02-16 07:18:09'),
(1516, 3, 12, 37, 12, 2.00000, 0.110000, '2026-02-16 05:54:29', '2026-02-16 07:18:09'),
(1517, 3, 12, 37, 13, 4.00000, 0.900000, '2026-02-16 05:54:29', '2026-02-16 07:18:09'),
(1518, 3, 12, 38, 9, 4.00000, 0.900000, '2026-02-16 05:54:29', '2026-02-16 07:18:09'),
(1519, 3, 12, 38, 10, 4.00000, 0.750000, '2026-02-16 05:54:29', '2026-02-16 07:18:09'),
(1520, 3, 12, 38, 11, 3.00000, 0.250000, '2026-02-16 05:54:29', '2026-02-16 07:18:09'),
(1521, 3, 12, 38, 12, 4.00000, 0.550000, '2026-02-16 05:54:29', '2026-02-16 07:18:09'),
(1522, 3, 12, 38, 13, 5.00000, 1.000000, '2026-02-16 05:54:29', '2026-02-16 07:18:09'),
(1523, 3, 12, 39, 9, 4.00000, 0.900000, '2026-02-16 05:54:29', '2026-02-16 07:18:09'),
(1524, 3, 12, 39, 10, 5.00000, 1.000000, '2026-02-16 05:54:29', '2026-02-16 07:18:09'),
(1525, 3, 12, 39, 11, 3.00000, 0.250000, '2026-02-16 05:54:29', '2026-02-16 07:18:09'),
(1526, 3, 12, 39, 12, 3.00000, 0.250000, '2026-02-16 05:54:29', '2026-02-16 07:18:09'),
(1527, 3, 12, 39, 13, 4.00000, 0.900000, '2026-02-16 05:54:29', '2026-02-16 07:18:09'),
(1528, 3, 12, 40, 9, 5.00000, 1.000000, '2026-02-16 05:54:29', '2026-02-16 07:18:09'),
(1529, 3, 12, 40, 10, 5.00000, 1.000000, '2026-02-16 05:54:29', '2026-02-16 07:18:09'),
(1530, 3, 12, 40, 11, 4.00000, 0.550000, '2026-02-16 05:54:29', '2026-02-16 07:18:09'),
(1531, 3, 12, 40, 12, 3.00000, 0.250000, '2026-02-16 05:54:29', '2026-02-16 07:18:09'),
(1532, 3, 12, 40, 13, 4.00000, 0.900000, '2026-02-16 05:54:29', '2026-02-16 07:18:09'),
(1533, 3, 12, 41, 9, 5.00000, 1.000000, '2026-02-16 05:54:29', '2026-02-16 07:18:09'),
(1534, 3, 12, 41, 10, 3.00000, 0.500000, '2026-02-16 05:54:29', '2026-02-16 07:18:09'),
(1535, 3, 12, 41, 11, 2.00000, 0.100000, '2026-02-16 05:54:29', '2026-02-16 07:18:09'),
(1536, 3, 12, 41, 12, 3.00000, 0.250000, '2026-02-16 05:54:29', '2026-02-16 07:18:09'),
(1537, 3, 12, 41, 13, 3.00000, 0.700000, '2026-02-16 05:54:29', '2026-02-16 07:18:09'),
(1538, 3, 12, 42, 9, 3.00000, 0.700000, '2026-02-16 05:54:29', '2026-02-16 07:18:09'),
(1539, 3, 12, 42, 10, 4.00000, 0.750000, '2026-02-16 05:54:29', '2026-02-16 07:18:09'),
(1540, 3, 12, 42, 11, 2.00000, 0.100000, '2026-02-16 05:54:29', '2026-02-16 07:18:09'),
(1541, 3, 12, 42, 12, 2.00000, 0.110000, '2026-02-16 05:54:29', '2026-02-16 07:18:09'),
(1542, 3, 12, 42, 13, 4.00000, 0.900000, '2026-02-16 05:54:29', '2026-02-16 07:18:09'),
(1543, 3, 12, 43, 9, 4.00000, 0.900000, '2026-02-16 05:54:29', '2026-02-16 07:18:09'),
(1544, 3, 12, 43, 10, 3.00000, 0.500000, '2026-02-16 05:54:29', '2026-02-16 07:18:09'),
(1545, 3, 12, 43, 11, 2.00000, 0.100000, '2026-02-16 05:54:29', '2026-02-16 07:18:09'),
(1546, 3, 12, 43, 12, 3.00000, 0.250000, '2026-02-16 05:54:29', '2026-02-16 07:18:09'),
(1547, 3, 12, 43, 13, 4.00000, 0.900000, '2026-02-16 05:54:29', '2026-02-16 07:18:09'),
(1548, 3, 12, 44, 9, 4.00000, 0.900000, '2026-02-16 05:54:29', '2026-02-16 07:18:09'),
(1549, 3, 12, 44, 10, 5.00000, 1.000000, '2026-02-16 05:54:29', '2026-02-16 07:18:09'),
(1550, 3, 12, 44, 11, 3.00000, 0.250000, '2026-02-16 05:54:29', '2026-02-16 07:18:09'),
(1551, 3, 12, 44, 12, 3.00000, 0.250000, '2026-02-16 05:54:29', '2026-02-16 07:18:09'),
(1552, 3, 12, 44, 13, 4.00000, 0.900000, '2026-02-16 05:54:29', '2026-02-16 07:18:09'),
(1553, 3, 12, 45, 9, 4.00000, 0.900000, '2026-02-16 05:54:29', '2026-02-16 07:18:09'),
(1554, 3, 12, 45, 10, 3.00000, 0.500000, '2026-02-16 05:54:29', '2026-02-16 07:18:09'),
(1555, 3, 12, 45, 11, 2.00000, 0.100000, '2026-02-16 05:54:29', '2026-02-16 07:18:09'),
(1556, 3, 12, 45, 12, 2.00000, 0.110000, '2026-02-16 05:54:29', '2026-02-16 07:18:09'),
(1557, 3, 12, 45, 13, 5.00000, 1.000000, '2026-02-16 05:54:29', '2026-02-16 07:18:09'),
(1558, 3, 13, 14, 9, 1.00000, 0.000000, '2026-02-16 05:54:29', '2026-02-16 07:18:26'),
(1559, 3, 13, 14, 10, 1.00000, 0.000000, '2026-02-16 05:54:29', '2026-02-16 07:18:26'),
(1560, 3, 13, 14, 11, 2.00000, 0.100000, '2026-02-16 05:54:29', '2026-02-16 07:18:26'),
(1561, 3, 13, 14, 12, 2.00000, 0.110000, '2026-02-16 05:54:29', '2026-02-16 07:18:26'),
(1562, 3, 13, 14, 13, 1.00000, 0.000000, '2026-02-16 05:54:29', '2026-02-16 07:18:26'),
(1563, 3, 13, 15, 9, 2.00000, 0.400000, '2026-02-16 05:54:29', '2026-02-16 07:18:26'),
(1564, 3, 13, 15, 10, 2.00000, 0.250000, '2026-02-16 05:54:29', '2026-02-16 07:18:26'),
(1565, 3, 13, 15, 11, 2.00000, 0.100000, '2026-02-16 05:54:29', '2026-02-16 07:18:26'),
(1566, 3, 13, 15, 12, 2.00000, 0.110000, '2026-02-16 05:54:29', '2026-02-16 07:18:26'),
(1567, 3, 13, 15, 13, 2.00000, 0.400000, '2026-02-16 05:54:29', '2026-02-16 07:18:26'),
(1568, 3, 13, 16, 9, 1.00000, 0.000000, '2026-02-16 05:54:29', '2026-02-16 07:18:26'),
(1569, 3, 13, 16, 10, 1.00000, 0.000000, '2026-02-16 05:54:29', '2026-02-16 07:18:26'),
(1570, 3, 13, 16, 11, 1.00000, 0.000000, '2026-02-16 05:54:29', '2026-02-16 07:18:26'),
(1571, 3, 13, 16, 12, 2.00000, 0.110000, '2026-02-16 05:54:29', '2026-02-16 07:18:26'),
(1572, 3, 13, 16, 13, 2.00000, 0.400000, '2026-02-16 05:54:29', '2026-02-16 07:18:26'),
(1573, 3, 13, 17, 9, 1.00000, 0.000000, '2026-02-16 05:54:29', '2026-02-16 07:18:26'),
(1574, 3, 13, 17, 10, 1.00000, 0.000000, '2026-02-16 05:54:29', '2026-02-16 07:18:26'),
(1575, 3, 13, 17, 11, 2.00000, 0.100000, '2026-02-16 05:54:29', '2026-02-16 07:18:26'),
(1576, 3, 13, 17, 12, 2.00000, 0.110000, '2026-02-16 05:54:29', '2026-02-16 07:18:26'),
(1577, 3, 13, 17, 13, 2.00000, 0.400000, '2026-02-16 05:54:29', '2026-02-16 07:18:26'),
(1578, 3, 13, 18, 9, 2.00000, 0.400000, '2026-02-16 05:54:29', '2026-02-16 07:18:26'),
(1579, 3, 13, 18, 10, 2.00000, 0.250000, '2026-02-16 05:54:29', '2026-02-16 07:18:26'),
(1580, 3, 13, 18, 11, 1.00000, 0.000000, '2026-02-16 05:54:29', '2026-02-16 07:18:26'),
(1581, 3, 13, 18, 12, 1.00000, 0.000000, '2026-02-16 05:54:29', '2026-02-16 07:18:26'),
(1582, 3, 13, 18, 13, 1.00000, 0.000000, '2026-02-16 05:54:29', '2026-02-16 07:18:26'),
(1583, 3, 13, 19, 9, 2.00000, 0.400000, '2026-02-16 05:54:29', '2026-02-16 07:18:26'),
(1584, 3, 13, 19, 10, 2.00000, 0.250000, '2026-02-16 05:54:29', '2026-02-16 07:18:26'),
(1585, 3, 13, 19, 11, 1.00000, 0.000000, '2026-02-16 05:54:29', '2026-02-16 07:18:26'),
(1586, 3, 13, 19, 12, 1.00000, 0.000000, '2026-02-16 05:54:29', '2026-02-16 07:18:26'),
(1587, 3, 13, 19, 13, 1.00000, 0.000000, '2026-02-16 05:54:29', '2026-02-16 07:18:26'),
(1588, 3, 13, 20, 9, 1.00000, 0.000000, '2026-02-16 05:54:29', '2026-02-16 07:18:26'),
(1589, 3, 13, 20, 10, 1.00000, 0.000000, '2026-02-16 05:54:29', '2026-02-16 07:18:26'),
(1590, 3, 13, 20, 11, 1.00000, 0.000000, '2026-02-16 05:54:29', '2026-02-16 07:18:26'),
(1591, 3, 13, 20, 12, 2.00000, 0.110000, '2026-02-16 05:54:29', '2026-02-16 07:18:26'),
(1592, 3, 13, 20, 13, 2.00000, 0.400000, '2026-02-16 05:54:29', '2026-02-16 07:18:26'),
(1593, 3, 13, 21, 9, 1.00000, 0.000000, '2026-02-16 05:54:29', '2026-02-16 07:18:26'),
(1594, 3, 13, 21, 10, 1.00000, 0.000000, '2026-02-16 05:54:29', '2026-02-16 07:18:26'),
(1595, 3, 13, 21, 11, 2.00000, 0.100000, '2026-02-16 05:54:29', '2026-02-16 07:18:26'),
(1596, 3, 13, 21, 12, 2.00000, 0.110000, '2026-02-16 05:54:29', '2026-02-16 07:18:26'),
(1597, 3, 13, 21, 13, 2.00000, 0.400000, '2026-02-16 05:54:29', '2026-02-16 07:18:26'),
(1598, 3, 13, 22, 9, 2.00000, 0.400000, '2026-02-16 05:54:29', '2026-02-16 07:18:26'),
(1599, 3, 13, 22, 10, 2.00000, 0.250000, '2026-02-16 05:54:29', '2026-02-16 07:18:26'),
(1600, 3, 13, 22, 11, 2.00000, 0.100000, '2026-02-16 05:54:29', '2026-02-16 07:18:26'),
(1601, 3, 13, 22, 12, 2.00000, 0.110000, '2026-02-16 05:54:29', '2026-02-16 07:18:26'),
(1602, 3, 13, 22, 13, 2.00000, 0.400000, '2026-02-16 05:54:29', '2026-02-16 07:18:26'),
(1603, 3, 13, 23, 9, 2.00000, 0.400000, '2026-02-16 05:54:29', '2026-02-16 07:18:26'),
(1604, 3, 13, 23, 10, 2.00000, 0.250000, '2026-02-16 05:54:29', '2026-02-16 07:18:26'),
(1605, 3, 13, 23, 11, 2.00000, 0.100000, '2026-02-16 05:54:29', '2026-02-16 07:18:26'),
(1606, 3, 13, 23, 12, 2.00000, 0.110000, '2026-02-16 05:54:29', '2026-02-16 07:18:26'),
(1607, 3, 13, 23, 13, 2.00000, 0.400000, '2026-02-16 05:54:29', '2026-02-16 07:18:26'),
(1608, 3, 13, 24, 9, 2.00000, 0.400000, '2026-02-16 05:54:29', '2026-02-16 07:18:26'),
(1609, 3, 13, 24, 10, 2.00000, 0.250000, '2026-02-16 05:54:29', '2026-02-16 07:18:26'),
(1610, 3, 13, 24, 11, 2.00000, 0.100000, '2026-02-16 05:54:29', '2026-02-16 07:18:26'),
(1611, 3, 13, 24, 12, 2.00000, 0.110000, '2026-02-16 05:54:29', '2026-02-16 07:18:26'),
(1612, 3, 13, 24, 13, 2.00000, 0.400000, '2026-02-16 05:54:29', '2026-02-16 07:18:26'),
(1613, 3, 13, 25, 9, 1.00000, 0.000000, '2026-02-16 05:54:29', '2026-02-16 07:18:26'),
(1614, 3, 13, 25, 10, 1.00000, 0.000000, '2026-02-16 05:54:29', '2026-02-16 07:18:26'),
(1615, 3, 13, 25, 11, 1.00000, 0.000000, '2026-02-16 05:54:29', '2026-02-16 07:18:26'),
(1616, 3, 13, 25, 12, 2.00000, 0.110000, '2026-02-16 05:54:29', '2026-02-16 07:18:26'),
(1617, 3, 13, 25, 13, 2.00000, 0.400000, '2026-02-16 05:54:29', '2026-02-16 07:18:26'),
(1618, 3, 13, 26, 9, 1.00000, 0.000000, '2026-02-16 05:54:29', '2026-02-16 07:18:26'),
(1619, 3, 13, 26, 10, 1.00000, 0.000000, '2026-02-16 05:54:29', '2026-02-16 07:18:26'),
(1620, 3, 13, 26, 11, 1.00000, 0.000000, '2026-02-16 05:54:29', '2026-02-16 07:18:26'),
(1621, 3, 13, 26, 12, 2.00000, 0.110000, '2026-02-16 05:54:29', '2026-02-16 07:18:26'),
(1622, 3, 13, 26, 13, 2.00000, 0.400000, '2026-02-16 05:54:29', '2026-02-16 07:18:26'),
(1623, 3, 13, 27, 9, 1.00000, 0.000000, '2026-02-16 05:54:29', '2026-02-16 07:18:26'),
(1624, 3, 13, 27, 10, 1.00000, 0.000000, '2026-02-16 05:54:29', '2026-02-16 07:18:26'),
(1625, 3, 13, 27, 11, 2.00000, 0.100000, '2026-02-16 05:54:29', '2026-02-16 07:18:26'),
(1626, 3, 13, 27, 12, 2.00000, 0.110000, '2026-02-16 05:54:29', '2026-02-16 07:18:26'),
(1627, 3, 13, 27, 13, 1.00000, 0.000000, '2026-02-16 05:54:29', '2026-02-16 07:18:26'),
(1628, 3, 13, 28, 9, 2.00000, 0.400000, '2026-02-16 05:54:29', '2026-02-16 07:18:26'),
(1629, 3, 13, 28, 10, 2.00000, 0.250000, '2026-02-16 05:54:29', '2026-02-16 07:18:26'),
(1630, 3, 13, 28, 11, 1.00000, 0.000000, '2026-02-16 05:54:29', '2026-02-16 07:18:26'),
(1631, 3, 13, 28, 12, 1.00000, 0.000000, '2026-02-16 05:54:29', '2026-02-16 07:18:26'),
(1632, 3, 13, 28, 13, 1.00000, 0.000000, '2026-02-16 05:54:29', '2026-02-16 07:18:26'),
(1633, 3, 13, 29, 9, 1.00000, 0.000000, '2026-02-16 05:54:29', '2026-02-16 07:18:26'),
(1634, 3, 13, 29, 10, 2.00000, 0.250000, '2026-02-16 05:54:29', '2026-02-16 07:18:26'),
(1635, 3, 13, 29, 11, 1.00000, 0.000000, '2026-02-16 05:54:29', '2026-02-16 07:18:26'),
(1636, 3, 13, 29, 12, 2.00000, 0.110000, '2026-02-16 05:54:29', '2026-02-16 07:18:26'),
(1637, 3, 13, 29, 13, 1.00000, 0.000000, '2026-02-16 05:54:29', '2026-02-16 07:18:26'),
(1638, 3, 13, 30, 9, 1.00000, 0.000000, '2026-02-16 05:54:29', '2026-02-16 07:18:26'),
(1639, 3, 13, 30, 10, 1.00000, 0.000000, '2026-02-16 05:54:29', '2026-02-16 07:18:26'),
(1640, 3, 13, 30, 11, 1.00000, 0.000000, '2026-02-16 05:54:29', '2026-02-16 07:18:26'),
(1641, 3, 13, 30, 12, 2.00000, 0.110000, '2026-02-16 05:54:29', '2026-02-16 07:18:26'),
(1642, 3, 13, 30, 13, 2.00000, 0.400000, '2026-02-16 05:54:29', '2026-02-16 07:18:26'),
(1643, 3, 13, 31, 9, 2.00000, 0.400000, '2026-02-16 05:54:29', '2026-02-16 07:18:26'),
(1644, 3, 13, 31, 10, 2.00000, 0.250000, '2026-02-16 05:54:29', '2026-02-16 07:18:26'),
(1645, 3, 13, 31, 11, 1.00000, 0.000000, '2026-02-16 05:54:29', '2026-02-16 07:18:26'),
(1646, 3, 13, 31, 12, 1.00000, 0.000000, '2026-02-16 05:54:29', '2026-02-16 07:18:26'),
(1647, 3, 13, 31, 13, 1.00000, 0.000000, '2026-02-16 05:54:29', '2026-02-16 07:18:26'),
(1648, 3, 13, 32, 9, 1.00000, 0.000000, '2026-02-16 05:54:29', '2026-02-16 07:18:26'),
(1649, 3, 13, 32, 10, 1.00000, 0.000000, '2026-02-16 05:54:29', '2026-02-16 07:18:26'),
(1650, 3, 13, 32, 11, 1.00000, 0.000000, '2026-02-16 05:54:29', '2026-02-16 07:18:26'),
(1651, 3, 13, 32, 12, 2.00000, 0.110000, '2026-02-16 05:54:29', '2026-02-16 07:18:26'),
(1652, 3, 13, 32, 13, 2.00000, 0.400000, '2026-02-16 05:54:29', '2026-02-16 07:18:26'),
(1653, 3, 13, 33, 9, 1.00000, 0.000000, '2026-02-16 05:54:29', '2026-02-16 07:18:26'),
(1654, 3, 13, 33, 10, 1.00000, 0.000000, '2026-02-16 05:54:29', '2026-02-16 07:18:26'),
(1655, 3, 13, 33, 11, 2.00000, 0.100000, '2026-02-16 05:54:29', '2026-02-16 07:18:26'),
(1656, 3, 13, 33, 12, 2.00000, 0.110000, '2026-02-16 05:54:29', '2026-02-16 07:18:26'),
(1657, 3, 13, 33, 13, 2.00000, 0.400000, '2026-02-16 05:54:29', '2026-02-16 07:18:26'),
(1658, 3, 13, 34, 9, 2.00000, 0.400000, '2026-02-16 05:54:29', '2026-02-16 07:18:26'),
(1659, 3, 13, 34, 10, 2.00000, 0.250000, '2026-02-16 05:54:29', '2026-02-16 07:18:26'),
(1660, 3, 13, 34, 11, 1.00000, 0.000000, '2026-02-16 05:54:29', '2026-02-16 07:18:26'),
(1661, 3, 13, 34, 12, 1.00000, 0.000000, '2026-02-16 05:54:29', '2026-02-16 07:18:26'),
(1662, 3, 13, 34, 13, 1.00000, 0.000000, '2026-02-16 05:54:29', '2026-02-16 07:18:26'),
(1663, 3, 13, 35, 9, 1.00000, 0.000000, '2026-02-16 05:54:29', '2026-02-16 07:18:26'),
(1664, 3, 13, 35, 10, 1.00000, 0.000000, '2026-02-16 05:54:29', '2026-02-16 07:18:26'),
(1665, 3, 13, 35, 11, 1.00000, 0.000000, '2026-02-16 05:54:29', '2026-02-16 07:18:26'),
(1666, 3, 13, 35, 12, 2.00000, 0.110000, '2026-02-16 05:54:29', '2026-02-16 07:18:26'),
(1667, 3, 13, 35, 13, 2.00000, 0.400000, '2026-02-16 05:54:29', '2026-02-16 07:18:26'),
(1668, 3, 13, 36, 9, 2.00000, 0.400000, '2026-02-16 05:54:29', '2026-02-16 07:18:26'),
(1669, 3, 13, 36, 10, 2.00000, 0.250000, '2026-02-16 05:54:29', '2026-02-16 07:18:26'),
(1670, 3, 13, 36, 11, 1.00000, 0.000000, '2026-02-16 05:54:29', '2026-02-16 07:18:26'),
(1671, 3, 13, 36, 12, 1.00000, 0.000000, '2026-02-16 05:54:29', '2026-02-16 07:18:26'),
(1672, 3, 13, 36, 13, 1.00000, 0.000000, '2026-02-16 05:54:29', '2026-02-16 07:18:26'),
(1673, 3, 13, 37, 9, 2.00000, 0.400000, '2026-02-16 05:54:29', '2026-02-16 07:18:26'),
(1674, 3, 13, 37, 10, 2.00000, 0.250000, '2026-02-16 05:54:29', '2026-02-16 07:18:26'),
(1675, 3, 13, 37, 11, 1.00000, 0.000000, '2026-02-16 05:54:29', '2026-02-16 07:18:26'),
(1676, 3, 13, 37, 12, 1.00000, 0.000000, '2026-02-16 05:54:29', '2026-02-16 07:18:26'),
(1677, 3, 13, 37, 13, 1.00000, 0.000000, '2026-02-16 05:54:29', '2026-02-16 07:18:26'),
(1678, 3, 13, 38, 9, 2.00000, 0.400000, '2026-02-16 05:54:29', '2026-02-16 07:18:26'),
(1679, 3, 13, 38, 10, 2.00000, 0.250000, '2026-02-16 05:54:29', '2026-02-16 07:18:26'),
(1680, 3, 13, 38, 11, 2.00000, 0.100000, '2026-02-16 05:54:29', '2026-02-16 07:18:26'),
(1681, 3, 13, 38, 12, 2.00000, 0.110000, '2026-02-16 05:54:29', '2026-02-16 07:18:26'),
(1682, 3, 13, 38, 13, 2.00000, 0.400000, '2026-02-16 05:54:29', '2026-02-16 07:18:26'),
(1683, 3, 13, 39, 9, 1.00000, 0.000000, '2026-02-16 05:54:29', '2026-02-16 07:18:26'),
(1684, 3, 13, 39, 10, 1.00000, 0.000000, '2026-02-16 05:54:29', '2026-02-16 07:18:26'),
(1685, 3, 13, 39, 11, 2.00000, 0.100000, '2026-02-16 05:54:29', '2026-02-16 07:18:26'),
(1686, 3, 13, 39, 12, 2.00000, 0.110000, '2026-02-16 05:54:29', '2026-02-16 07:18:26'),
(1687, 3, 13, 39, 13, 1.00000, 0.000000, '2026-02-16 05:54:29', '2026-02-16 07:18:26'),
(1688, 3, 13, 40, 9, 1.00000, 0.000000, '2026-02-16 05:54:29', '2026-02-16 07:18:26'),
(1689, 3, 13, 40, 10, 1.00000, 0.000000, '2026-02-16 05:54:29', '2026-02-16 07:18:26'),
(1690, 3, 13, 40, 11, 2.00000, 0.100000, '2026-02-16 05:54:29', '2026-02-16 07:18:26'),
(1691, 3, 13, 40, 12, 2.00000, 0.110000, '2026-02-16 05:54:29', '2026-02-16 07:18:26'),
(1692, 3, 13, 40, 13, 1.00000, 0.000000, '2026-02-16 05:54:29', '2026-02-16 07:18:26'),
(1693, 3, 13, 41, 9, 1.00000, 0.000000, '2026-02-16 05:54:29', '2026-02-16 07:18:26'),
(1694, 3, 13, 41, 10, 1.00000, 0.000000, '2026-02-16 05:54:29', '2026-02-16 07:18:26'),
(1695, 3, 13, 41, 11, 1.00000, 0.000000, '2026-02-16 05:54:29', '2026-02-16 07:18:26'),
(1696, 3, 13, 41, 12, 2.00000, 0.110000, '2026-02-16 05:54:29', '2026-02-16 07:18:26'),
(1697, 3, 13, 41, 13, 2.00000, 0.400000, '2026-02-16 05:54:29', '2026-02-16 07:18:26'),
(1698, 3, 13, 42, 9, 2.00000, 0.400000, '2026-02-16 05:54:29', '2026-02-16 07:18:26'),
(1699, 3, 13, 42, 10, 2.00000, 0.250000, '2026-02-16 05:54:29', '2026-02-16 07:18:26'),
(1700, 3, 13, 42, 11, 2.00000, 0.100000, '2026-02-16 05:54:29', '2026-02-16 07:18:26'),
(1701, 3, 13, 42, 12, 2.00000, 0.110000, '2026-02-16 05:54:29', '2026-02-16 07:18:26'),
(1702, 3, 13, 42, 13, 2.00000, 0.400000, '2026-02-16 05:54:29', '2026-02-16 07:18:26'),
(1703, 3, 13, 43, 9, 2.00000, 0.400000, '2026-02-16 05:54:29', '2026-02-16 07:18:26'),
(1704, 3, 13, 43, 10, 2.00000, 0.250000, '2026-02-16 05:54:29', '2026-02-16 07:18:26'),
(1705, 3, 13, 43, 11, 2.00000, 0.100000, '2026-02-16 05:54:29', '2026-02-16 07:18:26'),
(1706, 3, 13, 43, 12, 2.00000, 0.110000, '2026-02-16 05:54:29', '2026-02-16 07:18:26'),
(1707, 3, 13, 43, 13, 2.00000, 0.400000, '2026-02-16 05:54:29', '2026-02-16 07:18:26'),
(1708, 3, 13, 44, 9, 1.00000, 0.000000, '2026-02-16 05:54:29', '2026-02-16 07:18:26'),
(1709, 3, 13, 44, 10, 1.00000, 0.000000, '2026-02-16 05:54:29', '2026-02-16 07:18:26'),
(1710, 3, 13, 44, 11, 1.00000, 0.000000, '2026-02-16 05:54:29', '2026-02-16 07:18:26'),
(1711, 3, 13, 44, 12, 2.00000, 0.110000, '2026-02-16 05:54:29', '2026-02-16 07:18:26'),
(1712, 3, 13, 44, 13, 2.00000, 0.400000, '2026-02-16 05:54:29', '2026-02-16 07:18:26'),
(1713, 3, 13, 45, 9, 1.00000, 0.000000, '2026-02-16 05:54:29', '2026-02-16 07:18:26'),
(1714, 3, 13, 45, 10, 1.00000, 0.000000, '2026-02-16 05:54:29', '2026-02-16 07:18:26'),
(1715, 3, 13, 45, 11, 1.00000, 0.000000, '2026-02-16 05:54:29', '2026-02-16 07:18:26'),
(1716, 3, 13, 45, 12, 2.00000, 0.110000, '2026-02-16 05:54:29', '2026-02-16 07:18:26'),
(1717, 3, 13, 45, 13, 2.00000, 0.400000, '2026-02-16 05:54:29', '2026-02-16 07:18:26'),
(1718, 3, 14, 14, 9, 4.00000, 0.900000, '2026-02-16 05:54:29', '2026-02-16 07:18:39'),
(1719, 3, 14, 14, 10, 4.00000, 0.750000, '2026-02-16 05:54:29', '2026-02-16 07:18:39'),
(1720, 3, 14, 14, 11, 3.00000, 0.250000, '2026-02-16 05:54:29', '2026-02-16 07:18:39'),
(1721, 3, 14, 14, 12, 4.00000, 0.550000, '2026-02-16 05:54:29', '2026-02-16 07:18:39'),
(1722, 3, 14, 14, 13, 3.00000, 0.700000, '2026-02-16 05:54:29', '2026-02-16 07:18:39'),
(1723, 3, 14, 15, 9, 4.00000, 0.900000, '2026-02-16 05:54:29', '2026-02-16 07:18:39'),
(1724, 3, 14, 15, 10, 4.00000, 0.750000, '2026-02-16 05:54:29', '2026-02-16 07:18:39'),
(1725, 3, 14, 15, 11, 5.00000, 1.000000, '2026-02-16 05:54:29', '2026-02-16 07:18:39'),
(1726, 3, 14, 15, 12, 4.00000, 0.550000, '2026-02-16 05:54:29', '2026-02-16 07:18:39'),
(1727, 3, 14, 15, 13, 4.00000, 0.900000, '2026-02-16 05:54:29', '2026-02-16 07:18:39'),
(1728, 3, 14, 16, 9, 4.00000, 0.900000, '2026-02-16 05:54:29', '2026-02-16 07:18:39'),
(1729, 3, 14, 16, 10, 4.00000, 0.750000, '2026-02-16 05:54:29', '2026-02-16 07:18:39'),
(1730, 3, 14, 16, 11, 4.00000, 0.550000, '2026-02-16 05:54:29', '2026-02-16 07:18:39'),
(1731, 3, 14, 16, 12, 3.00000, 0.250000, '2026-02-16 05:54:29', '2026-02-16 07:18:39'),
(1732, 3, 14, 16, 13, 3.00000, 0.700000, '2026-02-16 05:54:29', '2026-02-16 07:18:39'),
(1733, 3, 14, 17, 9, 4.00000, 0.900000, '2026-02-16 05:54:29', '2026-02-16 07:18:39'),
(1734, 3, 14, 17, 10, 2.00000, 0.250000, '2026-02-16 05:54:29', '2026-02-16 07:18:39'),
(1735, 3, 14, 17, 11, 3.00000, 0.250000, '2026-02-16 05:54:29', '2026-02-16 07:18:39'),
(1736, 3, 14, 17, 12, 3.00000, 0.250000, '2026-02-16 05:54:29', '2026-02-16 07:18:39'),
(1737, 3, 14, 17, 13, 3.00000, 0.700000, '2026-02-16 05:54:29', '2026-02-16 07:18:39'),
(1738, 3, 14, 18, 9, 4.00000, 0.900000, '2026-02-16 05:54:29', '2026-02-16 07:18:39'),
(1739, 3, 14, 18, 10, 3.00000, 0.500000, '2026-02-16 05:54:29', '2026-02-16 07:18:39'),
(1740, 3, 14, 18, 11, 3.00000, 0.250000, '2026-02-16 05:54:29', '2026-02-16 07:18:39'),
(1741, 3, 14, 18, 12, 3.00000, 0.250000, '2026-02-16 05:54:29', '2026-02-16 07:18:39'),
(1742, 3, 14, 18, 13, 3.00000, 0.700000, '2026-02-16 05:54:29', '2026-02-16 07:18:39'),
(1743, 3, 14, 19, 9, 4.00000, 0.900000, '2026-02-16 05:54:29', '2026-02-16 07:18:39'),
(1744, 3, 14, 19, 10, 5.00000, 1.000000, '2026-02-16 05:54:29', '2026-02-16 07:18:39'),
(1745, 3, 14, 19, 11, 4.00000, 0.550000, '2026-02-16 05:54:29', '2026-02-16 07:18:39'),
(1746, 3, 14, 19, 12, 4.00000, 0.550000, '2026-02-16 05:54:29', '2026-02-16 07:18:39'),
(1747, 3, 14, 19, 13, 3.00000, 0.700000, '2026-02-16 05:54:29', '2026-02-16 07:18:39'),
(1748, 3, 14, 20, 9, 4.00000, 0.900000, '2026-02-16 05:54:29', '2026-02-16 07:18:39'),
(1749, 3, 14, 20, 10, 4.00000, 0.750000, '2026-02-16 05:54:29', '2026-02-16 07:18:39'),
(1750, 3, 14, 20, 11, 5.00000, 1.000000, '2026-02-16 05:54:29', '2026-02-16 07:18:39'),
(1751, 3, 14, 20, 12, 5.00000, 1.000000, '2026-02-16 05:54:29', '2026-02-16 07:18:39'),
(1752, 3, 14, 20, 13, 4.00000, 0.900000, '2026-02-16 05:54:29', '2026-02-16 07:18:39'),
(1753, 3, 14, 21, 9, 4.00000, 0.900000, '2026-02-16 05:54:29', '2026-02-16 07:18:39'),
(1754, 3, 14, 21, 10, 4.00000, 0.750000, '2026-02-16 05:54:29', '2026-02-16 07:18:39'),
(1755, 3, 14, 21, 11, 3.00000, 0.250000, '2026-02-16 05:54:29', '2026-02-16 07:18:39'),
(1756, 3, 14, 21, 12, 2.00000, 0.110000, '2026-02-16 05:54:29', '2026-02-16 07:18:39'),
(1757, 3, 14, 21, 13, 2.00000, 0.400000, '2026-02-16 05:54:29', '2026-02-16 07:18:39'),
(1758, 3, 14, 22, 9, 4.00000, 0.900000, '2026-02-16 05:54:29', '2026-02-16 07:18:39'),
(1759, 3, 14, 22, 10, 4.00000, 0.750000, '2026-02-16 05:54:29', '2026-02-16 07:18:39'),
(1760, 3, 14, 22, 11, 4.00000, 0.550000, '2026-02-16 05:54:29', '2026-02-16 07:18:39'),
(1761, 3, 14, 22, 12, 3.00000, 0.250000, '2026-02-16 05:54:29', '2026-02-16 07:18:39'),
(1762, 3, 14, 22, 13, 3.00000, 0.700000, '2026-02-16 05:54:29', '2026-02-16 07:18:39'),
(1763, 3, 14, 23, 9, 5.00000, 1.000000, '2026-02-16 05:54:29', '2026-02-16 07:18:39'),
(1764, 3, 14, 23, 10, 4.00000, 0.750000, '2026-02-16 05:54:29', '2026-02-16 07:18:39'),
(1765, 3, 14, 23, 11, 4.00000, 0.550000, '2026-02-16 05:54:29', '2026-02-16 07:18:39'),
(1766, 3, 14, 23, 12, 4.00000, 0.550000, '2026-02-16 05:54:29', '2026-02-16 07:18:39'),
(1767, 3, 14, 23, 13, 4.00000, 0.900000, '2026-02-16 05:54:29', '2026-02-16 07:18:39'),
(1768, 3, 14, 24, 9, 4.00000, 0.900000, '2026-02-16 05:54:29', '2026-02-16 07:18:39'),
(1769, 3, 14, 24, 10, 4.00000, 0.750000, '2026-02-16 05:54:29', '2026-02-16 07:18:39'),
(1770, 3, 14, 24, 11, 5.00000, 1.000000, '2026-02-16 05:54:29', '2026-02-16 07:18:39');
INSERT INTO `alternative_evaluations` (`id`, `decision_session_id`, `dm_id`, `alternative_id`, `criteria_id`, `raw_value`, `utility_value`, `created_at`, `updated_at`) VALUES
(1771, 3, 14, 24, 12, 4.00000, 0.550000, '2026-02-16 05:54:29', '2026-02-16 07:18:39'),
(1772, 3, 14, 24, 13, 3.00000, 0.700000, '2026-02-16 05:54:29', '2026-02-16 07:18:39'),
(1773, 3, 14, 25, 9, 4.00000, 0.900000, '2026-02-16 05:54:29', '2026-02-16 07:18:39'),
(1774, 3, 14, 25, 10, 4.00000, 0.750000, '2026-02-16 05:54:29', '2026-02-16 07:18:39'),
(1775, 3, 14, 25, 11, 4.00000, 0.550000, '2026-02-16 05:54:29', '2026-02-16 07:18:39'),
(1776, 3, 14, 25, 12, 3.00000, 0.250000, '2026-02-16 05:54:29', '2026-02-16 07:18:39'),
(1777, 3, 14, 25, 13, 4.00000, 0.900000, '2026-02-16 05:54:29', '2026-02-16 07:18:39'),
(1778, 3, 14, 26, 9, 4.00000, 0.900000, '2026-02-16 05:54:29', '2026-02-16 07:18:39'),
(1779, 3, 14, 26, 10, 3.00000, 0.500000, '2026-02-16 05:54:29', '2026-02-16 07:18:39'),
(1780, 3, 14, 26, 11, 4.00000, 0.550000, '2026-02-16 05:54:29', '2026-02-16 07:18:39'),
(1781, 3, 14, 26, 12, 3.00000, 0.250000, '2026-02-16 05:54:29', '2026-02-16 07:18:39'),
(1782, 3, 14, 26, 13, 3.00000, 0.700000, '2026-02-16 05:54:29', '2026-02-16 07:18:39'),
(1783, 3, 14, 27, 9, 5.00000, 1.000000, '2026-02-16 05:54:29', '2026-02-16 07:18:39'),
(1784, 3, 14, 27, 10, 4.00000, 0.750000, '2026-02-16 05:54:29', '2026-02-16 07:18:39'),
(1785, 3, 14, 27, 11, 5.00000, 1.000000, '2026-02-16 05:54:29', '2026-02-16 07:18:39'),
(1786, 3, 14, 27, 12, 3.00000, 0.250000, '2026-02-16 05:54:29', '2026-02-16 07:18:39'),
(1787, 3, 14, 27, 13, 3.00000, 0.700000, '2026-02-16 05:54:29', '2026-02-16 07:18:39'),
(1788, 3, 14, 28, 9, 4.00000, 0.900000, '2026-02-16 05:54:29', '2026-02-16 07:18:39'),
(1789, 3, 14, 28, 10, 4.00000, 0.750000, '2026-02-16 05:54:29', '2026-02-16 07:18:39'),
(1790, 3, 14, 28, 11, 4.00000, 0.550000, '2026-02-16 05:54:29', '2026-02-16 07:18:39'),
(1791, 3, 14, 28, 12, 4.00000, 0.550000, '2026-02-16 05:54:29', '2026-02-16 07:18:39'),
(1792, 3, 14, 28, 13, 3.00000, 0.700000, '2026-02-16 05:54:29', '2026-02-16 07:18:39'),
(1793, 3, 14, 29, 9, 4.00000, 0.900000, '2026-02-16 05:54:29', '2026-02-16 07:18:39'),
(1794, 3, 14, 29, 10, 4.00000, 0.750000, '2026-02-16 05:54:29', '2026-02-16 07:18:39'),
(1795, 3, 14, 29, 11, 3.00000, 0.250000, '2026-02-16 05:54:29', '2026-02-16 07:18:39'),
(1796, 3, 14, 29, 12, 4.00000, 0.550000, '2026-02-16 05:54:29', '2026-02-16 07:18:39'),
(1797, 3, 14, 29, 13, 3.00000, 0.700000, '2026-02-16 05:54:29', '2026-02-16 07:18:39'),
(1798, 3, 14, 30, 9, 4.00000, 0.900000, '2026-02-16 05:54:29', '2026-02-16 07:18:39'),
(1799, 3, 14, 30, 10, 5.00000, 1.000000, '2026-02-16 05:54:29', '2026-02-16 07:18:39'),
(1800, 3, 14, 30, 11, 4.00000, 0.550000, '2026-02-16 05:54:29', '2026-02-16 07:18:39'),
(1801, 3, 14, 30, 12, 3.00000, 0.250000, '2026-02-16 05:54:29', '2026-02-16 07:18:39'),
(1802, 3, 14, 30, 13, 3.00000, 0.700000, '2026-02-16 05:54:29', '2026-02-16 07:18:39'),
(1803, 3, 14, 31, 9, 5.00000, 1.000000, '2026-02-16 05:54:29', '2026-02-16 07:18:39'),
(1804, 3, 14, 31, 10, 5.00000, 1.000000, '2026-02-16 05:54:29', '2026-02-16 07:18:39'),
(1805, 3, 14, 31, 11, 5.00000, 1.000000, '2026-02-16 05:54:29', '2026-02-16 07:18:39'),
(1806, 3, 14, 31, 12, 5.00000, 1.000000, '2026-02-16 05:54:29', '2026-02-16 07:18:39'),
(1807, 3, 14, 31, 13, 4.00000, 0.900000, '2026-02-16 05:54:29', '2026-02-16 07:18:39'),
(1808, 3, 14, 32, 9, 5.00000, 1.000000, '2026-02-16 05:54:29', '2026-02-16 07:18:39'),
(1809, 3, 14, 32, 10, 4.00000, 0.750000, '2026-02-16 05:54:29', '2026-02-16 07:18:39'),
(1810, 3, 14, 32, 11, 3.00000, 0.250000, '2026-02-16 05:54:29', '2026-02-16 07:18:39'),
(1811, 3, 14, 32, 12, 2.00000, 0.110000, '2026-02-16 05:54:29', '2026-02-16 07:18:39'),
(1812, 3, 14, 32, 13, 2.00000, 0.400000, '2026-02-16 05:54:29', '2026-02-16 07:18:39'),
(1813, 3, 14, 33, 9, 4.00000, 0.900000, '2026-02-16 05:54:29', '2026-02-16 07:18:39'),
(1814, 3, 14, 33, 10, 4.00000, 0.750000, '2026-02-16 05:54:29', '2026-02-16 07:18:39'),
(1815, 3, 14, 33, 11, 3.00000, 0.250000, '2026-02-16 05:54:29', '2026-02-16 07:18:39'),
(1816, 3, 14, 33, 12, 3.00000, 0.250000, '2026-02-16 05:54:29', '2026-02-16 07:18:39'),
(1817, 3, 14, 33, 13, 3.00000, 0.700000, '2026-02-16 05:54:29', '2026-02-16 07:18:39'),
(1818, 3, 14, 34, 9, 3.00000, 0.700000, '2026-02-16 05:54:29', '2026-02-16 07:18:39'),
(1819, 3, 14, 34, 10, 3.00000, 0.500000, '2026-02-16 05:54:29', '2026-02-16 07:18:39'),
(1820, 3, 14, 34, 11, 4.00000, 0.550000, '2026-02-16 05:54:29', '2026-02-16 07:18:39'),
(1821, 3, 14, 34, 12, 4.00000, 0.550000, '2026-02-16 05:54:29', '2026-02-16 07:18:39'),
(1822, 3, 14, 34, 13, 3.00000, 0.700000, '2026-02-16 05:54:29', '2026-02-16 07:18:39'),
(1823, 3, 14, 35, 9, 4.00000, 0.900000, '2026-02-16 05:54:29', '2026-02-16 07:18:39'),
(1824, 3, 14, 35, 10, 4.00000, 0.750000, '2026-02-16 05:54:29', '2026-02-16 07:18:39'),
(1825, 3, 14, 35, 11, 4.00000, 0.550000, '2026-02-16 05:54:29', '2026-02-16 07:18:39'),
(1826, 3, 14, 35, 12, 4.00000, 0.550000, '2026-02-16 05:54:29', '2026-02-16 07:18:39'),
(1827, 3, 14, 35, 13, 4.00000, 0.900000, '2026-02-16 05:54:29', '2026-02-16 07:18:39'),
(1828, 3, 14, 36, 9, 4.00000, 0.900000, '2026-02-16 05:54:29', '2026-02-16 07:18:39'),
(1829, 3, 14, 36, 10, 5.00000, 1.000000, '2026-02-16 05:54:29', '2026-02-16 07:18:39'),
(1830, 3, 14, 36, 11, 4.00000, 0.550000, '2026-02-16 05:54:29', '2026-02-16 07:18:39'),
(1831, 3, 14, 36, 12, 4.00000, 0.550000, '2026-02-16 05:54:29', '2026-02-16 07:18:39'),
(1832, 3, 14, 36, 13, 4.00000, 0.900000, '2026-02-16 05:54:29', '2026-02-16 07:18:39'),
(1833, 3, 14, 37, 9, 5.00000, 1.000000, '2026-02-16 05:54:29', '2026-02-16 07:18:39'),
(1834, 3, 14, 37, 10, 3.00000, 0.500000, '2026-02-16 05:54:29', '2026-02-16 07:18:39'),
(1835, 3, 14, 37, 11, 4.00000, 0.550000, '2026-02-16 05:54:29', '2026-02-16 07:18:39'),
(1836, 3, 14, 37, 12, 2.00000, 0.110000, '2026-02-16 05:54:29', '2026-02-16 07:18:39'),
(1837, 3, 14, 37, 13, 2.00000, 0.400000, '2026-02-16 05:54:29', '2026-02-16 07:18:39'),
(1838, 3, 14, 38, 9, 4.00000, 0.900000, '2026-02-16 05:54:29', '2026-02-16 07:18:39'),
(1839, 3, 14, 38, 10, 4.00000, 0.750000, '2026-02-16 05:54:29', '2026-02-16 07:18:39'),
(1840, 3, 14, 38, 11, 3.00000, 0.250000, '2026-02-16 05:54:29', '2026-02-16 07:18:39'),
(1841, 3, 14, 38, 12, 3.00000, 0.250000, '2026-02-16 05:54:29', '2026-02-16 07:18:39'),
(1842, 3, 14, 38, 13, 4.00000, 0.900000, '2026-02-16 05:54:29', '2026-02-16 07:18:39'),
(1843, 3, 14, 39, 9, 5.00000, 1.000000, '2026-02-16 05:54:29', '2026-02-16 07:18:39'),
(1844, 3, 14, 39, 10, 5.00000, 1.000000, '2026-02-16 05:54:29', '2026-02-16 07:18:39'),
(1845, 3, 14, 39, 11, 4.00000, 0.550000, '2026-02-16 05:54:29', '2026-02-16 07:18:39'),
(1846, 3, 14, 39, 12, 4.00000, 0.550000, '2026-02-16 05:54:29', '2026-02-16 07:18:39'),
(1847, 3, 14, 39, 13, 4.00000, 0.900000, '2026-02-16 05:54:29', '2026-02-16 07:18:39'),
(1848, 3, 14, 40, 9, 3.00000, 0.700000, '2026-02-16 05:54:29', '2026-02-16 07:18:39'),
(1849, 3, 14, 40, 10, 3.00000, 0.500000, '2026-02-16 05:54:29', '2026-02-16 07:18:39'),
(1850, 3, 14, 40, 11, 4.00000, 0.550000, '2026-02-16 05:54:29', '2026-02-16 07:18:39'),
(1851, 3, 14, 40, 12, 3.00000, 0.250000, '2026-02-16 05:54:29', '2026-02-16 07:18:39'),
(1852, 3, 14, 40, 13, 3.00000, 0.700000, '2026-02-16 05:54:29', '2026-02-16 07:18:39'),
(1853, 3, 14, 41, 9, 4.00000, 0.900000, '2026-02-16 05:54:29', '2026-02-16 07:18:39'),
(1854, 3, 14, 41, 10, 4.00000, 0.750000, '2026-02-16 05:54:29', '2026-02-16 07:18:39'),
(1855, 3, 14, 41, 11, 3.00000, 0.250000, '2026-02-16 05:54:29', '2026-02-16 07:18:39'),
(1856, 3, 14, 41, 12, 3.00000, 0.250000, '2026-02-16 05:54:29', '2026-02-16 07:18:39'),
(1857, 3, 14, 41, 13, 2.00000, 0.400000, '2026-02-16 05:54:29', '2026-02-16 07:18:39'),
(1858, 3, 14, 42, 9, 4.00000, 0.900000, '2026-02-16 05:54:29', '2026-02-16 07:18:39'),
(1859, 3, 14, 42, 10, 4.00000, 0.750000, '2026-02-16 05:54:29', '2026-02-16 07:18:39'),
(1860, 3, 14, 42, 11, 3.00000, 0.250000, '2026-02-16 05:54:29', '2026-02-16 07:18:39'),
(1861, 3, 14, 42, 12, 3.00000, 0.250000, '2026-02-16 05:54:29', '2026-02-16 07:18:39'),
(1862, 3, 14, 42, 13, 3.00000, 0.700000, '2026-02-16 05:54:29', '2026-02-16 07:18:39'),
(1863, 3, 14, 43, 9, 4.00000, 0.900000, '2026-02-16 05:54:29', '2026-02-16 07:18:39'),
(1864, 3, 14, 43, 10, 3.00000, 0.500000, '2026-02-16 05:54:29', '2026-02-16 07:18:39'),
(1865, 3, 14, 43, 11, 3.00000, 0.250000, '2026-02-16 05:54:29', '2026-02-16 07:18:39'),
(1866, 3, 14, 43, 12, 3.00000, 0.250000, '2026-02-16 05:54:29', '2026-02-16 07:18:39'),
(1867, 3, 14, 43, 13, 4.00000, 0.900000, '2026-02-16 05:54:29', '2026-02-16 07:18:39'),
(1868, 3, 14, 44, 9, 4.00000, 0.900000, '2026-02-16 05:54:29', '2026-02-16 07:18:39'),
(1869, 3, 14, 44, 10, 3.00000, 0.500000, '2026-02-16 05:54:29', '2026-02-16 07:18:39'),
(1870, 3, 14, 44, 11, 3.00000, 0.250000, '2026-02-16 05:54:29', '2026-02-16 07:18:39'),
(1871, 3, 14, 44, 12, 3.00000, 0.250000, '2026-02-16 05:54:29', '2026-02-16 07:18:39'),
(1872, 3, 14, 44, 13, 2.00000, 0.400000, '2026-02-16 05:54:29', '2026-02-16 07:18:39'),
(1873, 3, 14, 45, 9, 4.00000, 0.900000, '2026-02-16 05:54:29', '2026-02-16 07:18:39'),
(1874, 3, 14, 45, 10, 4.00000, 0.750000, '2026-02-16 05:54:29', '2026-02-16 07:18:39'),
(1875, 3, 14, 45, 11, 3.00000, 0.250000, '2026-02-16 05:54:29', '2026-02-16 07:18:39'),
(1876, 3, 14, 45, 12, 2.00000, 0.110000, '2026-02-16 05:54:29', '2026-02-16 07:18:39'),
(1877, 3, 14, 45, 13, 3.00000, 0.700000, '2026-02-16 05:54:29', '2026-02-16 07:18:39'),
(1878, 3, 9, 14, 9, 3.00000, 0.700000, '2026-02-16 05:54:29', '2026-02-16 07:17:26'),
(1879, 3, 9, 14, 10, 4.00000, 0.750000, '2026-02-16 05:54:29', '2026-02-16 07:17:26'),
(1880, 3, 9, 14, 11, 2.00000, 0.100000, '2026-02-16 05:54:29', '2026-02-16 07:17:26'),
(1881, 3, 9, 14, 12, 1.00000, 0.000000, '2026-02-16 05:54:29', '2026-02-16 07:17:26'),
(1882, 3, 9, 14, 13, 2.00000, 0.400000, '2026-02-16 05:54:29', '2026-02-16 07:17:26'),
(1883, 3, 9, 15, 9, 3.00000, 0.700000, '2026-02-16 05:54:29', '2026-02-16 07:17:26'),
(1884, 3, 9, 15, 10, 3.00000, 0.500000, '2026-02-16 05:54:29', '2026-02-16 07:17:26'),
(1885, 3, 9, 15, 11, 5.00000, 1.000000, '2026-02-16 05:54:29', '2026-02-16 07:17:26'),
(1886, 3, 9, 15, 12, 4.00000, 0.550000, '2026-02-16 05:54:29', '2026-02-16 07:17:26'),
(1887, 3, 9, 15, 13, 3.00000, 0.700000, '2026-02-16 05:54:29', '2026-02-16 07:17:26'),
(1888, 3, 9, 16, 9, 4.00000, 0.900000, '2026-02-16 05:54:29', '2026-02-16 07:17:26'),
(1889, 3, 9, 16, 10, 5.00000, 1.000000, '2026-02-16 05:54:29', '2026-02-16 07:17:26'),
(1890, 3, 9, 16, 11, 2.00000, 0.100000, '2026-02-16 05:54:29', '2026-02-16 07:17:26'),
(1891, 3, 9, 16, 12, 1.00000, 0.000000, '2026-02-16 05:54:29', '2026-02-16 07:17:26'),
(1892, 3, 9, 16, 13, 1.00000, 0.000000, '2026-02-16 05:54:29', '2026-02-16 07:17:26'),
(1893, 3, 9, 17, 9, 5.00000, 1.000000, '2026-02-16 05:54:29', '2026-02-16 07:17:26'),
(1894, 3, 9, 17, 10, 2.00000, 0.250000, '2026-02-16 05:54:29', '2026-02-16 07:17:26'),
(1895, 3, 9, 17, 11, 2.00000, 0.100000, '2026-02-16 05:54:29', '2026-02-16 07:17:26'),
(1896, 3, 9, 17, 12, 3.00000, 0.250000, '2026-02-16 05:54:29', '2026-02-16 07:17:26'),
(1897, 3, 9, 17, 13, 2.00000, 0.400000, '2026-02-16 05:54:29', '2026-02-16 07:17:26'),
(1898, 3, 9, 18, 9, 4.00000, 0.900000, '2026-02-16 05:54:29', '2026-02-16 07:17:26'),
(1899, 3, 9, 18, 10, 4.00000, 0.750000, '2026-02-16 05:54:29', '2026-02-16 07:17:26'),
(1900, 3, 9, 18, 11, 4.00000, 0.550000, '2026-02-16 05:54:29', '2026-02-16 07:17:26'),
(1901, 3, 9, 18, 12, 4.00000, 0.550000, '2026-02-16 05:54:29', '2026-02-16 07:17:26'),
(1902, 3, 9, 18, 13, 4.00000, 0.900000, '2026-02-16 05:54:29', '2026-02-16 07:17:26'),
(1903, 3, 9, 19, 9, 4.00000, 0.900000, '2026-02-16 05:54:29', '2026-02-16 07:17:26'),
(1904, 3, 9, 19, 10, 3.00000, 0.500000, '2026-02-16 05:54:29', '2026-02-16 07:17:26'),
(1905, 3, 9, 19, 11, 5.00000, 1.000000, '2026-02-16 05:54:29', '2026-02-16 07:17:26'),
(1906, 3, 9, 19, 12, 3.00000, 0.250000, '2026-02-16 05:54:29', '2026-02-16 07:17:26'),
(1907, 3, 9, 19, 13, 2.00000, 0.400000, '2026-02-16 05:54:29', '2026-02-16 07:17:26'),
(1908, 3, 9, 20, 9, 4.00000, 0.900000, '2026-02-16 05:54:29', '2026-02-16 07:17:26'),
(1909, 3, 9, 20, 10, 1.00000, 0.000000, '2026-02-16 05:54:29', '2026-02-16 07:17:26'),
(1910, 3, 9, 20, 11, 4.00000, 0.550000, '2026-02-16 05:54:29', '2026-02-16 07:17:26'),
(1911, 3, 9, 20, 12, 4.00000, 0.550000, '2026-02-16 05:54:29', '2026-02-16 07:17:26'),
(1912, 3, 9, 20, 13, 4.00000, 0.900000, '2026-02-16 05:54:29', '2026-02-16 07:17:26'),
(1913, 3, 9, 21, 9, 2.00000, 0.400000, '2026-02-16 05:54:29', '2026-02-16 07:17:26'),
(1914, 3, 9, 21, 10, 4.00000, 0.750000, '2026-02-16 05:54:29', '2026-02-16 07:17:26'),
(1915, 3, 9, 21, 11, 4.00000, 0.550000, '2026-02-16 05:54:29', '2026-02-16 07:17:26'),
(1916, 3, 9, 21, 12, 1.00000, 0.000000, '2026-02-16 05:54:29', '2026-02-16 07:17:26'),
(1917, 3, 9, 21, 13, 2.00000, 0.400000, '2026-02-16 05:54:29', '2026-02-16 07:17:26'),
(1918, 3, 9, 22, 9, 2.00000, 0.400000, '2026-02-16 05:54:29', '2026-02-16 07:17:26'),
(1919, 3, 9, 22, 10, 2.00000, 0.250000, '2026-02-16 05:54:29', '2026-02-16 07:17:26'),
(1920, 3, 9, 22, 11, 5.00000, 1.000000, '2026-02-16 05:54:29', '2026-02-16 07:17:26'),
(1921, 3, 9, 22, 12, 3.00000, 0.250000, '2026-02-16 05:54:29', '2026-02-16 07:17:26'),
(1922, 3, 9, 22, 13, 3.00000, 0.700000, '2026-02-16 05:54:29', '2026-02-16 07:17:26'),
(1923, 3, 9, 23, 9, 3.00000, 0.700000, '2026-02-16 05:54:29', '2026-02-16 07:17:26'),
(1924, 3, 9, 23, 10, 2.00000, 0.250000, '2026-02-16 05:54:29', '2026-02-16 07:17:26'),
(1925, 3, 9, 23, 11, 2.00000, 0.100000, '2026-02-16 05:54:29', '2026-02-16 07:17:26'),
(1926, 3, 9, 23, 12, 2.00000, 0.110000, '2026-02-16 05:54:29', '2026-02-16 07:17:26'),
(1927, 3, 9, 23, 13, 4.00000, 0.900000, '2026-02-16 05:54:29', '2026-02-16 07:17:26'),
(1928, 3, 9, 24, 9, 4.00000, 0.900000, '2026-02-16 05:54:29', '2026-02-16 07:17:26'),
(1929, 3, 9, 24, 10, 2.00000, 0.250000, '2026-02-16 05:54:29', '2026-02-16 07:17:26'),
(1930, 3, 9, 24, 11, 5.00000, 1.000000, '2026-02-16 05:54:29', '2026-02-16 07:17:26'),
(1931, 3, 9, 24, 12, 4.00000, 0.550000, '2026-02-16 05:54:29', '2026-02-16 07:17:26'),
(1932, 3, 9, 24, 13, 3.00000, 0.700000, '2026-02-16 05:54:29', '2026-02-16 07:17:26'),
(1933, 3, 9, 25, 9, 3.00000, 0.700000, '2026-02-16 05:54:29', '2026-02-16 07:17:26'),
(1934, 3, 9, 25, 10, 3.00000, 0.500000, '2026-02-16 05:54:29', '2026-02-16 07:17:26'),
(1935, 3, 9, 25, 11, 2.00000, 0.100000, '2026-02-16 05:54:29', '2026-02-16 07:17:26'),
(1936, 3, 9, 25, 12, 3.00000, 0.250000, '2026-02-16 05:54:29', '2026-02-16 07:17:26'),
(1937, 3, 9, 25, 13, 4.00000, 0.900000, '2026-02-16 05:54:29', '2026-02-16 07:17:26'),
(1938, 3, 9, 26, 9, 3.00000, 0.700000, '2026-02-16 05:54:29', '2026-02-16 07:17:26'),
(1939, 3, 9, 26, 10, 3.00000, 0.500000, '2026-02-16 05:54:29', '2026-02-16 07:17:26'),
(1940, 3, 9, 26, 11, 4.00000, 0.550000, '2026-02-16 05:54:29', '2026-02-16 07:17:26'),
(1941, 3, 9, 26, 12, 4.00000, 0.550000, '2026-02-16 05:54:29', '2026-02-16 07:17:26'),
(1942, 3, 9, 26, 13, 4.00000, 0.900000, '2026-02-16 05:54:29', '2026-02-16 07:17:26'),
(1943, 3, 9, 27, 9, 3.00000, 0.700000, '2026-02-16 05:54:29', '2026-02-16 07:17:26'),
(1944, 3, 9, 27, 10, 3.00000, 0.500000, '2026-02-16 05:54:29', '2026-02-16 07:17:26'),
(1945, 3, 9, 27, 11, 3.00000, 0.250000, '2026-02-16 05:54:29', '2026-02-16 07:17:26'),
(1946, 3, 9, 27, 12, 3.00000, 0.250000, '2026-02-16 05:54:29', '2026-02-16 07:17:26'),
(1947, 3, 9, 27, 13, 4.00000, 0.900000, '2026-02-16 05:54:29', '2026-02-16 07:17:26'),
(1948, 3, 9, 28, 9, 3.00000, 0.700000, '2026-02-16 05:54:29', '2026-02-16 07:17:26'),
(1949, 3, 9, 28, 10, 3.00000, 0.500000, '2026-02-16 05:54:29', '2026-02-16 07:17:26'),
(1950, 3, 9, 28, 11, 5.00000, 1.000000, '2026-02-16 05:54:29', '2026-02-16 07:17:26'),
(1951, 3, 9, 28, 12, 4.00000, 0.550000, '2026-02-16 05:54:29', '2026-02-16 07:17:26'),
(1952, 3, 9, 28, 13, 3.00000, 0.700000, '2026-02-16 05:54:29', '2026-02-16 07:17:26'),
(1953, 3, 9, 29, 9, 3.00000, 0.700000, '2026-02-16 05:54:29', '2026-02-16 07:17:26'),
(1954, 3, 9, 29, 10, 4.00000, 0.750000, '2026-02-16 05:54:29', '2026-02-16 07:17:26'),
(1955, 3, 9, 29, 11, 3.00000, 0.250000, '2026-02-16 05:54:29', '2026-02-16 07:17:26'),
(1956, 3, 9, 29, 12, 2.00000, 0.110000, '2026-02-16 05:54:29', '2026-02-16 07:17:26'),
(1957, 3, 9, 29, 13, 2.00000, 0.400000, '2026-02-16 05:54:29', '2026-02-16 07:17:26'),
(1958, 3, 9, 30, 9, 3.00000, 0.700000, '2026-02-16 05:54:29', '2026-02-16 07:17:26'),
(1959, 3, 9, 30, 10, 5.00000, 1.000000, '2026-02-16 05:54:29', '2026-02-16 07:17:26'),
(1960, 3, 9, 30, 11, 3.00000, 0.250000, '2026-02-16 05:54:29', '2026-02-16 07:17:26'),
(1961, 3, 9, 30, 12, 1.00000, 0.000000, '2026-02-16 05:54:29', '2026-02-16 07:17:26'),
(1962, 3, 9, 30, 13, 1.00000, 0.000000, '2026-02-16 05:54:29', '2026-02-16 07:17:26'),
(1963, 3, 9, 31, 9, 3.00000, 0.700000, '2026-02-16 05:54:29', '2026-02-16 07:17:26'),
(1964, 3, 9, 31, 10, 3.00000, 0.500000, '2026-02-16 05:54:29', '2026-02-16 07:17:26'),
(1965, 3, 9, 31, 11, 5.00000, 1.000000, '2026-02-16 05:54:29', '2026-02-16 07:17:26'),
(1966, 3, 9, 31, 12, 5.00000, 1.000000, '2026-02-16 05:54:29', '2026-02-16 07:17:26'),
(1967, 3, 9, 31, 13, 3.00000, 0.700000, '2026-02-16 05:54:29', '2026-02-16 07:17:26'),
(1968, 3, 9, 32, 9, 5.00000, 1.000000, '2026-02-16 05:54:29', '2026-02-16 07:17:26'),
(1969, 3, 9, 32, 10, 2.00000, 0.250000, '2026-02-16 05:54:29', '2026-02-16 07:17:26'),
(1970, 3, 9, 32, 11, 3.00000, 0.250000, '2026-02-16 05:54:29', '2026-02-16 07:17:26'),
(1971, 3, 9, 32, 12, 3.00000, 0.250000, '2026-02-16 05:54:29', '2026-02-16 07:17:26'),
(1972, 3, 9, 32, 13, 3.00000, 0.700000, '2026-02-16 05:54:29', '2026-02-16 07:17:26'),
(1973, 3, 9, 33, 9, 4.00000, 0.900000, '2026-02-16 05:54:29', '2026-02-16 07:17:26'),
(1974, 3, 9, 33, 10, 4.00000, 0.750000, '2026-02-16 05:54:29', '2026-02-16 07:17:26'),
(1975, 3, 9, 33, 11, 3.00000, 0.250000, '2026-02-16 05:54:29', '2026-02-16 07:17:26'),
(1976, 3, 9, 33, 12, 1.00000, 0.000000, '2026-02-16 05:54:29', '2026-02-16 07:17:26'),
(1977, 3, 9, 33, 13, 2.00000, 0.400000, '2026-02-16 05:54:29', '2026-02-16 07:17:26'),
(1978, 3, 9, 34, 9, 3.00000, 0.700000, '2026-02-16 05:54:29', '2026-02-16 07:17:26'),
(1979, 3, 9, 34, 10, 2.00000, 0.250000, '2026-02-16 05:54:29', '2026-02-16 07:17:26'),
(1980, 3, 9, 34, 11, 5.00000, 1.000000, '2026-02-16 05:54:29', '2026-02-16 07:17:26'),
(1981, 3, 9, 34, 12, 4.00000, 0.550000, '2026-02-16 05:54:29', '2026-02-16 07:17:26'),
(1982, 3, 9, 34, 13, 3.00000, 0.700000, '2026-02-16 05:54:29', '2026-02-16 07:17:26'),
(1983, 3, 9, 35, 9, 3.00000, 0.700000, '2026-02-16 05:54:29', '2026-02-16 07:17:26'),
(1984, 3, 9, 35, 10, 3.00000, 0.500000, '2026-02-16 05:54:29', '2026-02-16 07:17:26'),
(1985, 3, 9, 35, 11, 4.00000, 0.550000, '2026-02-16 05:54:29', '2026-02-16 07:17:26'),
(1986, 3, 9, 35, 12, 4.00000, 0.550000, '2026-02-16 05:54:29', '2026-02-16 07:17:26'),
(1987, 3, 9, 35, 13, 4.00000, 0.900000, '2026-02-16 05:54:29', '2026-02-16 07:17:26'),
(1988, 3, 9, 36, 9, 4.00000, 0.900000, '2026-02-16 05:54:29', '2026-02-16 07:17:26'),
(1989, 3, 9, 36, 10, 4.00000, 0.750000, '2026-02-16 05:54:29', '2026-02-16 07:17:26'),
(1990, 3, 9, 36, 11, 5.00000, 1.000000, '2026-02-16 05:54:29', '2026-02-16 07:17:26'),
(1991, 3, 9, 36, 12, 3.00000, 0.250000, '2026-02-16 05:54:29', '2026-02-16 07:17:26'),
(1992, 3, 9, 36, 13, 3.00000, 0.700000, '2026-02-16 05:54:29', '2026-02-16 07:17:26'),
(1993, 3, 9, 37, 9, 2.00000, 0.400000, '2026-02-16 05:54:29', '2026-02-16 07:17:26'),
(1994, 3, 9, 37, 10, 4.00000, 0.750000, '2026-02-16 05:54:29', '2026-02-16 07:17:26'),
(1995, 3, 9, 37, 11, 4.00000, 0.550000, '2026-02-16 05:54:29', '2026-02-16 07:17:26'),
(1996, 3, 9, 37, 12, 2.00000, 0.110000, '2026-02-16 05:54:29', '2026-02-16 07:17:26'),
(1997, 3, 9, 37, 13, 4.00000, 0.900000, '2026-02-16 05:54:29', '2026-02-16 07:17:26'),
(1998, 3, 9, 38, 9, 3.00000, 0.700000, '2026-02-16 05:54:29', '2026-02-16 07:17:26'),
(1999, 3, 9, 38, 10, 4.00000, 0.750000, '2026-02-16 05:54:29', '2026-02-16 07:17:26'),
(2000, 3, 9, 38, 11, 5.00000, 1.000000, '2026-02-16 05:54:29', '2026-02-16 07:17:26'),
(2001, 3, 9, 38, 12, 4.00000, 0.550000, '2026-02-16 05:54:29', '2026-02-16 07:17:26'),
(2002, 3, 9, 38, 13, 1.00000, 0.000000, '2026-02-16 05:54:29', '2026-02-16 07:17:26'),
(2003, 3, 9, 39, 9, 3.00000, 0.700000, '2026-02-16 05:54:29', '2026-02-16 07:17:26'),
(2004, 3, 9, 39, 10, 4.00000, 0.750000, '2026-02-16 05:54:29', '2026-02-16 07:17:26'),
(2005, 3, 9, 39, 11, 3.00000, 0.250000, '2026-02-16 05:54:29', '2026-02-16 07:17:26'),
(2006, 3, 9, 39, 12, 1.00000, 0.000000, '2026-02-16 05:54:29', '2026-02-16 07:17:26'),
(2007, 3, 9, 39, 13, 2.00000, 0.400000, '2026-02-16 05:54:29', '2026-02-16 07:17:26'),
(2008, 3, 9, 40, 9, 3.00000, 0.700000, '2026-02-16 05:54:29', '2026-02-16 07:17:26'),
(2009, 3, 9, 40, 10, 3.00000, 0.500000, '2026-02-16 05:54:29', '2026-02-16 07:17:26'),
(2010, 3, 9, 40, 11, 3.00000, 0.250000, '2026-02-16 05:54:29', '2026-02-16 07:17:26'),
(2011, 3, 9, 40, 12, 1.00000, 0.000000, '2026-02-16 05:54:29', '2026-02-16 07:17:26'),
(2012, 3, 9, 40, 13, 2.00000, 0.400000, '2026-02-16 05:54:29', '2026-02-16 07:17:26'),
(2013, 3, 9, 41, 9, 4.00000, 0.900000, '2026-02-16 05:54:29', '2026-02-16 07:17:26'),
(2014, 3, 9, 41, 10, 3.00000, 0.500000, '2026-02-16 05:54:29', '2026-02-16 07:17:26'),
(2015, 3, 9, 41, 11, 2.00000, 0.100000, '2026-02-16 05:54:29', '2026-02-16 07:17:26'),
(2016, 3, 9, 41, 12, 4.00000, 0.550000, '2026-02-16 05:54:29', '2026-02-16 07:17:26'),
(2017, 3, 9, 41, 13, 1.00000, 0.000000, '2026-02-16 05:54:29', '2026-02-16 07:17:26'),
(2018, 3, 9, 42, 9, 2.00000, 0.400000, '2026-02-16 05:54:29', '2026-02-16 07:17:26'),
(2019, 3, 9, 42, 10, 3.00000, 0.500000, '2026-02-16 05:54:29', '2026-02-16 07:17:26'),
(2020, 3, 9, 42, 11, 1.00000, 0.000000, '2026-02-16 05:54:29', '2026-02-16 07:17:26'),
(2021, 3, 9, 42, 12, 1.00000, 0.000000, '2026-02-16 05:54:29', '2026-02-16 07:17:26'),
(2022, 3, 9, 42, 13, 2.00000, 0.400000, '2026-02-16 05:54:29', '2026-02-16 07:17:26'),
(2023, 3, 9, 43, 9, 3.00000, 0.700000, '2026-02-16 05:54:29', '2026-02-16 07:17:26'),
(2024, 3, 9, 43, 10, 4.00000, 0.750000, '2026-02-16 05:54:29', '2026-02-16 07:17:26'),
(2025, 3, 9, 43, 11, 4.00000, 0.550000, '2026-02-16 05:54:29', '2026-02-16 07:17:26'),
(2026, 3, 9, 43, 12, 4.00000, 0.550000, '2026-02-16 05:54:29', '2026-02-16 07:17:26'),
(2027, 3, 9, 43, 13, 4.00000, 0.900000, '2026-02-16 05:54:29', '2026-02-16 07:17:26'),
(2028, 3, 9, 44, 9, 5.00000, 1.000000, '2026-02-16 05:54:29', '2026-02-16 07:17:26'),
(2029, 3, 9, 44, 10, 2.00000, 0.250000, '2026-02-16 05:54:29', '2026-02-16 07:17:26'),
(2030, 3, 9, 44, 11, 2.00000, 0.100000, '2026-02-16 05:54:29', '2026-02-16 07:17:26'),
(2031, 3, 9, 44, 12, 3.00000, 0.250000, '2026-02-16 05:54:29', '2026-02-16 07:17:26'),
(2032, 3, 9, 44, 13, 3.00000, 0.700000, '2026-02-16 05:54:29', '2026-02-16 07:17:26'),
(2033, 3, 9, 45, 9, 1.00000, 0.000000, '2026-02-16 05:54:29', '2026-02-16 07:17:26'),
(2034, 3, 9, 45, 10, 2.00000, 0.250000, '2026-02-16 05:54:29', '2026-02-16 07:17:26'),
(2035, 3, 9, 45, 11, 4.00000, 0.550000, '2026-02-16 05:54:29', '2026-02-16 07:17:26'),
(2036, 3, 9, 45, 12, 4.00000, 0.550000, '2026-02-16 05:54:29', '2026-02-16 07:17:26'),
(2037, 3, 9, 45, 13, 4.00000, 0.900000, '2026-02-16 05:54:29', '2026-02-16 07:17:26');

-- --------------------------------------------------------

--
-- Table structure for table `borda_results`
--

CREATE TABLE `borda_results` (
  `id` bigint UNSIGNED NOT NULL,
  `decision_session_id` bigint UNSIGNED NOT NULL,
  `alternative_id` bigint UNSIGNED NOT NULL,
  `borda_score` int UNSIGNED NOT NULL,
  `final_rank` int UNSIGNED NOT NULL,
  `created_at` timestamp NULL DEFAULT NULL,
  `updated_at` timestamp NULL DEFAULT NULL
) ENGINE=InnoDB DEFAULT CHARSET=utf8mb4 COLLATE=utf8mb4_unicode_ci;

--
-- Dumping data for table `borda_results`
--

INSERT INTO `borda_results` (`id`, `decision_session_id`, `alternative_id`, `borda_score`, `final_rank`, `created_at`, `updated_at`) VALUES
(11, 1, 1, 42, 1, '2026-02-15 00:37:11', '2026-02-15 00:37:11'),
(12, 1, 6, 39, 2, '2026-02-15 00:37:11', '2026-02-15 00:37:11'),
(13, 1, 4, 37, 3, '2026-02-15 00:37:11', '2026-02-15 00:37:11'),
(14, 1, 3, 30, 4, '2026-02-15 00:37:11', '2026-02-17 23:49:59'),
(15, 1, 7, 30, 5, '2026-02-15 00:37:11', '2026-02-17 23:49:59'),
(16, 1, 9, 28, 6, '2026-02-15 00:37:11', '2026-02-15 00:37:11'),
(17, 1, 2, 24, 7, '2026-02-15 00:37:11', '2026-02-15 00:37:11'),
(18, 1, 8, 21, 8, '2026-02-15 00:37:11', '2026-02-15 00:37:11'),
(19, 1, 5, 17, 9, '2026-02-15 00:37:11', '2026-02-15 00:37:11'),
(20, 1, 10, 7, 10, '2026-02-15 00:37:11', '2026-02-15 00:37:11'),
(21, 2, 13, 9, 1, '2026-02-15 20:33:01', '2026-02-15 20:33:01'),
(22, 2, 12, 5, 2, '2026-02-15 20:33:01', '2026-02-15 20:33:01'),
(23, 2, 11, 4, 3, '2026-02-15 20:33:01', '2026-02-15 20:33:01'),
(24, 3, 31, 294, 1, '2026-02-16 07:18:58', '2026-02-16 07:18:58'),
(25, 3, 24, 289, 2, '2026-02-16 07:18:58', '2026-02-16 07:18:58'),
(26, 3, 19, 252, 3, '2026-02-16 07:18:58', '2026-02-16 07:18:58'),
(27, 3, 28, 250, 4, '2026-02-16 07:18:58', '2026-02-16 07:18:58'),
(28, 3, 15, 240, 5, '2026-02-16 07:18:58', '2026-02-16 07:18:58'),
(29, 3, 14, 236, 6, '2026-02-16 07:18:58', '2026-02-16 07:18:58'),
(30, 3, 20, 231, 7, '2026-02-16 07:18:58', '2026-02-16 07:18:58'),
(31, 3, 33, 210, 8, '2026-02-16 07:18:58', '2026-02-16 07:18:58'),
(32, 3, 27, 208, 9, '2026-02-16 07:18:58', '2026-02-16 07:18:58'),
(33, 3, 30, 207, 10, '2026-02-16 07:18:58', '2026-02-16 07:18:58'),
(34, 3, 22, 204, 11, '2026-02-16 07:18:58', '2026-02-16 07:18:58'),
(35, 3, 25, 201, 12, '2026-02-16 07:18:58', '2026-02-16 07:18:58'),
(36, 3, 23, 197, 13, '2026-02-16 07:18:58', '2026-02-16 07:18:58'),
(37, 3, 35, 196, 14, '2026-02-16 07:18:58', '2026-02-16 07:18:58'),
(38, 3, 38, 185, 15, '2026-02-16 07:18:58', '2026-02-16 07:18:58'),
(39, 3, 34, 182, 16, '2026-02-16 07:18:58', '2026-02-16 07:18:58'),
(40, 3, 16, 182, 17, '2026-02-16 07:18:58', '2026-02-16 07:18:58'),
(41, 3, 29, 170, 18, '2026-02-16 07:18:58', '2026-02-16 07:18:58'),
(42, 3, 17, 170, 19, '2026-02-16 07:18:58', '2026-02-16 07:18:58'),
(43, 3, 26, 168, 20, '2026-02-16 07:18:58', '2026-02-16 07:18:58'),
(44, 3, 18, 163, 21, '2026-02-16 07:18:58', '2026-02-16 07:18:58'),
(45, 3, 40, 160, 22, '2026-02-16 07:18:58', '2026-02-16 07:18:58'),
(46, 3, 36, 153, 23, '2026-02-16 07:18:58', '2026-02-16 07:18:58'),
(47, 3, 42, 149, 24, '2026-02-16 07:18:58', '2026-02-16 07:18:58'),
(48, 3, 39, 145, 25, '2026-02-16 07:18:58', '2026-02-16 07:18:58'),
(49, 3, 43, 145, 26, '2026-02-16 07:18:58', '2026-02-16 07:18:58'),
(50, 3, 44, 127, 27, '2026-02-16 07:18:58', '2026-02-16 07:18:58'),
(51, 3, 37, 111, 28, '2026-02-16 07:18:58', '2026-02-16 07:18:58'),
(52, 3, 21, 110, 29, '2026-02-16 07:18:58', '2026-02-16 07:18:58'),
(53, 3, 32, 110, 30, '2026-02-16 07:18:58', '2026-02-16 07:18:58'),
(54, 3, 41, 100, 31, '2026-02-16 07:18:58', '2026-02-16 07:18:58'),
(55, 3, 45, 63, 32, '2026-02-16 07:18:58', '2026-02-16 07:18:58');

-- --------------------------------------------------------

--
-- Table structure for table `cache`
--

CREATE TABLE `cache` (
  `key` varchar(255) CHARACTER SET utf8mb4 COLLATE utf8mb4_unicode_ci NOT NULL,
  `value` mediumtext CHARACTER SET utf8mb4 COLLATE utf8mb4_unicode_ci NOT NULL,
  `expiration` int NOT NULL
) ENGINE=InnoDB DEFAULT CHARSET=utf8mb4 COLLATE=utf8mb4_unicode_ci;

--
-- Dumping data for table `cache`
--

INSERT INTO `cache` (`key`, `value`, `expiration`) VALUES
('rembug-desa-cache-administrator@wonosarigk.id|127.0.0.1', 'i:1;', 1771226386),
('rembug-desa-cache-administrator@wonosarigk.id|127.0.0.1:timer', 'i:1771226386;', 1771226386);

-- --------------------------------------------------------

--
-- Table structure for table `cache_locks`
--

CREATE TABLE `cache_locks` (
  `key` varchar(255) CHARACTER SET utf8mb4 COLLATE utf8mb4_unicode_ci NOT NULL,
  `owner` varchar(255) CHARACTER SET utf8mb4 COLLATE utf8mb4_unicode_ci NOT NULL,
  `expiration` int NOT NULL
) ENGINE=InnoDB DEFAULT CHARSET=utf8mb4 COLLATE=utf8mb4_unicode_ci;

-- --------------------------------------------------------

--
-- Table structure for table `criteria`
--

CREATE TABLE `criteria` (
  `id` bigint UNSIGNED NOT NULL,
  `decision_session_id` bigint UNSIGNED NOT NULL,
  `name` varchar(255) CHARACTER SET utf8mb4 COLLATE utf8mb4_unicode_ci NOT NULL,
  `type` enum('benefit','cost') CHARACTER SET utf8mb4 COLLATE utf8mb4_unicode_ci NOT NULL,
  `is_active` tinyint(1) NOT NULL DEFAULT '1',
  `order` int NOT NULL DEFAULT '0',
  `created_at` timestamp NULL DEFAULT NULL,
  `updated_at` timestamp NULL DEFAULT NULL,
  `deleted_at` timestamp NULL DEFAULT NULL
) ENGINE=InnoDB DEFAULT CHARSET=utf8mb4 COLLATE=utf8mb4_unicode_ci;

--
-- Dumping data for table `criteria`
--

INSERT INTO `criteria` (`id`, `decision_session_id`, `name`, `type`, `is_active`, `order`, `created_at`, `updated_at`, `deleted_at`) VALUES
(1, 1, 'Pelayanan Dasar', 'benefit', 1, 1, '2026-02-12 15:04:18', '2026-02-12 15:04:18', NULL),
(2, 1, 'Infrastruktur dan Lingkungan', 'benefit', 1, 2, '2026-02-12 15:05:16', '2026-02-12 15:05:16', NULL),
(3, 1, 'Ekonomi Produktif dan Pertanian', 'benefit', 1, 3, '2026-02-12 15:05:25', '2026-02-12 15:05:25', NULL),
(4, 1, 'Teknologi Tepat Guna', 'benefit', 1, 4, '2026-02-12 15:05:33', '2026-02-12 15:05:33', NULL),
(5, 1, 'Ketertiban dan Ketentraman', 'benefit', 1, 5, '2026-02-12 15:05:38', '2026-02-12 15:05:38', NULL),
(6, 2, 'Kriteria Desil', 'cost', 1, 1, '2026-02-15 13:18:09', '2026-02-15 13:18:09', NULL),
(7, 2, 'Jumlah Anggota Keluarga', 'benefit', 1, 2, '2026-02-15 18:05:37', '2026-02-15 18:05:37', NULL),
(8, 2, 'KONDISI RUMAH', 'cost', 1, 3, '2026-02-15 18:32:06', '2026-02-15 18:32:06', NULL),
(9, 3, 'Pelayanan Dasar', 'benefit', 1, 1, '2026-02-16 00:45:34', '2026-02-16 01:17:27', NULL),
(10, 3, 'Infrastruktur dan Lingkungan', 'benefit', 1, 2, '2026-02-16 00:45:43', '2026-02-16 00:45:43', NULL),
(11, 3, 'Ekonomi Produktif dan Pertanian', 'benefit', 1, 3, '2026-02-16 00:45:49', '2026-02-16 00:45:49', NULL),
(12, 3, 'Teknologi Tepat Guna', 'benefit', 1, 4, '2026-02-16 00:45:55', '2026-02-16 00:45:55', NULL),
(13, 3, 'Ketertiban dan Ketentraman', 'benefit', 1, 5, '2026-02-16 00:46:01', '2026-02-16 00:46:01', NULL),
(14, 4, 'Desil DTSEN Berapa', 'benefit', 1, 1, '2026-02-16 14:46:50', '2026-02-16 14:47:26', NULL);

-- --------------------------------------------------------

--
-- Table structure for table `criteria_pairwise`
--

CREATE TABLE `criteria_pairwise` (
  `id` bigint UNSIGNED NOT NULL,
  `decision_session_id` bigint UNSIGNED NOT NULL,
  `dm_id` bigint UNSIGNED NOT NULL,
  `criteria_id_1` bigint UNSIGNED NOT NULL,
  `criteria_id_2` bigint UNSIGNED NOT NULL,
  `value` tinyint UNSIGNED NOT NULL,
  `direction` varchar(10) CHARACTER SET utf8mb4 COLLATE utf8mb4_unicode_ci NOT NULL,
  `created_at` timestamp NULL DEFAULT NULL,
  `updated_at` timestamp NULL DEFAULT NULL
) ENGINE=InnoDB DEFAULT CHARSET=utf8mb4 COLLATE=utf8mb4_unicode_ci;

--
-- Dumping data for table `criteria_pairwise`
--

INSERT INTO `criteria_pairwise` (`id`, `decision_session_id`, `dm_id`, `criteria_id_1`, `criteria_id_2`, `value`, `direction`, `created_at`, `updated_at`) VALUES
(21, 1, 6, 1, 2, 2, 'left', '2026-02-12 23:10:59', '2026-02-12 23:10:59'),
(22, 1, 6, 1, 3, 3, 'left', '2026-02-12 23:10:59', '2026-02-12 23:10:59'),
(23, 1, 6, 1, 4, 1, 'left', '2026-02-12 23:10:59', '2026-02-12 23:10:59'),
(24, 1, 6, 1, 5, 2, 'left', '2026-02-12 23:10:59', '2026-02-12 23:10:59'),
(25, 1, 6, 2, 3, 2, 'left', '2026-02-12 23:10:59', '2026-02-12 23:10:59'),
(26, 1, 6, 2, 4, 2, 'left', '2026-02-12 23:10:59', '2026-02-12 23:10:59'),
(27, 1, 6, 2, 5, 1, 'right', '2026-02-12 23:10:59', '2026-02-12 23:10:59'),
(28, 1, 6, 3, 4, 1, 'right', '2026-02-12 23:10:59', '2026-02-12 23:10:59'),
(29, 1, 6, 3, 5, 1, 'right', '2026-02-12 23:10:59', '2026-02-12 23:10:59'),
(30, 1, 6, 4, 5, 1, 'right', '2026-02-12 23:10:59', '2026-02-12 23:10:59'),
(71, 1, 4, 1, 2, 1, 'left', '2026-02-12 23:41:50', '2026-02-12 23:41:50'),
(72, 1, 4, 1, 3, 1, 'left', '2026-02-12 23:41:50', '2026-02-12 23:41:50'),
(73, 1, 4, 1, 4, 4, 'left', '2026-02-12 23:41:50', '2026-02-12 23:41:50'),
(74, 1, 4, 1, 5, 3, 'left', '2026-02-12 23:41:50', '2026-02-12 23:41:50'),
(75, 1, 4, 2, 3, 4, 'left', '2026-02-12 23:41:50', '2026-02-12 23:41:50'),
(76, 1, 4, 2, 4, 4, 'left', '2026-02-12 23:41:50', '2026-02-12 23:41:50'),
(77, 1, 4, 2, 5, 3, 'left', '2026-02-12 23:41:50', '2026-02-12 23:41:50'),
(78, 1, 4, 3, 4, 2, 'left', '2026-02-12 23:41:50', '2026-02-12 23:41:50'),
(79, 1, 4, 3, 5, 4, 'left', '2026-02-12 23:41:50', '2026-02-12 23:41:50'),
(80, 1, 4, 4, 5, 3, 'left', '2026-02-12 23:41:50', '2026-02-12 23:41:50'),
(81, 1, 5, 1, 2, 3, 'left', '2026-02-12 23:45:05', '2026-02-12 23:45:05'),
(82, 1, 5, 1, 3, 2, 'left', '2026-02-12 23:45:05', '2026-02-12 23:45:05'),
(83, 1, 5, 1, 4, 4, 'left', '2026-02-12 23:45:05', '2026-02-12 23:45:05'),
(84, 1, 5, 1, 5, 4, 'left', '2026-02-12 23:45:05', '2026-02-12 23:45:05'),
(85, 1, 5, 2, 3, 0, 'right', '2026-02-12 23:45:05', '2026-02-12 23:45:05'),
(86, 1, 5, 2, 4, 1, 'left', '2026-02-12 23:45:05', '2026-02-12 23:45:05'),
(87, 1, 5, 2, 5, 1, 'left', '2026-02-12 23:45:05', '2026-02-12 23:45:05'),
(88, 1, 5, 3, 4, 3, 'left', '2026-02-12 23:45:05', '2026-02-12 23:45:05'),
(89, 1, 5, 3, 5, 3, 'left', '2026-02-12 23:45:05', '2026-02-12 23:45:05'),
(90, 1, 5, 4, 5, 1, 'left', '2026-02-12 23:45:05', '2026-02-12 23:45:05'),
(91, 1, 7, 1, 2, 0, 'right', '2026-02-13 00:03:35', '2026-02-13 00:03:35'),
(92, 1, 7, 1, 3, 3, 'left', '2026-02-13 00:03:35', '2026-02-13 00:03:35'),
(93, 1, 7, 1, 4, 3, 'left', '2026-02-13 00:03:35', '2026-02-13 00:03:35'),
(94, 1, 7, 1, 5, 1, 'right', '2026-02-13 00:03:35', '2026-02-13 00:03:35'),
(95, 1, 7, 2, 3, 2, 'left', '2026-02-13 00:03:35', '2026-02-13 00:03:35'),
(96, 1, 7, 2, 4, 3, 'left', '2026-02-13 00:03:35', '2026-02-13 00:03:35'),
(97, 1, 7, 2, 5, 3, 'left', '2026-02-13 00:03:35', '2026-02-13 00:03:35'),
(98, 1, 7, 3, 4, 2, 'left', '2026-02-13 00:03:35', '2026-02-13 00:03:35'),
(99, 1, 7, 3, 5, 1, 'right', '2026-02-13 00:03:35', '2026-02-13 00:03:35'),
(100, 1, 7, 4, 5, 0, 'right', '2026-02-13 00:03:35', '2026-02-13 00:03:35'),
(101, 1, 8, 1, 2, 3, 'left', '2026-02-13 00:06:17', '2026-02-13 00:06:17'),
(102, 1, 8, 1, 3, 3, 'left', '2026-02-13 00:06:17', '2026-02-13 00:06:17'),
(103, 1, 8, 1, 4, 1, 'left', '2026-02-13 00:06:17', '2026-02-13 00:06:17'),
(104, 1, 8, 1, 5, 1, 'right', '2026-02-13 00:06:17', '2026-02-13 00:06:17'),
(105, 1, 8, 2, 3, 1, 'left', '2026-02-13 00:06:17', '2026-02-13 00:06:17'),
(106, 1, 8, 2, 4, 1, 'left', '2026-02-13 00:06:17', '2026-02-13 00:06:17'),
(107, 1, 8, 2, 5, 1, 'right', '2026-02-13 00:06:17', '2026-02-13 00:06:17'),
(108, 1, 8, 3, 4, 1, 'left', '2026-02-13 00:06:17', '2026-02-13 00:06:17'),
(109, 1, 8, 3, 5, 1, 'right', '2026-02-13 00:06:17', '2026-02-13 00:06:17'),
(110, 1, 8, 4, 5, 1, 'left', '2026-02-13 00:06:17', '2026-02-13 00:06:17'),
(114, 2, 11, 6, 7, 3, 'left', '2026-02-15 19:14:32', '2026-02-15 19:14:32'),
(115, 2, 11, 6, 8, 5, 'left', '2026-02-15 19:14:32', '2026-02-15 19:14:32'),
(116, 2, 11, 7, 8, 3, 'left', '2026-02-15 19:14:32', '2026-02-15 19:14:32'),
(129, 2, 9, 6, 7, 8, 'left', '2026-02-15 19:59:16', '2026-02-15 19:59:16'),
(130, 2, 9, 6, 8, 4, 'left', '2026-02-15 19:59:16', '2026-02-15 19:59:16'),
(131, 2, 9, 7, 8, 5, 'right', '2026-02-15 19:59:16', '2026-02-15 19:59:16'),
(135, 2, 14, 6, 7, 9, 'left', '2026-02-15 20:01:07', '2026-02-15 20:01:07'),
(136, 2, 14, 6, 8, 5, 'left', '2026-02-15 20:01:07', '2026-02-15 20:01:07'),
(137, 2, 14, 7, 8, 4, 'right', '2026-02-15 20:01:07', '2026-02-15 20:01:07'),
(148, 3, 9, 9, 10, 2, 'left', '2026-02-16 03:25:14', '2026-02-16 03:25:14'),
(149, 3, 9, 9, 11, 2, 'right', '2026-02-16 03:25:14', '2026-02-16 03:25:14'),
(150, 3, 9, 9, 12, 5, 'left', '2026-02-16 03:25:14', '2026-02-16 03:25:14'),
(151, 3, 9, 9, 13, 5, 'left', '2026-02-16 03:25:14', '2026-02-16 03:25:14'),
(152, 3, 9, 10, 11, 5, 'right', '2026-02-16 03:25:14', '2026-02-16 03:25:14'),
(153, 3, 9, 10, 12, 3, 'left', '2026-02-16 03:25:14', '2026-02-16 03:25:14'),
(154, 3, 9, 10, 13, 3, 'left', '2026-02-16 03:25:14', '2026-02-16 03:25:14'),
(155, 3, 9, 11, 12, 5, 'left', '2026-02-16 03:25:14', '2026-02-16 03:25:14'),
(156, 3, 9, 11, 13, 3, 'left', '2026-02-16 03:25:14', '2026-02-16 03:25:14'),
(157, 3, 9, 12, 13, 3, 'right', '2026-02-16 03:25:14', '2026-02-16 03:25:14'),
(158, 3, 4, 9, 10, 1, 'left', '2026-02-16 03:28:07', '2026-02-16 03:28:07'),
(159, 3, 4, 9, 11, 1, 'left', '2026-02-16 03:28:07', '2026-02-16 03:28:07'),
(160, 3, 4, 9, 12, 4, 'left', '2026-02-16 03:28:07', '2026-02-16 03:28:07'),
(161, 3, 4, 9, 13, 3, 'right', '2026-02-16 03:28:07', '2026-02-16 03:28:07'),
(162, 3, 4, 10, 11, 4, 'left', '2026-02-16 03:28:07', '2026-02-16 03:28:07'),
(163, 3, 4, 10, 12, 4, 'left', '2026-02-16 03:28:07', '2026-02-16 03:28:07'),
(164, 3, 4, 10, 13, 3, 'right', '2026-02-16 03:28:07', '2026-02-16 03:28:07'),
(165, 3, 4, 11, 12, 2, 'left', '2026-02-16 03:28:07', '2026-02-16 03:28:07'),
(166, 3, 4, 11, 13, 3, 'right', '2026-02-16 03:28:07', '2026-02-16 03:28:07'),
(167, 3, 4, 12, 13, 3, 'right', '2026-02-16 03:28:07', '2026-02-16 03:28:07'),
(168, 3, 5, 9, 10, 3, 'left', '2026-02-16 04:31:03', '2026-02-16 04:31:03'),
(169, 3, 5, 9, 11, 2, 'left', '2026-02-16 04:31:03', '2026-02-16 04:31:03'),
(170, 3, 5, 9, 12, 4, 'left', '2026-02-16 04:31:03', '2026-02-16 04:31:03'),
(171, 3, 5, 9, 13, 4, 'left', '2026-02-16 04:31:03', '2026-02-16 04:31:03'),
(172, 3, 5, 10, 11, 4, 'right', '2026-02-16 04:31:03', '2026-02-16 04:31:03'),
(173, 3, 5, 10, 12, 1, 'left', '2026-02-16 04:31:03', '2026-02-16 04:31:03'),
(174, 3, 5, 10, 13, 1, 'left', '2026-02-16 04:31:03', '2026-02-16 04:31:03'),
(175, 3, 5, 11, 12, 3, 'left', '2026-02-16 04:31:03', '2026-02-16 04:31:03'),
(176, 3, 5, 11, 13, 3, 'left', '2026-02-16 04:31:03', '2026-02-16 04:31:03'),
(177, 3, 5, 12, 13, 1, 'left', '2026-02-16 04:31:03', '2026-02-16 04:31:03'),
(178, 3, 6, 9, 10, 2, 'left', '2026-02-16 04:32:02', '2026-02-16 04:32:02'),
(179, 3, 6, 9, 11, 3, 'left', '2026-02-16 04:32:02', '2026-02-16 04:32:02'),
(180, 3, 6, 9, 12, 1, 'left', '2026-02-16 04:32:02', '2026-02-16 04:32:02'),
(181, 3, 6, 9, 13, 2, 'left', '2026-02-16 04:32:02', '2026-02-16 04:32:02'),
(182, 3, 6, 10, 11, 2, 'left', '2026-02-16 04:32:02', '2026-02-16 04:32:02'),
(183, 3, 6, 10, 12, 2, 'left', '2026-02-16 04:32:02', '2026-02-16 04:32:02'),
(184, 3, 6, 10, 13, 2, 'right', '2026-02-16 04:32:02', '2026-02-16 04:32:02'),
(185, 3, 6, 11, 12, 2, 'right', '2026-02-16 04:32:02', '2026-02-16 04:32:02'),
(186, 3, 6, 11, 13, 2, 'right', '2026-02-16 04:32:02', '2026-02-16 04:32:02'),
(187, 3, 6, 12, 13, 2, 'right', '2026-02-16 04:32:02', '2026-02-16 04:32:02'),
(188, 3, 7, 9, 10, 3, 'right', '2026-02-16 04:34:27', '2026-02-16 04:34:27'),
(189, 3, 7, 9, 11, 3, 'left', '2026-02-16 04:34:27', '2026-02-16 04:34:27'),
(190, 3, 7, 9, 12, 3, 'left', '2026-02-16 04:34:27', '2026-02-16 04:34:27'),
(191, 3, 7, 9, 13, 2, 'right', '2026-02-16 04:34:27', '2026-02-16 04:34:27'),
(192, 3, 7, 10, 11, 2, 'left', '2026-02-16 04:34:27', '2026-02-16 04:34:27'),
(193, 3, 7, 10, 12, 3, 'left', '2026-02-16 04:34:27', '2026-02-16 04:34:27'),
(194, 3, 7, 10, 13, 2, 'right', '2026-02-16 04:34:27', '2026-02-16 04:34:27'),
(195, 3, 7, 11, 12, 2, 'left', '2026-02-16 04:34:27', '2026-02-16 04:34:27'),
(196, 3, 7, 11, 13, 2, 'right', '2026-02-16 04:34:27', '2026-02-16 04:34:27'),
(197, 3, 7, 12, 13, 3, 'right', '2026-02-16 04:34:27', '2026-02-16 04:34:27'),
(198, 3, 8, 9, 10, 3, 'left', '2026-02-16 04:35:39', '2026-02-16 04:35:39'),
(199, 3, 8, 9, 11, 3, 'left', '2026-02-16 04:35:39', '2026-02-16 04:35:39'),
(200, 3, 8, 9, 12, 1, 'left', '2026-02-16 04:35:39', '2026-02-16 04:35:39'),
(201, 3, 8, 9, 13, 2, 'right', '2026-02-16 04:35:39', '2026-02-16 04:35:39'),
(202, 3, 8, 10, 11, 1, 'left', '2026-02-16 04:35:39', '2026-02-16 04:35:39'),
(203, 3, 8, 10, 12, 2, 'left', '2026-02-16 04:35:39', '2026-02-16 04:35:39'),
(204, 3, 8, 10, 13, 2, 'right', '2026-02-16 04:35:39', '2026-02-16 04:35:39'),
(205, 3, 8, 11, 12, 1, 'left', '2026-02-16 04:35:39', '2026-02-16 04:35:39'),
(206, 3, 8, 11, 13, 2, 'right', '2026-02-16 04:35:39', '2026-02-16 04:35:39'),
(207, 3, 8, 12, 13, 1, 'left', '2026-02-16 04:35:39', '2026-02-16 04:35:39'),
(208, 3, 10, 9, 10, 4, 'right', '2026-02-16 04:43:03', '2026-02-16 04:43:03'),
(209, 3, 10, 9, 11, 3, 'right', '2026-02-16 04:43:03', '2026-02-16 04:43:03'),
(210, 3, 10, 9, 12, 2, 'left', '2026-02-16 04:43:03', '2026-02-16 04:43:03'),
(211, 3, 10, 9, 13, 2, 'left', '2026-02-16 04:43:03', '2026-02-16 04:43:03'),
(212, 3, 10, 10, 11, 4, 'left', '2026-02-16 04:43:03', '2026-02-16 04:43:03'),
(213, 3, 10, 10, 12, 4, 'left', '2026-02-16 04:43:03', '2026-02-16 04:43:03'),
(214, 3, 10, 10, 13, 4, 'left', '2026-02-16 04:43:03', '2026-02-16 04:43:03'),
(215, 3, 10, 11, 12, 3, 'left', '2026-02-16 04:43:03', '2026-02-16 04:43:03'),
(216, 3, 10, 11, 13, 3, 'left', '2026-02-16 04:43:03', '2026-02-16 04:43:03'),
(217, 3, 10, 12, 13, 3, 'left', '2026-02-16 04:43:03', '2026-02-16 04:43:03'),
(218, 3, 11, 9, 10, 1, 'left', '2026-02-16 04:44:31', '2026-02-16 04:44:31'),
(219, 3, 11, 9, 11, 1, 'left', '2026-02-16 04:44:31', '2026-02-16 04:44:31'),
(220, 3, 11, 9, 12, 3, 'left', '2026-02-16 04:44:31', '2026-02-16 04:44:31'),
(221, 3, 11, 9, 13, 2, 'left', '2026-02-16 04:44:31', '2026-02-16 04:44:31'),
(222, 3, 11, 10, 11, 1, 'left', '2026-02-16 04:44:31', '2026-02-16 04:44:31'),
(223, 3, 11, 10, 12, 2, 'left', '2026-02-16 04:44:31', '2026-02-16 04:44:31'),
(224, 3, 11, 10, 13, 1, 'left', '2026-02-16 04:44:31', '2026-02-16 04:44:31'),
(225, 3, 11, 11, 12, 4, 'left', '2026-02-16 04:44:31', '2026-02-16 04:44:31'),
(226, 3, 11, 11, 13, 3, 'left', '2026-02-16 04:44:31', '2026-02-16 04:44:31'),
(227, 3, 11, 12, 13, 1, 'left', '2026-02-16 04:44:31', '2026-02-16 04:44:31'),
(228, 3, 12, 9, 10, 3, 'left', '2026-02-16 04:46:29', '2026-02-16 04:46:29'),
(229, 3, 12, 9, 11, 2, 'right', '2026-02-16 04:46:29', '2026-02-16 04:46:29'),
(230, 3, 12, 9, 12, 4, 'left', '2026-02-16 04:46:29', '2026-02-16 04:46:29'),
(231, 3, 12, 9, 13, 2, 'left', '2026-02-16 04:46:29', '2026-02-16 04:46:29'),
(232, 3, 12, 10, 11, 3, 'right', '2026-02-16 04:46:29', '2026-02-16 04:46:29'),
(233, 3, 12, 10, 12, 4, 'left', '2026-02-16 04:46:29', '2026-02-16 04:46:29'),
(234, 3, 12, 10, 13, 2, 'right', '2026-02-16 04:46:29', '2026-02-16 04:46:29'),
(235, 3, 12, 11, 12, 4, 'left', '2026-02-16 04:46:29', '2026-02-16 04:46:29'),
(236, 3, 12, 11, 13, 2, 'left', '2026-02-16 04:46:29', '2026-02-16 04:46:29'),
(237, 3, 12, 12, 13, 3, 'right', '2026-02-16 04:46:29', '2026-02-16 04:46:29'),
(238, 3, 13, 9, 10, 2, 'right', '2026-02-16 04:47:27', '2026-02-16 04:47:27'),
(239, 3, 13, 9, 11, 1, 'left', '2026-02-16 04:47:27', '2026-02-16 04:47:27'),
(240, 3, 13, 9, 12, 3, 'left', '2026-02-16 04:47:27', '2026-02-16 04:47:27'),
(241, 3, 13, 9, 13, 1, 'left', '2026-02-16 04:47:27', '2026-02-16 04:47:27'),
(242, 3, 13, 10, 11, 2, 'left', '2026-02-16 04:47:27', '2026-02-16 04:47:27'),
(243, 3, 13, 10, 12, 3, 'left', '2026-02-16 04:47:27', '2026-02-16 04:47:27'),
(244, 3, 13, 10, 13, 2, 'left', '2026-02-16 04:47:27', '2026-02-16 04:47:27'),
(245, 3, 13, 11, 12, 3, 'left', '2026-02-16 04:47:27', '2026-02-16 04:47:27'),
(246, 3, 13, 11, 13, 2, 'left', '2026-02-16 04:47:27', '2026-02-16 04:47:27'),
(247, 3, 13, 12, 13, 2, 'right', '2026-02-16 04:47:27', '2026-02-16 04:47:27'),
(248, 3, 14, 9, 10, 3, 'right', '2026-02-16 04:48:45', '2026-02-16 04:48:45'),
(249, 3, 14, 9, 11, 3, 'left', '2026-02-16 04:48:45', '2026-02-16 04:48:45'),
(250, 3, 14, 9, 12, 2, 'left', '2026-02-16 04:48:45', '2026-02-16 04:48:45'),
(251, 3, 14, 9, 13, 2, 'left', '2026-02-16 04:48:45', '2026-02-16 04:48:45'),
(252, 3, 14, 10, 11, 3, 'left', '2026-02-16 04:48:45', '2026-02-16 04:48:45'),
(253, 3, 14, 10, 12, 3, 'left', '2026-02-16 04:48:45', '2026-02-16 04:48:45'),
(254, 3, 14, 10, 13, 3, 'left', '2026-02-16 04:48:45', '2026-02-16 04:48:45'),
(255, 3, 14, 11, 12, 2, 'left', '2026-02-16 04:48:45', '2026-02-16 04:48:45'),
(256, 3, 14, 11, 13, 2, 'left', '2026-02-16 04:48:45', '2026-02-16 04:48:45'),
(257, 3, 14, 12, 13, 2, 'left', '2026-02-16 04:48:45', '2026-02-16 04:48:45');

-- --------------------------------------------------------

--
-- Table structure for table `criteria_scoring_parameters`
--

CREATE TABLE `criteria_scoring_parameters` (
  `id` bigint UNSIGNED NOT NULL,
  `scoring_rule_id` bigint UNSIGNED NOT NULL,
  `param_key` varchar(50) CHARACTER SET utf8mb4 COLLATE utf8mb4_unicode_ci NOT NULL,
  `param_value` json NOT NULL,
  `created_at` timestamp NULL DEFAULT NULL,
  `updated_at` timestamp NULL DEFAULT NULL
) ENGINE=InnoDB DEFAULT CHARSET=utf8mb4 COLLATE=utf8mb4_unicode_ci;

--
-- Dumping data for table `criteria_scoring_parameters`
--

INSERT INTO `criteria_scoring_parameters` (`id`, `scoring_rule_id`, `param_key`, `param_value`, `created_at`, `updated_at`) VALUES
(1, 1, 'scale_range', '{\"max\": 5, \"min\": 1}', '2026-02-12 15:16:14', '2026-02-12 15:16:14'),
(2, 1, 'scale_semantics', '{\"1\": \"Sangat Rendah\", \"2\": \"Rendah\", \"3\": \"Sedang\", \"4\": \"Tinggi\", \"5\": \"Sangat Tinggi\"}', '2026-02-12 15:16:14', '2026-02-12 15:16:14'),
(3, 1, 'scale_utilities', '{\"1\": \"0.00\", \"2\": \"0.4\", \"3\": \"0.7\", \"4\": \"0.9\", \"5\": \"1.00\"}', '2026-02-12 15:16:14', '2026-02-12 15:16:14'),
(4, 2, 'scale_range', '{\"max\": 5, \"min\": 1}', '2026-02-12 15:16:36', '2026-02-12 15:16:36'),
(5, 2, 'scale_semantics', '{\"1\": \"Sangat Rendah\", \"2\": \"Rendah\", \"3\": \"Sedang\", \"4\": \"Tinggi\", \"5\": \"Sangat Tinggi\"}', '2026-02-12 15:16:36', '2026-02-12 15:16:36'),
(6, 2, 'scale_utilities', '{\"1\": \"0.00\", \"2\": \"0.25\", \"3\": \"0.50\", \"4\": \"0.75\", \"5\": \"1.00\"}', '2026-02-12 15:16:36', '2026-02-12 15:16:36'),
(7, 3, 'scale_range', '{\"max\": 5, \"min\": 1}', '2026-02-12 15:17:14', '2026-02-12 15:17:14'),
(8, 3, 'scale_semantics', '{\"1\": \"Sangat Rendah\", \"2\": \"Rendah\", \"3\": \"Sedang\", \"4\": \"Tinggi\", \"5\": \"Sangat Tinggi\"}', '2026-02-12 15:17:14', '2026-02-12 15:17:14'),
(9, 3, 'scale_utilities', '{\"1\": \"0.00\", \"2\": \"0.1\", \"3\": \"0.25\", \"4\": \"0.55\", \"5\": \"1.00\"}', '2026-02-12 15:17:14', '2026-02-12 15:17:14'),
(10, 4, 'scale_range', '{\"max\": 5, \"min\": 1}', '2026-02-12 15:29:02', '2026-02-12 15:29:02'),
(11, 4, 'scale_semantics', '{\"1\": \"Sangat Rendah\", \"2\": \"Rendah\", \"3\": \"Sedang\", \"4\": \"Tinggi\", \"5\": \"Sangat Tinggi\"}', '2026-02-12 15:29:02', '2026-02-12 15:29:02'),
(12, 4, 'scale_utilities', '{\"1\": \"0.00\", \"2\": \"0.1\", \"3\": \"0.25\", \"4\": \"0.55\", \"5\": \"1.00\"}', '2026-02-12 15:29:02', '2026-02-12 15:29:02'),
(13, 5, 'scale_range', '{\"max\": 5, \"min\": 1}', '2026-02-12 15:29:39', '2026-02-12 15:29:39'),
(14, 5, 'scale_semantics', '{\"1\": \"Sangat Rendah\", \"2\": \"Rendah\", \"3\": \"Sedang\", \"4\": \"Tinggi\", \"5\": \"Sangat Tinggi\"}', '2026-02-12 15:29:39', '2026-02-12 15:29:39'),
(15, 5, 'scale_utilities', '{\"1\": \"0.00\", \"2\": \"0.4\", \"3\": \"0.7\", \"4\": \"0.9\", \"5\": \"1.00\"}', '2026-02-12 15:29:39', '2026-02-12 15:29:39'),
(55, 6, 'scale_range', '{\"max\": 5, \"min\": 1}', '2026-02-15 18:51:32', '2026-02-15 18:51:32'),
(56, 6, 'scale_semantics', '{\"1\": \"Desil 1\", \"2\": \"Desil 2\", \"3\": \"Desil 3\", \"4\": \"Desil 4\", \"5\": \"Desil 5\"}', '2026-02-15 18:51:32', '2026-02-15 18:51:32'),
(57, 6, 'scale_utilities', '{\"1\": \"0.00\", \"2\": \"0.25\", \"3\": \"0.50\", \"4\": \"0.75\", \"5\": \"1.00\"}', '2026-02-15 18:51:32', '2026-02-15 18:51:32'),
(58, 7, 'scale_range', '{\"max\": 3, \"min\": 1}', '2026-02-15 18:52:06', '2026-02-15 18:52:06'),
(59, 7, 'scale_semantics', '{\"1\": \"Tunggal\", \"2\": \"Dua - Tiga\", \"3\": \"Lebih dari 3\"}', '2026-02-15 18:52:06', '2026-02-15 18:52:06'),
(60, 7, 'scale_utilities', '{\"1\": \"0.00\", \"2\": \"0.50\", \"3\": \"1.00\"}', '2026-02-15 18:52:06', '2026-02-15 18:52:06'),
(61, 8, 'scale_range', '{\"max\": 3, \"min\": 1}', '2026-02-15 18:52:22', '2026-02-15 18:52:22'),
(62, 8, 'scale_semantics', '{\"1\": \"Rusak Berat\", \"2\": \"Rusak Sedang\", \"3\": \"Rusak Ringan\"}', '2026-02-15 18:52:22', '2026-02-15 18:52:22'),
(63, 8, 'scale_utilities', '{\"1\": \"0.00\", \"2\": \"0.50\", \"3\": \"1.00\"}', '2026-02-15 18:52:22', '2026-02-15 18:52:22'),
(67, 9, 'scale_range', '{\"max\": 5, \"min\": 1}', '2026-02-16 00:57:53', '2026-02-16 00:57:53'),
(68, 9, 'scale_semantics', '{\"1\": \"Sangat Rendah\", \"2\": \"Rendah\", \"3\": \"Sedang\", \"4\": \"Tinggi\", \"5\": \"Sangat Tinggi\"}', '2026-02-16 00:57:53', '2026-02-16 00:57:53'),
(69, 9, 'scale_utilities', '{\"1\": \"0.00\", \"2\": \"0.4\", \"3\": \"0.7\", \"4\": \"0.9\", \"5\": \"1.00\"}', '2026-02-16 00:57:53', '2026-02-16 00:57:53'),
(70, 10, 'scale_range', '{\"max\": 5, \"min\": 1}', '2026-02-16 00:58:18', '2026-02-16 00:58:18'),
(71, 10, 'scale_semantics', '{\"1\": \"Sangat Rendah\", \"2\": \"Rendah\", \"3\": \"Sedang\", \"4\": \"Tinggi\", \"5\": \"Sangat Tinggi\"}', '2026-02-16 00:58:18', '2026-02-16 00:58:18'),
(72, 10, 'scale_utilities', '{\"1\": \"0.00\", \"2\": \"0.25\", \"3\": \"0.5\", \"4\": \"0.75\", \"5\": \"1.00\"}', '2026-02-16 00:58:18', '2026-02-16 00:58:18'),
(73, 11, 'scale_range', '{\"max\": 5, \"min\": 1}', '2026-02-16 00:59:18', '2026-02-16 00:59:18'),
(74, 11, 'scale_semantics', '{\"1\": \"Sangat Rendah\", \"2\": \"Rendah\", \"3\": \"Sedang\", \"4\": \"Tinggi\", \"5\": \"Sangat Tinggi\"}', '2026-02-16 00:59:18', '2026-02-16 00:59:18'),
(75, 11, 'scale_utilities', '{\"1\": \"0.00\", \"2\": \"0.1\", \"3\": \"0.25\", \"4\": \"0.55\", \"5\": \"1.00\"}', '2026-02-16 00:59:18', '2026-02-16 00:59:18'),
(76, 12, 'scale_range', '{\"max\": 5, \"min\": 1}', '2026-02-16 00:59:58', '2026-02-16 00:59:58'),
(77, 12, 'scale_semantics', '{\"1\": \"Sangat Rendah\", \"2\": \"Rendah\", \"3\": \"Sedang\", \"4\": \"Tinggi\", \"5\": \"Sangat Tinggi\"}', '2026-02-16 00:59:58', '2026-02-16 00:59:58'),
(78, 12, 'scale_utilities', '{\"1\": \"0.00\", \"2\": \"0.11\", \"3\": \"0.25\", \"4\": \"0.55\", \"5\": \"1.00\"}', '2026-02-16 00:59:58', '2026-02-16 00:59:58'),
(79, 13, 'scale_range', '{\"max\": 5, \"min\": 1}', '2026-02-16 01:10:02', '2026-02-16 01:10:02'),
(80, 13, 'scale_semantics', '{\"1\": \"Sangat Rendah\", \"2\": \"Rendah\", \"3\": \"Sedang\", \"4\": \"Tinggi\", \"5\": \"Sangat Tinggi\"}', '2026-02-16 01:10:02', '2026-02-16 01:10:02'),
(81, 13, 'scale_utilities', '{\"1\": \"0.00\", \"2\": \"0.4\", \"3\": \"0.7\", \"4\": \"0.9\", \"5\": \"1.00\"}', '2026-02-16 01:10:02', '2026-02-16 01:10:02');

-- --------------------------------------------------------

--
-- Table structure for table `criteria_scoring_rules`
--

CREATE TABLE `criteria_scoring_rules` (
  `id` bigint UNSIGNED NOT NULL,
  `decision_session_id` bigint UNSIGNED DEFAULT NULL,
  `criteria_id` bigint UNSIGNED NOT NULL,
  `input_type` enum('scale','numeric') CHARACTER SET utf8mb4 COLLATE utf8mb4_unicode_ci NOT NULL,
  `preference_type` enum('linear','concave','convex') CHARACTER SET utf8mb4 COLLATE utf8mb4_unicode_ci NOT NULL,
  `utility_mode` enum('system','custom') CHARACTER SET utf8mb4 COLLATE utf8mb4_unicode_ci NOT NULL DEFAULT 'system',
  `curve_param` decimal(5,3) DEFAULT NULL,
  `created_at` timestamp NULL DEFAULT NULL,
  `updated_at` timestamp NULL DEFAULT NULL
) ENGINE=InnoDB DEFAULT CHARSET=utf8mb4 COLLATE=utf8mb4_unicode_ci;

--
-- Dumping data for table `criteria_scoring_rules`
--

INSERT INTO `criteria_scoring_rules` (`id`, `decision_session_id`, `criteria_id`, `input_type`, `preference_type`, `utility_mode`, `curve_param`, `created_at`, `updated_at`) VALUES
(1, 1, 1, 'scale', 'concave', 'system', NULL, '2026-02-12 15:16:14', '2026-02-12 15:16:14'),
(2, 1, 2, 'scale', 'linear', 'system', NULL, '2026-02-12 15:16:36', '2026-02-12 15:16:36'),
(3, 1, 3, 'scale', 'convex', 'system', NULL, '2026-02-12 15:17:14', '2026-02-12 15:17:14'),
(4, 1, 4, 'scale', 'convex', 'system', NULL, '2026-02-12 15:29:02', '2026-02-12 15:29:02'),
(5, 1, 5, 'scale', 'concave', 'system', NULL, '2026-02-12 15:29:39', '2026-02-12 15:29:39'),
(6, 2, 6, 'scale', 'linear', 'system', NULL, '2026-02-15 13:19:08', '2026-02-15 13:19:08'),
(7, 2, 7, 'scale', 'linear', 'system', NULL, '2026-02-15 18:06:21', '2026-02-15 18:06:21'),
(8, 2, 8, 'scale', 'linear', 'system', NULL, '2026-02-15 18:33:23', '2026-02-15 18:33:23'),
(9, 3, 9, 'scale', 'concave', 'system', NULL, '2026-02-16 00:47:29', '2026-02-16 00:47:29'),
(10, 3, 10, 'scale', 'linear', 'system', NULL, '2026-02-16 00:58:18', '2026-02-16 00:58:18'),
(11, 3, 11, 'scale', 'convex', 'system', NULL, '2026-02-16 00:59:18', '2026-02-16 00:59:18'),
(12, 3, 12, 'scale', 'convex', 'system', NULL, '2026-02-16 00:59:58', '2026-02-16 00:59:58'),
(13, 3, 13, 'scale', 'concave', 'system', NULL, '2026-02-16 01:10:02', '2026-02-16 01:10:02');

-- --------------------------------------------------------

--
-- Table structure for table `criteria_weights`
--

CREATE TABLE `criteria_weights` (
  `id` bigint UNSIGNED NOT NULL,
  `decision_session_id` bigint UNSIGNED NOT NULL,
  `dm_id` bigint UNSIGNED DEFAULT NULL,
  `weights` json NOT NULL,
  `cr` decimal(6,4) DEFAULT NULL,
  `created_at` timestamp NULL DEFAULT NULL,
  `updated_at` timestamp NULL DEFAULT NULL
) ENGINE=InnoDB DEFAULT CHARSET=utf8mb4 COLLATE=utf8mb4_unicode_ci;

--
-- Dumping data for table `criteria_weights`
--

INSERT INTO `criteria_weights` (`id`, `decision_session_id`, `dm_id`, `weights`, `cr`, `created_at`, `updated_at`) VALUES
(1, 1, 4, '{\"1\": 0.26726846037157226, \"2\": 0.3725511540193566, \"3\": 0.18967352382148295, \"4\": 0.10349008603565124, \"5\": 0.06701677575193703}', 0.0903, '2026-02-12 22:45:27', '2026-02-12 23:41:50'),
(2, 1, 5, '{\"1\": 0.410779114284864, \"2\": 0.09990470741355036, \"3\": 0.29336941050369536, \"4\": 0.09797338389894512, \"5\": 0.09797338389894512}', 0.0147, '2026-02-12 22:55:34', '2026-02-12 23:45:06'),
(3, 1, 6, '{\"1\": 0.3063247863247863, \"2\": 0.1870940170940171, \"3\": 0.09427350427350428, \"4\": 0.1696581196581197, \"5\": 0.24264957264957268}', 0.0627, '2026-02-12 23:10:59', '2026-02-12 23:10:59'),
(4, 1, 7, '{\"1\": 0.18981162377316496, \"2\": 0.3914451585102237, \"3\": 0.11965568220188076, \"4\": 0.07530022858067764, \"5\": 0.22378730693405288}', 0.0800, '2026-02-13 00:03:35', '2026-02-13 00:03:35'),
(5, 1, 8, '{\"1\": 0.2613336910256736, \"2\": 0.12958210324478775, \"3\": 0.12958210324478775, \"4\": 0.19024102458526623, \"5\": 0.28926107789948463}', 0.0573, '2026-02-13 00:06:17', '2026-02-13 00:06:17'),
(6, 1, NULL, '{\"1\": 0.30458813713565314, \"2\": 0.223291013782869, \"3\": 0.166463725891214, \"4\": 0.1310986132108779, \"5\": 0.17455850997938602}', NULL, '2026-02-13 23:34:24', '2026-02-14 12:38:12'),
(7, 2, 9, '{\"6\": 0.6986152797690482, \"7\": 0.06434301740251601, \"8\": 0.2370417028284358}', 0.0810, '2026-02-15 18:53:37', '2026-02-15 19:59:16'),
(8, 2, 11, '{\"6\": 0.636985571743427, \"7\": 0.25828499437539715, \"8\": 0.10472943388117588}', 0.0332, '2026-02-15 19:14:32', '2026-02-15 19:14:32'),
(9, 2, 14, '{\"6\": 0.7351896690879741, \"7\": 0.06539144471347862, \"8\": 0.1994188861985472}', 0.1084, '2026-02-15 19:18:36', '2026-02-15 20:01:07'),
(10, 2, NULL, '{\"6\": 0.7160516358686672, \"7\": 0.10683883936010732, \"8\": 0.1771095247712256}', NULL, '2026-02-15 20:03:48', '2026-02-15 20:03:48'),
(11, 3, 9, '{\"9\": 0.2821186368156322, \"10\": 0.15045911111603805, \"11\": 0.4243211870325768, \"12\": 0.051009394644424534, \"13\": 0.0920916703913284}', 0.0792, '2026-02-16 03:17:42', '2026-02-16 03:25:14'),
(12, 3, 4, '{\"9\": 0.17327141657252834, \"10\": 0.23744554119964015, \"11\": 0.11501136359206764, \"12\": 0.06757637633750534, \"13\": 0.4066953022982585}', 0.0840, '2026-02-16 03:28:07', '2026-02-16 03:28:07'),
(13, 3, 5, '{\"9\": 0.41077911428613995, \"10\": 0.09990470741333748, \"11\": 0.2933694105028155, \"12\": 0.09797338389885364, \"13\": 0.09797338389885364}', 0.0147, '2026-02-16 04:31:03', '2026-02-16 04:31:03'),
(14, 3, 6, '{\"9\": 0.30732571253107804, \"10\": 0.1866969713581731, \"11\": 0.09404716998463793, \"12\": 0.1665462043668574, \"13\": 0.2453839417592537}', 0.0607, '2026-02-16 04:32:02', '2026-02-16 04:32:02'),
(15, 3, 7, '{\"9\": 0.19519306671562128, \"10\": 0.280986831804757, \"11\": 0.1202574561474733, \"12\": 0.07574495619601394, \"13\": 0.3278176891361344}', 0.0741, '2026-02-16 04:34:27', '2026-02-16 04:34:27'),
(16, 3, 8, '{\"9\": 0.26237513941222224, \"10\": 0.1571308038944381, \"11\": 0.12582717855025247, \"12\": 0.16983593093441876, \"13\": 0.28483094720866853}', 0.0950, '2026-02-16 04:35:39', '2026-02-16 04:35:39'),
(17, 3, 10, '{\"9\": 0.12282611278725485, \"10\": 0.47746537948045487, \"11\": 0.22866201657525875, \"12\": 0.10438931355960764, \"13\": 0.06665717759742375}', 0.0843, '2026-02-16 04:43:03', '2026-02-16 04:43:03'),
(18, 3, 11, '{\"9\": 0.2577113227063201, \"10\": 0.21352840673956605, \"11\": 0.30189423867307413, \"12\": 0.09640437420058602, \"13\": 0.13046165768045365}', 0.0301, '2026-02-16 04:44:31', '2026-02-16 04:44:31'),
(19, 3, 12, '{\"9\": 0.2740797738370635, \"10\": 0.1275058050612663, \"11\": 0.36121871657433824, \"12\": 0.059272209189593285, \"13\": 0.17792349533773863}', 0.0487, '2026-02-16 04:46:29', '2026-02-16 04:46:29'),
(20, 3, 13, '{\"9\": 0.19479396314478287, \"10\": 0.3417078196315293, \"11\": 0.22557127321795148, \"12\": 0.08124814181085457, \"13\": 0.15667880219488195}', 0.0203, '2026-02-16 04:47:28', '2026-02-16 04:47:28'),
(21, 3, 14, '{\"9\": 0.23242779495721785, \"10\": 0.4117169494623705, \"11\": 0.14736605032606698, \"12\": 0.11836590912903013, \"13\": 0.09012329612531464}', 0.0640, '2026-02-16 04:48:45', '2026-02-16 04:48:45'),
(22, 3, NULL, '{\"9\": 0.26078407661422315, \"10\": 0.24169823146767008, \"11\": 0.21753209791111228, \"12\": 0.10218565319732482, \"13\": 0.1777999408096697}', NULL, '2026-02-16 04:49:06', '2026-02-16 04:49:06');

-- --------------------------------------------------------

--
-- Table structure for table `decision_sessions`
--

CREATE TABLE `decision_sessions` (
  `id` bigint UNSIGNED NOT NULL,
  `name` varchar(255) CHARACTER SET utf8mb4 COLLATE utf8mb4_unicode_ci NOT NULL,
  `year` year NOT NULL,
  `status` enum('draft','configured','scoring','agregated','closed') CHARACTER SET utf8mb4 COLLATE utf8mb4_unicode_ci NOT NULL DEFAULT 'draft',
  `created_by` bigint UNSIGNED NOT NULL,
  `created_at` timestamp NULL DEFAULT NULL,
  `updated_at` timestamp NULL DEFAULT NULL,
  `deleted_at` timestamp NULL DEFAULT NULL
) ENGINE=InnoDB DEFAULT CHARSET=utf8mb4 COLLATE=utf8mb4_unicode_ci;

--
-- Dumping data for table `decision_sessions`
--

INSERT INTO `decision_sessions` (`id`, `name`, `year`, `status`, `created_by`, `created_at`, `updated_at`, `deleted_at`) VALUES
(1, 'Musyawarah Coba-Coba', '2026', 'closed', 2, '2026-02-12 12:32:58', '2026-02-17 23:49:59', NULL),
(2, 'Muskalsus BLT-DD Kalurahan Wonosari', '2026', 'closed', 2, '2026-02-15 13:17:45', '2026-02-17 23:49:47', NULL),
(3, 'Musrenbang Kalurahan Wonosari', '2026', 'closed', 2, '2026-02-16 00:25:54', '2026-02-16 07:18:58', NULL),
(4, 'Muskal Penerima Bansos UPK', '2026', 'draft', 2, '2026-02-16 13:39:14', '2026-02-16 13:39:14', NULL);

-- --------------------------------------------------------

--
-- Table structure for table `decision_session_criteria`
--

CREATE TABLE `decision_session_criteria` (
  `id` bigint UNSIGNED NOT NULL,
  `decision_session_id` bigint UNSIGNED NOT NULL,
  `criteria_id` bigint UNSIGNED NOT NULL,
  `created_at` timestamp NULL DEFAULT NULL,
  `updated_at` timestamp NULL DEFAULT NULL
) ENGINE=InnoDB DEFAULT CHARSET=utf8mb4 COLLATE=utf8mb4_unicode_ci;

-- --------------------------------------------------------

--
-- Table structure for table `decision_session_dm`
--

CREATE TABLE `decision_session_dm` (
  `id` bigint UNSIGNED NOT NULL,
  `decision_session_id` bigint UNSIGNED NOT NULL,
  `user_id` bigint UNSIGNED NOT NULL,
  `created_at` timestamp NULL DEFAULT NULL,
  `updated_at` timestamp NULL DEFAULT NULL
) ENGINE=InnoDB DEFAULT CHARSET=utf8mb4 COLLATE=utf8mb4_unicode_ci;

--
-- Dumping data for table `decision_session_dm`
--

INSERT INTO `decision_session_dm` (`id`, `decision_session_id`, `user_id`, `created_at`, `updated_at`) VALUES
(1, 1, 4, NULL, NULL),
(2, 1, 5, NULL, NULL),
(3, 1, 6, NULL, NULL),
(4, 1, 7, NULL, NULL),
(5, 1, 8, NULL, NULL),
(6, 2, 9, NULL, NULL),
(7, 2, 11, NULL, NULL),
(8, 2, 14, NULL, NULL),
(9, 3, 10, NULL, NULL),
(10, 3, 4, NULL, NULL),
(11, 3, 12, NULL, NULL),
(12, 3, 7, NULL, NULL),
(13, 3, 11, NULL, NULL),
(14, 3, 8, NULL, NULL),
(15, 3, 6, NULL, NULL),
(16, 3, 9, NULL, NULL),
(17, 3, 13, NULL, NULL),
(18, 3, 14, NULL, NULL),
(19, 3, 5, NULL, NULL);

-- --------------------------------------------------------

--
-- Table structure for table `failed_jobs`
--

CREATE TABLE `failed_jobs` (
  `id` bigint UNSIGNED NOT NULL,
  `uuid` varchar(255) CHARACTER SET utf8mb4 COLLATE utf8mb4_unicode_ci NOT NULL,
  `connection` text CHARACTER SET utf8mb4 COLLATE utf8mb4_unicode_ci NOT NULL,
  `queue` text CHARACTER SET utf8mb4 COLLATE utf8mb4_unicode_ci NOT NULL,
  `payload` longtext CHARACTER SET utf8mb4 COLLATE utf8mb4_unicode_ci NOT NULL,
  `exception` longtext CHARACTER SET utf8mb4 COLLATE utf8mb4_unicode_ci NOT NULL,
  `failed_at` timestamp NOT NULL DEFAULT CURRENT_TIMESTAMP
) ENGINE=InnoDB DEFAULT CHARSET=utf8mb4 COLLATE=utf8mb4_unicode_ci;

-- --------------------------------------------------------

--
-- Table structure for table `jobs`
--

CREATE TABLE `jobs` (
  `id` bigint UNSIGNED NOT NULL,
  `queue` varchar(255) CHARACTER SET utf8mb4 COLLATE utf8mb4_unicode_ci NOT NULL,
  `payload` longtext CHARACTER SET utf8mb4 COLLATE utf8mb4_unicode_ci NOT NULL,
  `attempts` tinyint UNSIGNED NOT NULL,
  `reserved_at` int UNSIGNED DEFAULT NULL,
  `available_at` int UNSIGNED NOT NULL,
  `created_at` int UNSIGNED NOT NULL
) ENGINE=InnoDB DEFAULT CHARSET=utf8mb4 COLLATE=utf8mb4_unicode_ci;

-- --------------------------------------------------------

--
-- Table structure for table `job_batches`
--

CREATE TABLE `job_batches` (
  `id` varchar(255) CHARACTER SET utf8mb4 COLLATE utf8mb4_unicode_ci NOT NULL,
  `name` varchar(255) CHARACTER SET utf8mb4 COLLATE utf8mb4_unicode_ci NOT NULL,
  `total_jobs` int NOT NULL,
  `pending_jobs` int NOT NULL,
  `failed_jobs` int NOT NULL,
  `failed_job_ids` longtext CHARACTER SET utf8mb4 COLLATE utf8mb4_unicode_ci NOT NULL,
  `options` mediumtext CHARACTER SET utf8mb4 COLLATE utf8mb4_unicode_ci,
  `cancelled_at` int DEFAULT NULL,
  `created_at` int NOT NULL,
  `finished_at` int DEFAULT NULL
) ENGINE=InnoDB DEFAULT CHARSET=utf8mb4 COLLATE=utf8mb4_unicode_ci;

-- --------------------------------------------------------

--
-- Table structure for table `migrations`
--

CREATE TABLE `migrations` (
  `id` int UNSIGNED NOT NULL,
  `migration` varchar(255) CHARACTER SET utf8mb4 COLLATE utf8mb4_unicode_ci NOT NULL,
  `batch` int NOT NULL
) ENGINE=InnoDB DEFAULT CHARSET=utf8mb4 COLLATE=utf8mb4_unicode_ci;

--
-- Dumping data for table `migrations`
--

INSERT INTO `migrations` (`id`, `migration`, `batch`) VALUES
(1, '2026_02_11_144158_create_alternative_evaluations_table', 1),
(2, '2026_02_11_144158_create_alternatives_table', 1),
(3, '2026_02_11_144158_create_cache_locks_table', 1),
(4, '2026_02_11_144158_create_cache_table', 1),
(5, '2026_02_11_144158_create_criteria_pairwise_table', 1),
(6, '2026_02_11_144158_create_criteria_scoring_parameters_table', 1),
(7, '2026_02_11_144158_create_criteria_scoring_rules_table', 1),
(8, '2026_02_11_144158_create_criteria_table', 1),
(9, '2026_02_11_144158_create_criteria_weights_table', 1),
(10, '2026_02_11_144158_create_decision_session_criteria_table', 1),
(11, '2026_02_11_144158_create_decision_session_dm_table', 1),
(12, '2026_02_11_144158_create_decision_sessions_table', 1),
(13, '2026_02_11_144158_create_failed_jobs_table', 1),
(14, '2026_02_11_144158_create_job_batches_table', 1),
(15, '2026_02_11_144158_create_jobs_table', 1),
(16, '2026_02_11_144158_create_model_has_permissions_table', 1),
(17, '2026_02_11_144158_create_model_has_roles_table', 1),
(18, '2026_02_11_144158_create_password_reset_tokens_table', 1),
(19, '2026_02_11_144158_create_permissions_table', 1),
(20, '2026_02_11_144158_create_role_has_permissions_table', 1),
(21, '2026_02_11_144158_create_roles_table', 1),
(22, '2026_02_11_144158_create_sessions_table', 1),
(23, '2026_02_11_144158_create_users_table', 1),
(24, '2026_02_14_115949_create_alternative_decision_session_table', 2),
(25, '2026_02_14_235243_create_smart_results_dm_table', 3),
(26, '2026_02_14_235338_create_borda_results_table', 3),
(27, '2026_02_18_010731_create_usability_instruments_table', 4),
(28, '2026_02_18_010732_create_usability_questions_table', 4),
(29, '2026_02_18_010733_create_usability_responses_table', 4),
(30, '2026_02_18_010734_create_usability_answers_table', 5);

-- --------------------------------------------------------

--
-- Table structure for table `model_has_permissions`
--

CREATE TABLE `model_has_permissions` (
  `permission_id` bigint UNSIGNED NOT NULL,
  `model_type` varchar(255) CHARACTER SET utf8mb4 COLLATE utf8mb4_unicode_ci NOT NULL,
  `model_id` bigint UNSIGNED NOT NULL
) ENGINE=InnoDB DEFAULT CHARSET=utf8mb4 COLLATE=utf8mb4_unicode_ci;

-- --------------------------------------------------------

--
-- Table structure for table `model_has_roles`
--

CREATE TABLE `model_has_roles` (
  `role_id` bigint UNSIGNED NOT NULL,
  `model_type` varchar(255) CHARACTER SET utf8mb4 COLLATE utf8mb4_unicode_ci NOT NULL,
  `model_id` bigint UNSIGNED NOT NULL
) ENGINE=InnoDB DEFAULT CHARSET=utf8mb4 COLLATE=utf8mb4_unicode_ci;

--
-- Dumping data for table `model_has_roles`
--

INSERT INTO `model_has_roles` (`role_id`, `model_type`, `model_id`) VALUES
(1, 'App\\Models\\User', 1),
(2, 'App\\Models\\User', 2),
(3, 'App\\Models\\User', 3),
(3, 'App\\Models\\User', 4),
(3, 'App\\Models\\User', 5),
(3, 'App\\Models\\User', 6),
(3, 'App\\Models\\User', 7),
(3, 'App\\Models\\User', 8),
(3, 'App\\Models\\User', 9),
(3, 'App\\Models\\User', 10),
(3, 'App\\Models\\User', 11),
(3, 'App\\Models\\User', 12),
(3, 'App\\Models\\User', 13),
(3, 'App\\Models\\User', 14);

-- --------------------------------------------------------

--
-- Table structure for table `password_reset_tokens`
--

CREATE TABLE `password_reset_tokens` (
  `email` varchar(255) CHARACTER SET utf8mb4 COLLATE utf8mb4_unicode_ci NOT NULL,
  `token` varchar(255) CHARACTER SET utf8mb4 COLLATE utf8mb4_unicode_ci NOT NULL,
  `created_at` timestamp NULL DEFAULT NULL
) ENGINE=InnoDB DEFAULT CHARSET=utf8mb4 COLLATE=utf8mb4_unicode_ci;

-- --------------------------------------------------------

--
-- Table structure for table `permissions`
--

CREATE TABLE `permissions` (
  `id` bigint UNSIGNED NOT NULL,
  `name` varchar(255) CHARACTER SET utf8mb4 COLLATE utf8mb4_unicode_ci NOT NULL,
  `guard_name` varchar(255) CHARACTER SET utf8mb4 COLLATE utf8mb4_unicode_ci NOT NULL,
  `created_at` timestamp NULL DEFAULT NULL,
  `updated_at` timestamp NULL DEFAULT NULL
) ENGINE=InnoDB DEFAULT CHARSET=utf8mb4 COLLATE=utf8mb4_unicode_ci;

--
-- Dumping data for table `permissions`
--

INSERT INTO `permissions` (`id`, `name`, `guard_name`, `created_at`, `updated_at`) VALUES
(1, 'user.view', 'web', '2026-02-17 23:15:52', '2026-02-17 23:15:52'),
(2, 'user.create', 'web', '2026-02-17 23:15:52', '2026-02-17 23:15:52'),
(3, 'user.edit', 'web', '2026-02-17 23:15:52', '2026-02-17 23:15:52'),
(4, 'user.delete', 'web', '2026-02-17 23:15:52', '2026-02-17 23:15:52'),
(5, 'role.view', 'web', '2026-02-17 23:15:52', '2026-02-17 23:15:52'),
(6, 'role.create', 'web', '2026-02-17 23:15:52', '2026-02-17 23:15:52'),
(7, 'role.edit', 'web', '2026-02-17 23:15:52', '2026-02-17 23:15:52'),
(8, 'role.delete', 'web', '2026-02-17 23:15:52', '2026-02-17 23:15:52'),
(9, 'decision.view', 'web', '2026-02-17 23:15:52', '2026-02-17 23:15:52'),
(10, 'decision.create', 'web', '2026-02-17 23:15:52', '2026-02-17 23:15:52'),
(11, 'decision.edit', 'web', '2026-02-17 23:15:52', '2026-02-17 23:15:52'),
(12, 'decision.delete', 'web', '2026-02-17 23:15:52', '2026-02-17 23:15:52'),
(13, 'decision.close', 'web', '2026-02-17 23:15:52', '2026-02-17 23:15:52');

-- --------------------------------------------------------

--
-- Table structure for table `roles`
--

CREATE TABLE `roles` (
  `id` bigint UNSIGNED NOT NULL,
  `name` varchar(255) CHARACTER SET utf8mb4 COLLATE utf8mb4_unicode_ci NOT NULL,
  `guard_name` varchar(255) CHARACTER SET utf8mb4 COLLATE utf8mb4_unicode_ci NOT NULL,
  `created_at` timestamp NULL DEFAULT NULL,
  `updated_at` timestamp NULL DEFAULT NULL
) ENGINE=InnoDB DEFAULT CHARSET=utf8mb4 COLLATE=utf8mb4_unicode_ci;

--
-- Dumping data for table `roles`
--

INSERT INTO `roles` (`id`, `name`, `guard_name`, `created_at`, `updated_at`) VALUES
(1, 'superadmin', 'web', '2026-02-12 01:43:33', '2026-02-12 01:43:33'),
(2, 'admin', 'web', '2026-02-12 01:43:33', '2026-02-12 01:43:33'),
(3, 'dm', 'web', '2026-02-12 12:46:46', '2026-02-12 12:46:46');

-- --------------------------------------------------------

--
-- Table structure for table `role_has_permissions`
--

CREATE TABLE `role_has_permissions` (
  `permission_id` bigint UNSIGNED NOT NULL,
  `role_id` bigint UNSIGNED NOT NULL
) ENGINE=InnoDB DEFAULT CHARSET=utf8mb4 COLLATE=utf8mb4_unicode_ci;

--
-- Dumping data for table `role_has_permissions`
--

INSERT INTO `role_has_permissions` (`permission_id`, `role_id`) VALUES
(1, 1),
(2, 1),
(3, 1),
(4, 1),
(5, 1),
(6, 1),
(7, 1),
(8, 1),
(9, 1),
(10, 1),
(11, 1),
(12, 1),
(13, 1);

-- --------------------------------------------------------

--
-- Table structure for table `sessions`
--

CREATE TABLE `sessions` (
  `id` varchar(255) CHARACTER SET utf8mb4 COLLATE utf8mb4_unicode_ci NOT NULL,
  `user_id` bigint UNSIGNED DEFAULT NULL,
  `ip_address` varchar(45) CHARACTER SET utf8mb4 COLLATE utf8mb4_unicode_ci DEFAULT NULL,
  `user_agent` text CHARACTER SET utf8mb4 COLLATE utf8mb4_unicode_ci,
  `payload` longtext CHARACTER SET utf8mb4 COLLATE utf8mb4_unicode_ci NOT NULL,
  `last_activity` int NOT NULL
) ENGINE=InnoDB DEFAULT CHARSET=utf8mb4 COLLATE=utf8mb4_unicode_ci;

--
-- Dumping data for table `sessions`
--

INSERT INTO `sessions` (`id`, `user_id`, `ip_address`, `user_agent`, `payload`, `last_activity`) VALUES
('JUbrc9WuHeaIJhiE5HaVdRGw7zzAH14AACyHFbFH', 9, '127.0.0.1', 'Mozilla/5.0 (Macintosh; Intel Mac OS X 10_15_7) AppleWebKit/537.36 (KHTML, like Gecko) Chrome/144.0.0.0 Safari/537.36', 'YTo0OntzOjY6Il90b2tlbiI7czo0MDoiZ2oxRUNkWm5GdURiQUhkU255TkYwUnhaM3lPVmtkc2VvdzVCdWFCdiI7czo2OiJfZmxhc2giO2E6Mjp7czozOiJvbGQiO2E6MDp7fXM6MzoibmV3IjthOjA6e319czo5OiJfcHJldmlvdXMiO2E6Mjp7czozOiJ1cmwiO3M6NjE6Imh0dHA6Ly9sb2NhbGhvc3Q6ODAwMC91c2FiaWxpdHkvcmVzcG9uZD9kZWNpc2lvbl9zZXNzaW9uX2lkPTMiO3M6NToicm91dGUiO3M6MjY6InVzYWJpbGl0eS5yZXNwb25zZXMuY3JlYXRlIjt9czo1MDoibG9naW5fd2ViXzU5YmEzNmFkZGMyYjJmOTQwMTU4MGYwMTRjN2Y1OGVhNGUzMDk4OWQiO2k6OTt9', 1771381185),
('MojqwKoz4jNk0VSIfKwSap1EjJIPqIs4GEAz86hs', NULL, '127.0.0.1', 'Mozilla/5.0 (Macintosh; Intel Mac OS X 10_15_7) AppleWebKit/605.1.15 (KHTML, like Gecko) Version/26.2 Safari/605.1.15', 'YTozOntzOjY6Il90b2tlbiI7czo0MDoia0JlY21lSUlJbW85aTF1VDVTZkFzUkV0b3FmWWFZMmNtRFBOaWdGbCI7czo2OiJfZmxhc2giO2E6Mjp7czozOiJvbGQiO2E6MDp7fXM6MzoibmV3IjthOjA6e319czo5OiJfcHJldmlvdXMiO2E6Mjp7czozOiJ1cmwiO3M6MjE6Imh0dHA6Ly9sb2NhbGhvc3Q6ODAwMCI7czo1OiJyb3V0ZSI7Tjt9fQ==', 1771369961);

-- --------------------------------------------------------

--
-- Table structure for table `smart_results_dm`
--

CREATE TABLE `smart_results_dm` (
  `id` bigint UNSIGNED NOT NULL,
  `decision_session_id` bigint UNSIGNED NOT NULL,
  `dm_id` bigint UNSIGNED NOT NULL,
  `alternative_id` bigint UNSIGNED NOT NULL,
  `smart_score` decimal(10,6) NOT NULL,
  `rank_dm` int UNSIGNED NOT NULL,
  `created_at` timestamp NULL DEFAULT NULL,
  `updated_at` timestamp NULL DEFAULT NULL
) ENGINE=InnoDB DEFAULT CHARSET=utf8mb4 COLLATE=utf8mb4_unicode_ci;

--
-- Dumping data for table `smart_results_dm`
--

INSERT INTO `smart_results_dm` (`id`, `decision_session_id`, `dm_id`, `alternative_id`, `smart_score`, `rank_dm`, `created_at`, `updated_at`) VALUES
(1, 1, 4, 3, 0.759372, 1, '2026-02-15 00:13:27', '2026-02-15 15:51:44'),
(2, 1, 4, 2, 0.633249, 5, '2026-02-15 00:13:27', '2026-02-15 15:51:44'),
(3, 1, 4, 8, 0.670882, 2, '2026-02-15 00:13:27', '2026-02-15 15:51:44'),
(4, 1, 4, 1, 0.668453, 3, '2026-02-15 00:13:27', '2026-02-15 15:51:44'),
(5, 1, 4, 4, 0.659299, 4, '2026-02-15 00:13:27', '2026-02-15 15:51:44'),
(6, 1, 4, 6, 0.603343, 6, '2026-02-15 00:13:27', '2026-02-15 15:51:44'),
(7, 1, 4, 9, 0.553932, 7, '2026-02-15 00:13:27', '2026-02-15 15:51:44'),
(8, 1, 4, 7, 0.486603, 8, '2026-02-15 00:13:27', '2026-02-15 15:51:44'),
(9, 1, 4, 5, 0.354575, 9, '2026-02-15 00:13:27', '2026-02-15 15:51:44'),
(10, 1, 4, 10, 0.333060, 10, '2026-02-15 00:13:27', '2026-02-15 15:51:44'),
(11, 1, 5, 6, 0.650714, 1, '2026-02-15 00:13:27', '2026-02-15 15:51:55'),
(12, 1, 5, 7, 0.577426, 2, '2026-02-15 00:13:27', '2026-02-15 15:51:55'),
(13, 1, 5, 1, 0.571982, 3, '2026-02-15 00:13:27', '2026-02-15 15:51:55'),
(14, 1, 5, 4, 0.553985, 4, '2026-02-15 00:13:27', '2026-02-15 15:51:55'),
(15, 1, 5, 3, 0.480260, 5, '2026-02-15 00:13:27', '2026-02-15 15:51:55'),
(16, 1, 5, 9, 0.473349, 6, '2026-02-15 00:13:27', '2026-02-15 15:51:55'),
(17, 1, 5, 8, 0.407790, 7, '2026-02-15 00:13:27', '2026-02-15 15:51:55'),
(18, 1, 5, 10, 0.305941, 8, '2026-02-15 00:13:27', '2026-02-15 15:51:55'),
(19, 1, 5, 5, 0.305379, 9, '2026-02-15 00:13:27', '2026-02-15 15:51:55'),
(20, 1, 5, 2, 0.238568, 10, '2026-02-15 00:13:27', '2026-02-15 15:51:55'),
(21, 1, 6, 6, 0.795990, 1, '2026-02-15 00:13:27', '2026-02-15 15:52:20'),
(22, 1, 6, 4, 0.740167, 2, '2026-02-15 00:13:27', '2026-02-15 15:52:20'),
(23, 1, 6, 5, 0.709708, 3, '2026-02-15 00:13:27', '2026-02-15 15:52:20'),
(24, 1, 6, 1, 0.684279, 4, '2026-02-15 00:13:27', '2026-02-15 15:52:20'),
(25, 1, 6, 9, 0.649084, 5, '2026-02-15 00:13:27', '2026-02-15 15:52:20'),
(26, 1, 6, 3, 0.643090, 6, '2026-02-15 00:13:27', '2026-02-15 15:52:20'),
(27, 1, 6, 2, 0.600867, 7, '2026-02-15 00:13:27', '2026-02-15 15:52:20'),
(28, 1, 6, 7, 0.561512, 8, '2026-02-15 00:13:27', '2026-02-15 15:52:20'),
(29, 1, 6, 8, 0.476162, 9, '2026-02-15 00:13:27', '2026-02-15 15:52:20'),
(30, 1, 6, 10, 0.429532, 10, '2026-02-15 00:13:27', '2026-02-15 15:52:20'),
(31, 1, 7, 1, 0.709249, 1, '2026-02-15 00:13:27', '2026-02-15 15:52:08'),
(32, 1, 7, 4, 0.662754, 2, '2026-02-15 00:13:27', '2026-02-15 15:52:08'),
(33, 1, 7, 7, 0.641515, 3, '2026-02-15 00:13:27', '2026-02-15 15:52:08'),
(34, 1, 7, 9, 0.628840, 4, '2026-02-15 00:13:27', '2026-02-15 15:52:08'),
(35, 1, 7, 3, 0.588450, 5, '2026-02-15 00:13:27', '2026-02-15 15:52:08'),
(36, 1, 7, 2, 0.577426, 6, '2026-02-15 00:13:27', '2026-02-15 15:52:08'),
(37, 1, 7, 6, 0.560448, 7, '2026-02-15 00:13:27', '2026-02-15 15:52:08'),
(38, 1, 7, 5, 0.524105, 8, '2026-02-15 00:13:27', '2026-02-15 15:52:08'),
(39, 1, 7, 8, 0.463695, 9, '2026-02-15 00:13:27', '2026-02-15 15:52:08'),
(40, 1, 7, 10, 0.358030, 10, '2026-02-15 00:13:27', '2026-02-15 15:52:08'),
(41, 1, 8, 6, 0.762360, 1, '2026-02-15 00:13:27', '2026-02-15 15:52:38'),
(42, 1, 8, 1, 0.709249, 2, '2026-02-15 00:13:27', '2026-02-15 15:52:38'),
(43, 1, 8, 2, 0.694166, 3, '2026-02-15 00:13:27', '2026-02-15 15:52:38'),
(44, 1, 8, 7, 0.694166, 4, '2026-02-15 00:13:27', '2026-02-15 15:52:38'),
(45, 1, 8, 9, 0.665577, 5, '2026-02-15 00:13:27', '2026-02-15 15:52:38'),
(46, 1, 8, 4, 0.641843, 6, '2026-02-15 00:13:27', '2026-02-15 15:52:38'),
(47, 1, 8, 8, 0.611810, 7, '2026-02-15 00:13:27', '2026-02-15 15:52:38'),
(48, 1, 8, 3, 0.608115, 8, '2026-02-15 00:13:27', '2026-02-15 15:52:38'),
(49, 1, 8, 5, 0.594891, 9, '2026-02-15 00:13:27', '2026-02-15 15:52:38'),
(50, 1, 8, 10, 0.567539, 10, '2026-02-15 00:13:27', '2026-02-15 15:52:38'),
(182, 2, 9, 13, 0.588555, 1, '2026-02-15 20:27:39', '2026-02-15 20:27:39'),
(183, 2, 9, 11, 0.195394, 2, '2026-02-15 20:27:39', '2026-02-15 20:27:39'),
(184, 2, 9, 12, 0.179013, 3, '2026-02-15 20:27:39', '2026-02-15 20:27:39'),
(185, 2, 14, 13, 0.500000, 1, '2026-02-15 20:27:54', '2026-02-15 20:27:54'),
(186, 2, 14, 12, 0.356122, 2, '2026-02-15 20:27:54', '2026-02-15 20:27:54'),
(187, 2, 14, 11, 0.106839, 3, '2026-02-15 20:27:54', '2026-02-15 20:27:54'),
(188, 2, 11, 13, 0.464865, 1, '2026-02-15 20:28:17', '2026-02-15 20:28:17'),
(189, 2, 11, 12, 0.267568, 2, '2026-02-15 20:28:17', '2026-02-15 20:28:17'),
(190, 2, 11, 11, 0.230529, 3, '2026-02-15 20:28:17', '2026-02-15 20:28:17'),
(191, 3, 4, 41, 0.956142, 1, '2026-02-16 05:54:29', '2026-02-16 05:55:13'),
(192, 3, 4, 21, 0.913497, 2, '2026-02-16 05:54:29', '2026-02-16 05:55:13'),
(193, 3, 4, 15, 0.910158, 3, '2026-02-16 05:54:29', '2026-02-16 05:55:13'),
(194, 3, 4, 28, 0.893592, 4, '2026-02-16 05:54:29', '2026-02-16 05:55:13'),
(195, 3, 4, 14, 0.884331, 5, '2026-02-16 05:54:29', '2026-02-16 05:55:13'),
(196, 3, 4, 29, 0.884331, 6, '2026-02-16 05:54:29', '2026-02-16 05:55:13'),
(197, 3, 4, 31, 0.856127, 7, '2026-02-16 05:54:29', '2026-02-16 05:55:13'),
(198, 3, 4, 38, 0.856127, 8, '2026-02-16 05:54:29', '2026-02-16 05:55:13'),
(199, 3, 4, 17, 0.841686, 9, '2026-02-16 05:54:29', '2026-02-16 05:55:13'),
(200, 3, 4, 22, 0.841686, 10, '2026-02-16 05:54:29', '2026-02-16 05:55:13'),
(201, 3, 4, 37, 0.815608, 11, '2026-02-16 05:54:29', '2026-02-16 05:55:13'),
(202, 3, 4, 35, 0.812269, 12, '2026-02-16 05:54:29', '2026-02-16 05:55:13'),
(203, 3, 4, 18, 0.797828, 13, '2026-02-16 05:54:29', '2026-02-16 05:55:13'),
(204, 3, 4, 19, 0.795702, 14, '2026-02-16 05:54:29', '2026-02-16 05:55:13'),
(205, 3, 4, 34, 0.795702, 15, '2026-02-16 05:54:29', '2026-02-16 05:55:13'),
(206, 3, 4, 45, 0.777922, 16, '2026-02-16 05:54:29', '2026-02-16 05:55:13'),
(207, 3, 4, 20, 0.769624, 17, '2026-02-16 05:54:29', '2026-02-16 05:55:13'),
(208, 3, 4, 24, 0.769624, 18, '2026-02-16 05:54:29', '2026-02-16 05:55:13'),
(209, 3, 4, 36, 0.769624, 19, '2026-02-16 05:54:29', '2026-02-16 05:55:13'),
(210, 3, 4, 44, 0.769624, 20, '2026-02-16 05:54:29', '2026-02-16 05:55:13'),
(211, 3, 4, 16, 0.751844, 21, '2026-02-16 05:54:29', '2026-02-16 05:55:13'),
(212, 3, 4, 23, 0.751844, 22, '2026-02-16 05:54:29', '2026-02-16 05:55:13'),
(213, 3, 4, 25, 0.751844, 23, '2026-02-16 05:54:29', '2026-02-16 05:55:13'),
(214, 3, 4, 26, 0.751844, 24, '2026-02-16 05:54:29', '2026-02-16 05:55:13'),
(215, 3, 4, 27, 0.751844, 25, '2026-02-16 05:54:29', '2026-02-16 05:55:13'),
(216, 3, 4, 30, 0.751844, 26, '2026-02-16 05:54:29', '2026-02-16 05:55:13'),
(217, 3, 4, 32, 0.751844, 27, '2026-02-16 05:54:29', '2026-02-16 05:55:13'),
(218, 3, 4, 33, 0.751844, 28, '2026-02-16 05:54:29', '2026-02-16 05:55:13'),
(219, 3, 4, 39, 0.751844, 29, '2026-02-16 05:54:29', '2026-02-16 05:55:13'),
(220, 3, 4, 40, 0.751844, 30, '2026-02-16 05:54:29', '2026-02-16 05:55:13'),
(221, 3, 4, 42, 0.751844, 31, '2026-02-16 05:54:29', '2026-02-16 05:55:13'),
(222, 3, 4, 43, 0.751844, 32, '2026-02-16 05:54:29', '2026-02-16 05:55:13'),
(255, 3, 5, 20, 1.000000, 1, '2026-02-16 06:32:08', '2026-02-16 06:32:08'),
(256, 3, 5, 22, 1.000000, 2, '2026-02-16 06:32:08', '2026-02-16 06:32:08'),
(257, 3, 5, 31, 0.849733, 3, '2026-02-16 06:32:08', '2026-02-16 06:32:08'),
(258, 3, 5, 24, 0.792648, 4, '2026-02-16 06:32:08', '2026-02-16 06:32:08'),
(259, 3, 5, 14, 0.769624, 5, '2026-02-16 06:32:08', '2026-02-16 06:32:08'),
(260, 3, 5, 33, 0.769624, 6, '2026-02-16 06:32:08', '2026-02-16 06:32:08'),
(261, 3, 5, 25, 0.751844, 7, '2026-02-16 06:32:08', '2026-02-16 06:32:08'),
(262, 3, 5, 30, 0.751844, 8, '2026-02-16 06:32:08', '2026-02-16 06:32:08'),
(263, 3, 5, 27, 0.750348, 9, '2026-02-16 06:32:08', '2026-02-16 06:32:08'),
(264, 3, 5, 28, 0.742362, 10, '2026-02-16 06:32:08', '2026-02-16 06:32:08'),
(265, 3, 5, 40, 0.721188, 11, '2026-02-16 06:32:08', '2026-02-16 06:32:08'),
(266, 3, 5, 43, 0.709802, 12, '2026-02-16 06:32:08', '2026-02-16 06:32:08'),
(267, 3, 5, 15, 0.676728, 13, '2026-02-16 06:32:08', '2026-02-16 06:32:08'),
(268, 3, 5, 19, 0.655929, 14, '2026-02-16 06:32:08', '2026-02-16 06:32:08'),
(269, 3, 5, 35, 0.648775, 15, '2026-02-16 06:32:08', '2026-02-16 06:32:08'),
(270, 3, 5, 34, 0.646317, 16, '2026-02-16 06:32:08', '2026-02-16 06:32:08'),
(271, 3, 5, 23, 0.620369, 17, '2026-02-16 06:32:08', '2026-02-16 06:32:08'),
(272, 3, 5, 39, 0.603772, 18, '2026-02-16 06:32:08', '2026-02-16 06:32:08'),
(273, 3, 5, 16, 0.574003, 19, '2026-02-16 06:32:08', '2026-02-16 06:32:08'),
(274, 3, 5, 17, 0.562874, 20, '2026-02-16 06:32:08', '2026-02-16 06:32:08'),
(275, 3, 5, 38, 0.562874, 21, '2026-02-16 06:32:08', '2026-02-16 06:32:08'),
(276, 3, 5, 32, 0.535080, 22, '2026-02-16 06:32:08', '2026-02-16 06:32:08'),
(277, 3, 5, 42, 0.521276, 23, '2026-02-16 06:32:08', '2026-02-16 06:32:08'),
(278, 3, 5, 41, 0.507787, 24, '2026-02-16 06:32:08', '2026-02-16 06:32:08'),
(279, 3, 5, 21, 0.480949, 25, '2026-02-16 06:32:08', '2026-02-16 06:32:08'),
(280, 3, 5, 36, 0.466477, 26, '2026-02-16 06:32:08', '2026-02-16 06:32:08'),
(281, 3, 5, 44, 0.435987, 27, '2026-02-16 06:32:08', '2026-02-16 06:32:08'),
(282, 3, 5, 18, 0.422468, 28, '2026-02-16 06:32:08', '2026-02-16 06:32:08'),
(283, 3, 5, 26, 0.413550, 29, '2026-02-16 06:32:08', '2026-02-16 06:32:08'),
(284, 3, 5, 37, 0.402713, 30, '2026-02-16 06:32:08', '2026-02-16 06:32:08'),
(285, 3, 5, 29, 0.322192, 31, '2026-02-16 06:32:08', '2026-02-16 06:32:08'),
(286, 3, 5, 45, 0.082360, 32, '2026-02-16 06:32:08', '2026-02-16 06:32:08'),
(287, 3, 6, 20, 1.000000, 1, '2026-02-16 07:13:06', '2026-02-16 07:13:06'),
(288, 3, 6, 22, 1.000000, 2, '2026-02-16 07:13:06', '2026-02-16 07:13:06'),
(289, 3, 6, 31, 0.849733, 3, '2026-02-16 07:13:06', '2026-02-16 07:13:06'),
(290, 3, 6, 24, 0.792648, 4, '2026-02-16 07:13:06', '2026-02-16 07:13:06'),
(291, 3, 6, 14, 0.769624, 5, '2026-02-16 07:13:06', '2026-02-16 07:13:06'),
(292, 3, 6, 33, 0.769624, 6, '2026-02-16 07:13:06', '2026-02-16 07:13:06'),
(293, 3, 6, 25, 0.751844, 7, '2026-02-16 07:13:06', '2026-02-16 07:13:06'),
(294, 3, 6, 30, 0.751844, 8, '2026-02-16 07:13:06', '2026-02-16 07:13:06'),
(295, 3, 6, 27, 0.750348, 9, '2026-02-16 07:13:06', '2026-02-16 07:13:06'),
(296, 3, 6, 28, 0.742362, 10, '2026-02-16 07:13:06', '2026-02-16 07:13:06'),
(297, 3, 6, 40, 0.721188, 11, '2026-02-16 07:13:06', '2026-02-16 07:13:06'),
(298, 3, 6, 43, 0.709802, 12, '2026-02-16 07:13:06', '2026-02-16 07:13:06'),
(299, 3, 6, 15, 0.676728, 13, '2026-02-16 07:13:06', '2026-02-16 07:13:06'),
(300, 3, 6, 19, 0.655929, 14, '2026-02-16 07:13:06', '2026-02-16 07:13:06'),
(301, 3, 6, 35, 0.648775, 15, '2026-02-16 07:13:06', '2026-02-16 07:13:06'),
(302, 3, 6, 34, 0.646317, 16, '2026-02-16 07:13:06', '2026-02-16 07:13:06'),
(303, 3, 6, 23, 0.620369, 17, '2026-02-16 07:13:06', '2026-02-16 07:13:06'),
(304, 3, 6, 39, 0.603772, 18, '2026-02-16 07:13:06', '2026-02-16 07:13:06'),
(305, 3, 6, 16, 0.574003, 19, '2026-02-16 07:13:06', '2026-02-16 07:13:06'),
(306, 3, 6, 17, 0.562874, 20, '2026-02-16 07:13:06', '2026-02-16 07:13:06'),
(307, 3, 6, 38, 0.562874, 21, '2026-02-16 07:13:06', '2026-02-16 07:13:06'),
(308, 3, 6, 32, 0.535080, 22, '2026-02-16 07:13:06', '2026-02-16 07:13:06'),
(309, 3, 6, 42, 0.521276, 23, '2026-02-16 07:13:06', '2026-02-16 07:13:06'),
(310, 3, 6, 41, 0.507787, 24, '2026-02-16 07:13:06', '2026-02-16 07:13:06'),
(311, 3, 6, 21, 0.480949, 25, '2026-02-16 07:13:06', '2026-02-16 07:13:06'),
(312, 3, 6, 36, 0.466477, 26, '2026-02-16 07:13:06', '2026-02-16 07:13:06'),
(313, 3, 6, 44, 0.435987, 27, '2026-02-16 07:13:06', '2026-02-16 07:13:06'),
(314, 3, 6, 18, 0.422468, 28, '2026-02-16 07:13:06', '2026-02-16 07:13:06'),
(315, 3, 6, 26, 0.413550, 29, '2026-02-16 07:13:06', '2026-02-16 07:13:06'),
(316, 3, 6, 37, 0.402713, 30, '2026-02-16 07:13:06', '2026-02-16 07:13:06'),
(317, 3, 6, 29, 0.322192, 31, '2026-02-16 07:13:06', '2026-02-16 07:13:06'),
(318, 3, 6, 45, 0.082360, 32, '2026-02-16 07:13:06', '2026-02-16 07:13:06'),
(319, 3, 7, 42, 0.632141, 1, '2026-02-16 07:13:20', '2026-02-16 07:13:20'),
(320, 3, 7, 27, 0.621583, 2, '2026-02-16 07:13:20', '2026-02-16 07:13:20'),
(321, 3, 7, 19, 0.620369, 3, '2026-02-16 07:13:20', '2026-02-16 07:13:20'),
(322, 3, 7, 16, 0.606063, 4, '2026-02-16 07:13:20', '2026-02-16 07:13:20'),
(323, 3, 7, 40, 0.559944, 5, '2026-02-16 07:13:20', '2026-02-16 07:13:20'),
(324, 3, 7, 33, 0.546171, 6, '2026-02-16 07:13:20', '2026-02-16 07:13:20'),
(325, 3, 7, 31, 0.542095, 7, '2026-02-16 07:13:20', '2026-02-16 07:13:20'),
(326, 3, 7, 25, 0.515575, 8, '2026-02-16 07:13:20', '2026-02-16 07:13:20'),
(327, 3, 7, 15, 0.512622, 9, '2026-02-16 07:13:20', '2026-02-16 07:13:20'),
(328, 3, 7, 23, 0.506604, 10, '2026-02-16 07:13:20', '2026-02-16 07:13:20'),
(329, 3, 7, 36, 0.499520, 11, '2026-02-16 07:13:20', '2026-02-16 07:13:20'),
(330, 3, 7, 30, 0.459668, 12, '2026-02-16 07:13:20', '2026-02-16 07:13:20'),
(331, 3, 7, 28, 0.459282, 13, '2026-02-16 07:13:20', '2026-02-16 07:13:20'),
(332, 3, 7, 44, 0.452584, 14, '2026-02-16 07:13:20', '2026-02-16 07:13:20'),
(333, 3, 7, 24, 0.452198, 15, '2026-02-16 07:13:20', '2026-02-16 07:13:20'),
(334, 3, 7, 41, 0.448428, 16, '2026-02-16 07:13:20', '2026-02-16 07:13:20'),
(335, 3, 7, 35, 0.447363, 17, '2026-02-16 07:13:20', '2026-02-16 07:13:20'),
(336, 3, 7, 20, 0.446180, 18, '2026-02-16 07:13:20', '2026-02-16 07:13:20'),
(337, 3, 7, 14, 0.440141, 19, '2026-02-16 07:13:20', '2026-02-16 07:13:20'),
(338, 3, 7, 29, 0.440141, 20, '2026-02-16 07:13:20', '2026-02-16 07:13:20'),
(339, 3, 7, 34, 0.434387, 21, '2026-02-16 07:13:20', '2026-02-16 07:13:20'),
(340, 3, 7, 37, 0.431874, 22, '2026-02-16 07:13:20', '2026-02-16 07:13:20'),
(341, 3, 7, 38, 0.419590, 23, '2026-02-16 07:13:20', '2026-02-16 07:13:20'),
(342, 3, 7, 17, 0.414082, 24, '2026-02-16 07:13:20', '2026-02-16 07:13:20'),
(343, 3, 7, 39, 0.399244, 25, '2026-02-16 07:13:20', '2026-02-16 07:13:20'),
(344, 3, 7, 22, 0.394023, 26, '2026-02-16 07:13:20', '2026-02-16 07:13:20'),
(345, 3, 7, 18, 0.388003, 27, '2026-02-16 07:13:20', '2026-02-16 07:13:20'),
(346, 3, 7, 21, 0.374518, 28, '2026-02-16 07:13:20', '2026-02-16 07:13:20'),
(347, 3, 7, 32, 0.342962, 29, '2026-02-16 07:13:20', '2026-02-16 07:13:20'),
(348, 3, 7, 26, 0.328124, 30, '2026-02-16 07:13:20', '2026-02-16 07:13:20'),
(349, 3, 7, 45, 0.314093, 31, '2026-02-16 07:13:20', '2026-02-16 07:13:20'),
(350, 3, 7, 43, 0.290273, 32, '2026-02-16 07:13:20', '2026-02-16 07:13:20'),
(351, 3, 8, 14, 1.000000, 1, '2026-02-16 07:13:42', '2026-02-16 07:13:42'),
(352, 3, 8, 17, 1.000000, 2, '2026-02-16 07:13:42', '2026-02-16 07:13:42'),
(353, 3, 8, 22, 1.000000, 3, '2026-02-16 07:13:42', '2026-02-16 07:13:42'),
(354, 3, 8, 24, 1.000000, 4, '2026-02-16 07:13:42', '2026-02-16 07:13:42'),
(355, 3, 8, 25, 1.000000, 5, '2026-02-16 07:13:42', '2026-02-16 07:13:42'),
(356, 3, 8, 26, 1.000000, 6, '2026-02-16 07:13:42', '2026-02-16 07:13:42'),
(357, 3, 8, 27, 1.000000, 7, '2026-02-16 07:13:42', '2026-02-16 07:13:42'),
(358, 3, 8, 29, 1.000000, 8, '2026-02-16 07:13:42', '2026-02-16 07:13:42'),
(359, 3, 8, 31, 1.000000, 9, '2026-02-16 07:13:42', '2026-02-16 07:13:42'),
(360, 3, 8, 32, 1.000000, 10, '2026-02-16 07:13:42', '2026-02-16 07:13:42'),
(361, 3, 8, 35, 1.000000, 11, '2026-02-16 07:13:42', '2026-02-16 07:13:42'),
(362, 3, 8, 38, 1.000000, 12, '2026-02-16 07:13:42', '2026-02-16 07:13:42'),
(363, 3, 8, 42, 1.000000, 13, '2026-02-16 07:13:42', '2026-02-16 07:13:42'),
(364, 3, 8, 44, 1.000000, 14, '2026-02-16 07:13:42', '2026-02-16 07:13:42'),
(365, 3, 8, 19, 0.973922, 15, '2026-02-16 07:13:42', '2026-02-16 07:13:42'),
(366, 3, 8, 33, 0.849733, 16, '2026-02-16 07:13:42', '2026-02-16 07:13:42'),
(367, 3, 8, 16, 0.812269, 17, '2026-02-16 07:13:42', '2026-02-16 07:13:42'),
(368, 3, 8, 15, 0.751844, 18, '2026-02-16 07:13:42', '2026-02-16 07:13:42'),
(369, 3, 8, 18, 0.751844, 19, '2026-02-16 07:13:42', '2026-02-16 07:13:42'),
(370, 3, 8, 20, 0.751844, 20, '2026-02-16 07:13:42', '2026-02-16 07:13:42'),
(371, 3, 8, 23, 0.751844, 21, '2026-02-16 07:13:42', '2026-02-16 07:13:42'),
(372, 3, 8, 28, 0.751844, 22, '2026-02-16 07:13:42', '2026-02-16 07:13:42'),
(373, 3, 8, 34, 0.751844, 23, '2026-02-16 07:13:42', '2026-02-16 07:13:42'),
(374, 3, 8, 36, 0.751844, 24, '2026-02-16 07:13:42', '2026-02-16 07:13:42'),
(375, 3, 8, 39, 0.751844, 25, '2026-02-16 07:13:42', '2026-02-16 07:13:42'),
(376, 3, 8, 40, 0.751844, 26, '2026-02-16 07:13:42', '2026-02-16 07:13:42'),
(377, 3, 8, 41, 0.751844, 27, '2026-02-16 07:13:42', '2026-02-16 07:13:42'),
(378, 3, 8, 43, 0.751844, 28, '2026-02-16 07:13:42', '2026-02-16 07:13:42'),
(379, 3, 8, 45, 0.751844, 29, '2026-02-16 07:13:42', '2026-02-16 07:13:42'),
(380, 3, 8, 21, 0.507787, 30, '2026-02-16 07:13:42', '2026-02-16 07:13:42'),
(381, 3, 8, 30, 0.507787, 31, '2026-02-16 07:13:42', '2026-02-16 07:13:42'),
(382, 3, 8, 37, 0.507787, 32, '2026-02-16 07:13:42', '2026-02-16 07:13:42'),
(383, 3, 9, 36, 0.783518, 1, '2026-02-16 07:17:26', '2026-02-16 07:17:26'),
(384, 3, 9, 18, 0.751844, 2, '2026-02-16 07:17:26', '2026-02-16 07:17:26'),
(385, 3, 9, 31, 0.747576, 3, '2026-02-16 07:17:26', '2026-02-16 07:17:26'),
(386, 3, 9, 15, 0.701592, 4, '2026-02-16 07:17:26', '2026-02-16 07:17:26'),
(387, 3, 9, 28, 0.701592, 5, '2026-02-16 07:17:26', '2026-02-16 07:17:26'),
(388, 3, 9, 43, 0.699687, 6, '2026-02-16 07:17:26', '2026-02-16 07:17:26'),
(389, 3, 9, 24, 0.693324, 7, '2026-02-16 07:17:26', '2026-02-16 07:17:26'),
(390, 3, 9, 19, 0.669753, 8, '2026-02-16 07:17:26', '2026-02-16 07:17:26'),
(391, 3, 9, 34, 0.641168, 9, '2026-02-16 07:17:26', '2026-02-16 07:17:26'),
(392, 3, 9, 26, 0.639263, 10, '2026-02-16 07:17:26', '2026-02-16 07:17:26'),
(393, 3, 9, 35, 0.639263, 11, '2026-02-16 07:17:26', '2026-02-16 07:17:26'),
(394, 3, 9, 38, 0.637557, 12, '2026-02-16 07:17:26', '2026-02-16 07:17:26'),
(395, 3, 9, 37, 0.576490, 13, '2026-02-16 07:17:26', '2026-02-16 07:17:26'),
(396, 3, 9, 20, 0.570570, 14, '2026-02-16 07:17:26', '2026-02-16 07:17:26'),
(397, 3, 9, 27, 0.543347, 15, '2026-02-16 07:17:26', '2026-02-16 07:17:26'),
(398, 3, 9, 33, 0.541482, 16, '2026-02-16 07:17:26', '2026-02-16 07:17:26'),
(399, 3, 9, 22, 0.532277, 17, '2026-02-16 07:17:26', '2026-02-16 07:17:26'),
(400, 3, 9, 32, 0.525598, 18, '2026-02-16 07:17:26', '2026-02-16 07:17:26'),
(401, 3, 9, 25, 0.510718, 19, '2026-02-16 07:17:26', '2026-02-16 07:17:26'),
(402, 3, 9, 29, 0.500566, 20, '2026-02-16 07:17:26', '2026-02-16 07:17:26'),
(403, 3, 9, 16, 0.498157, 21, '2026-02-16 07:17:26', '2026-02-16 07:17:26'),
(404, 3, 9, 44, 0.492968, 22, '2026-02-16 07:17:26', '2026-02-16 07:17:26'),
(405, 3, 9, 39, 0.489326, 23, '2026-02-16 07:17:26', '2026-02-16 07:17:26'),
(406, 3, 9, 30, 0.478630, 24, '2026-02-16 07:17:26', '2026-02-16 07:17:26'),
(407, 3, 9, 21, 0.476350, 25, '2026-02-16 07:17:26', '2026-02-16 07:17:26'),
(408, 3, 9, 14, 0.456696, 26, '2026-02-16 07:17:26', '2026-02-16 07:17:26'),
(409, 3, 9, 17, 0.439628, 27, '2026-02-16 07:17:26', '2026-02-16 07:17:26'),
(410, 3, 9, 23, 0.435987, 28, '2026-02-16 07:17:26', '2026-02-16 07:17:26'),
(411, 3, 9, 41, 0.433510, 29, '2026-02-16 07:17:26', '2026-02-16 07:17:26'),
(412, 3, 9, 40, 0.428901, 30, '2026-02-16 07:17:26', '2026-02-16 07:17:26'),
(413, 3, 9, 45, 0.396289, 31, '2026-02-16 07:17:26', '2026-02-16 07:17:26'),
(414, 3, 9, 42, 0.296283, 32, '2026-02-16 07:17:26', '2026-02-16 07:17:26'),
(415, 3, 10, 26, 0.691419, 1, '2026-02-16 07:17:42', '2026-02-16 07:17:42'),
(416, 3, 10, 40, 0.691419, 2, '2026-02-16 07:17:42', '2026-02-16 07:17:42'),
(417, 3, 10, 30, 0.669032, 3, '2026-02-16 07:17:42', '2026-02-16 07:17:42'),
(418, 3, 10, 20, 0.639263, 4, '2026-02-16 07:17:42', '2026-02-16 07:17:42'),
(419, 3, 10, 24, 0.639263, 5, '2026-02-16 07:17:42', '2026-02-16 07:17:42'),
(420, 3, 10, 28, 0.639263, 6, '2026-02-16 07:17:42', '2026-02-16 07:17:42'),
(421, 3, 10, 14, 0.625204, 7, '2026-02-16 07:17:42', '2026-02-16 07:17:42'),
(422, 3, 10, 29, 0.625204, 8, '2026-02-16 07:17:42', '2026-02-16 07:17:42'),
(423, 3, 10, 39, 0.625204, 9, '2026-02-16 07:17:42', '2026-02-16 07:17:42'),
(424, 3, 10, 43, 0.625204, 10, '2026-02-16 07:17:42', '2026-02-16 07:17:42'),
(425, 3, 10, 19, 0.608607, 11, '2026-02-16 07:17:42', '2026-02-16 07:17:42'),
(426, 3, 10, 31, 0.603703, 12, '2026-02-16 07:17:42', '2026-02-16 07:17:42'),
(427, 3, 10, 18, 0.595504, 13, '2026-02-16 07:17:42', '2026-02-16 07:17:42'),
(428, 3, 10, 23, 0.595504, 14, '2026-02-16 07:17:42', '2026-02-16 07:17:42'),
(429, 3, 10, 27, 0.595504, 15, '2026-02-16 07:17:42', '2026-02-16 07:17:42'),
(430, 3, 10, 34, 0.573047, 16, '2026-02-16 07:17:42', '2026-02-16 07:17:42'),
(431, 3, 10, 16, 0.568212, 17, '2026-02-16 07:17:42', '2026-02-16 07:17:42'),
(432, 3, 10, 22, 0.543347, 18, '2026-02-16 07:17:42', '2026-02-16 07:17:42'),
(433, 3, 10, 25, 0.543347, 19, '2026-02-16 07:17:42', '2026-02-16 07:17:42'),
(434, 3, 10, 33, 0.543347, 20, '2026-02-16 07:17:42', '2026-02-16 07:17:42'),
(435, 3, 10, 35, 0.543347, 21, '2026-02-16 07:17:42', '2026-02-16 07:17:42'),
(436, 3, 10, 37, 0.543347, 22, '2026-02-16 07:17:42', '2026-02-16 07:17:42'),
(437, 3, 10, 38, 0.543347, 23, '2026-02-16 07:17:42', '2026-02-16 07:17:42'),
(438, 3, 10, 42, 0.543347, 24, '2026-02-16 07:17:42', '2026-02-16 07:17:42'),
(439, 3, 10, 45, 0.543347, 25, '2026-02-16 07:17:42', '2026-02-16 07:17:42'),
(440, 3, 10, 21, 0.496412, 26, '2026-02-16 07:17:42', '2026-02-16 07:17:42'),
(441, 3, 10, 15, 0.447363, 27, '2026-02-16 07:17:42', '2026-02-16 07:17:42'),
(442, 3, 10, 17, 0.433057, 28, '2026-02-16 07:17:42', '2026-02-16 07:17:42'),
(443, 3, 10, 36, 0.400427, 29, '2026-02-16 07:17:42', '2026-02-16 07:17:42'),
(444, 3, 10, 32, 0.354822, 30, '2026-02-16 07:17:42', '2026-02-16 07:17:42'),
(445, 3, 10, 41, 0.336498, 31, '2026-02-16 07:17:42', '2026-02-16 07:17:42'),
(446, 3, 10, 44, 0.322192, 32, '2026-02-16 07:17:42', '2026-02-16 07:17:42'),
(447, 3, 11, 17, 0.845156, 1, '2026-02-16 07:17:56', '2026-02-16 07:17:56'),
(448, 3, 11, 24, 0.845156, 2, '2026-02-16 07:17:56', '2026-02-16 07:17:56'),
(449, 3, 11, 35, 0.845156, 3, '2026-02-16 07:17:56', '2026-02-16 07:17:56'),
(450, 3, 11, 19, 0.686842, 4, '2026-02-16 07:17:56', '2026-02-16 07:17:56'),
(451, 3, 11, 26, 0.686842, 5, '2026-02-16 07:17:56', '2026-02-16 07:17:56'),
(452, 3, 11, 28, 0.686842, 6, '2026-02-16 07:17:56', '2026-02-16 07:17:56'),
(453, 3, 11, 30, 0.686842, 7, '2026-02-16 07:17:56', '2026-02-16 07:17:56'),
(454, 3, 11, 31, 0.686842, 8, '2026-02-16 07:17:56', '2026-02-16 07:17:56'),
(455, 3, 11, 33, 0.686842, 9, '2026-02-16 07:17:56', '2026-02-16 07:17:56'),
(456, 3, 11, 42, 0.686842, 10, '2026-02-16 07:17:56', '2026-02-16 07:17:56'),
(457, 3, 11, 44, 0.686842, 11, '2026-02-16 07:17:56', '2026-02-16 07:17:56'),
(458, 3, 11, 14, 0.660764, 12, '2026-02-16 07:17:56', '2026-02-16 07:17:56'),
(459, 3, 11, 15, 0.660764, 13, '2026-02-16 07:17:56', '2026-02-16 07:17:56'),
(460, 3, 11, 16, 0.660764, 14, '2026-02-16 07:17:56', '2026-02-16 07:17:56'),
(461, 3, 11, 18, 0.660764, 15, '2026-02-16 07:17:56', '2026-02-16 07:17:56'),
(462, 3, 11, 20, 0.660764, 16, '2026-02-16 07:17:56', '2026-02-16 07:17:56'),
(463, 3, 11, 21, 0.660764, 17, '2026-02-16 07:17:56', '2026-02-16 07:17:56'),
(464, 3, 11, 23, 0.660764, 18, '2026-02-16 07:17:56', '2026-02-16 07:17:56'),
(465, 3, 11, 25, 0.660764, 19, '2026-02-16 07:17:56', '2026-02-16 07:17:56'),
(466, 3, 11, 27, 0.660764, 20, '2026-02-16 07:17:56', '2026-02-16 07:17:56'),
(467, 3, 11, 29, 0.660764, 21, '2026-02-16 07:17:56', '2026-02-16 07:17:56'),
(468, 3, 11, 32, 0.660764, 22, '2026-02-16 07:17:56', '2026-02-16 07:17:56'),
(469, 3, 11, 34, 0.660764, 23, '2026-02-16 07:17:56', '2026-02-16 07:17:56'),
(470, 3, 11, 38, 0.660764, 24, '2026-02-16 07:17:56', '2026-02-16 07:17:56'),
(471, 3, 11, 39, 0.660764, 25, '2026-02-16 07:17:56', '2026-02-16 07:17:56'),
(472, 3, 11, 40, 0.660764, 26, '2026-02-16 07:17:56', '2026-02-16 07:17:56'),
(473, 3, 11, 41, 0.660764, 27, '2026-02-16 07:17:56', '2026-02-16 07:17:56'),
(474, 3, 11, 43, 0.660764, 28, '2026-02-16 07:17:56', '2026-02-16 07:17:56'),
(475, 3, 11, 45, 0.660764, 29, '2026-02-16 07:17:56', '2026-02-16 07:17:56'),
(476, 3, 11, 36, 0.655860, 30, '2026-02-16 07:17:56', '2026-02-16 07:17:56'),
(477, 3, 11, 37, 0.655860, 31, '2026-02-16 07:17:56', '2026-02-16 07:17:56'),
(478, 3, 11, 22, 0.626160, 32, '2026-02-16 07:17:56', '2026-02-16 07:17:56'),
(479, 3, 12, 14, 0.807691, 1, '2026-02-16 07:18:09', '2026-02-16 07:18:09'),
(480, 3, 12, 29, 0.807691, 2, '2026-02-16 07:18:09', '2026-02-16 07:18:09'),
(481, 3, 12, 40, 0.807691, 3, '2026-02-16 07:18:09', '2026-02-16 07:18:09'),
(482, 3, 12, 30, 0.799393, 4, '2026-02-16 07:18:09', '2026-02-16 07:18:09'),
(483, 3, 12, 31, 0.797577, 5, '2026-02-16 07:18:09', '2026-02-16 07:18:09'),
(484, 3, 12, 24, 0.762017, 6, '2026-02-16 07:18:09', '2026-02-16 07:18:09'),
(485, 3, 12, 34, 0.762017, 7, '2026-02-16 07:18:09', '2026-02-16 07:18:09'),
(486, 3, 12, 23, 0.728126, 8, '2026-02-16 07:18:09', '2026-02-16 07:18:09'),
(487, 3, 12, 33, 0.728126, 9, '2026-02-16 07:18:09', '2026-02-16 07:18:09'),
(488, 3, 12, 19, 0.716353, 10, '2026-02-16 07:18:09', '2026-02-16 07:18:09'),
(489, 3, 12, 39, 0.716353, 11, '2026-02-16 07:18:09', '2026-02-16 07:18:09'),
(490, 3, 12, 44, 0.716353, 12, '2026-02-16 07:18:09', '2026-02-16 07:18:09'),
(491, 3, 12, 38, 0.704364, 13, '2026-02-16 07:18:09', '2026-02-16 07:18:09'),
(492, 3, 12, 28, 0.701592, 14, '2026-02-16 07:18:09', '2026-02-16 07:18:09'),
(493, 3, 12, 17, 0.682007, 15, '2026-02-16 07:18:09', '2026-02-16 07:18:09'),
(494, 3, 12, 27, 0.673709, 16, '2026-02-16 07:18:09', '2026-02-16 07:18:09'),
(495, 3, 12, 16, 0.666487, 17, '2026-02-16 07:18:09', '2026-02-16 07:18:09'),
(496, 3, 12, 18, 0.643940, 18, '2026-02-16 07:18:09', '2026-02-16 07:18:09'),
(497, 3, 12, 15, 0.641168, 19, '2026-02-16 07:18:09', '2026-02-16 07:18:09'),
(498, 3, 12, 20, 0.641168, 20, '2026-02-16 07:18:09', '2026-02-16 07:18:09'),
(499, 3, 12, 26, 0.625204, 21, '2026-02-16 07:18:09', '2026-02-16 07:18:09'),
(500, 3, 12, 37, 0.607277, 22, '2026-02-16 07:18:09', '2026-02-16 07:18:09'),
(501, 3, 12, 25, 0.574616, 23, '2026-02-16 07:18:09', '2026-02-16 07:18:09'),
(502, 3, 12, 32, 0.571717, 24, '2026-02-16 07:18:09', '2026-02-16 07:18:09'),
(503, 3, 12, 36, 0.566348, 25, '2026-02-16 07:18:09', '2026-02-16 07:18:09'),
(504, 3, 12, 45, 0.566348, 26, '2026-02-16 07:18:09', '2026-02-16 07:18:09'),
(505, 3, 12, 43, 0.562874, 27, '2026-02-16 07:18:09', '2026-02-16 07:18:09'),
(506, 3, 12, 35, 0.561127, 28, '2026-02-16 07:18:09', '2026-02-16 07:18:09'),
(507, 3, 12, 21, 0.556836, 29, '2026-02-16 07:18:09', '2026-02-16 07:18:09'),
(508, 3, 12, 42, 0.556836, 30, '2026-02-16 07:18:09', '2026-02-16 07:18:09'),
(509, 3, 12, 41, 0.553393, 31, '2026-02-16 07:18:09', '2026-02-16 07:18:09'),
(510, 3, 12, 22, 0.514192, 32, '2026-02-16 07:18:09', '2026-02-16 07:18:09'),
(511, 3, 13, 15, 0.268852, 1, '2026-02-16 07:18:26', '2026-02-16 07:18:26'),
(512, 3, 13, 22, 0.268852, 2, '2026-02-16 07:18:26', '2026-02-16 07:18:26'),
(513, 3, 13, 23, 0.268852, 3, '2026-02-16 07:18:26', '2026-02-16 07:18:26'),
(514, 3, 13, 24, 0.268852, 4, '2026-02-16 07:18:26', '2026-02-16 07:18:26'),
(515, 3, 13, 38, 0.268852, 5, '2026-02-16 07:18:26', '2026-02-16 07:18:26'),
(516, 3, 13, 42, 0.268852, 6, '2026-02-16 07:18:26', '2026-02-16 07:18:26'),
(517, 3, 13, 43, 0.268852, 7, '2026-02-16 07:18:26', '2026-02-16 07:18:26'),
(518, 3, 13, 18, 0.164738, 8, '2026-02-16 07:18:26', '2026-02-16 07:18:26'),
(519, 3, 13, 19, 0.164738, 9, '2026-02-16 07:18:26', '2026-02-16 07:18:26'),
(520, 3, 13, 28, 0.164738, 10, '2026-02-16 07:18:26', '2026-02-16 07:18:26'),
(521, 3, 13, 31, 0.164738, 11, '2026-02-16 07:18:26', '2026-02-16 07:18:26'),
(522, 3, 13, 34, 0.164738, 12, '2026-02-16 07:18:26', '2026-02-16 07:18:26'),
(523, 3, 13, 36, 0.164738, 13, '2026-02-16 07:18:26', '2026-02-16 07:18:26'),
(524, 3, 13, 37, 0.164738, 14, '2026-02-16 07:18:26', '2026-02-16 07:18:26'),
(525, 3, 13, 17, 0.104114, 15, '2026-02-16 07:18:26', '2026-02-16 07:18:26'),
(526, 3, 13, 21, 0.104114, 16, '2026-02-16 07:18:26', '2026-02-16 07:18:26'),
(527, 3, 13, 33, 0.104114, 17, '2026-02-16 07:18:26', '2026-02-16 07:18:26'),
(528, 3, 13, 16, 0.082360, 18, '2026-02-16 07:18:26', '2026-02-16 07:18:26'),
(529, 3, 13, 20, 0.082360, 19, '2026-02-16 07:18:26', '2026-02-16 07:18:26'),
(530, 3, 13, 25, 0.082360, 20, '2026-02-16 07:18:26', '2026-02-16 07:18:26'),
(531, 3, 13, 26, 0.082360, 21, '2026-02-16 07:18:26', '2026-02-16 07:18:26'),
(532, 3, 13, 30, 0.082360, 22, '2026-02-16 07:18:26', '2026-02-16 07:18:26'),
(533, 3, 13, 32, 0.082360, 23, '2026-02-16 07:18:26', '2026-02-16 07:18:26'),
(534, 3, 13, 35, 0.082360, 24, '2026-02-16 07:18:26', '2026-02-16 07:18:26'),
(535, 3, 13, 41, 0.082360, 25, '2026-02-16 07:18:26', '2026-02-16 07:18:26'),
(536, 3, 13, 44, 0.082360, 26, '2026-02-16 07:18:26', '2026-02-16 07:18:26'),
(537, 3, 13, 45, 0.082360, 27, '2026-02-16 07:18:26', '2026-02-16 07:18:26'),
(538, 3, 13, 29, 0.071665, 28, '2026-02-16 07:18:26', '2026-02-16 07:18:26'),
(539, 3, 13, 14, 0.032994, 29, '2026-02-16 07:18:26', '2026-02-16 07:18:26'),
(540, 3, 13, 27, 0.032994, 30, '2026-02-16 07:18:26', '2026-02-16 07:18:26'),
(541, 3, 13, 39, 0.032994, 31, '2026-02-16 07:18:26', '2026-02-16 07:18:26'),
(542, 3, 13, 40, 0.032994, 32, '2026-02-16 07:18:26', '2026-02-16 07:18:26'),
(543, 3, 14, 31, 0.982220, 1, '2026-02-16 07:18:39', '2026-02-16 07:18:39'),
(544, 3, 14, 20, 0.895717, 2, '2026-02-16 07:18:39', '2026-02-16 07:18:39'),
(545, 3, 14, 15, 0.849733, 3, '2026-02-16 07:18:39', '2026-02-16 07:18:39'),
(546, 3, 14, 39, 0.838347, 4, '2026-02-16 07:18:39', '2026-02-16 07:18:39'),
(547, 3, 14, 24, 0.814174, 5, '2026-02-16 07:18:39', '2026-02-16 07:18:39'),
(548, 3, 14, 36, 0.812269, 6, '2026-02-16 07:18:39', '2026-02-16 07:18:39'),
(549, 3, 14, 27, 0.809596, 7, '2026-02-16 07:18:39', '2026-02-16 07:18:39'),
(550, 3, 14, 23, 0.777922, 8, '2026-02-16 07:18:39', '2026-02-16 07:18:39'),
(551, 3, 14, 19, 0.776709, 9, '2026-02-16 07:18:39', '2026-02-16 07:18:39'),
(552, 3, 14, 35, 0.751844, 10, '2026-02-16 07:18:39', '2026-02-16 07:18:39'),
(553, 3, 14, 30, 0.746053, 11, '2026-02-16 07:18:39', '2026-02-16 07:18:39'),
(554, 3, 14, 25, 0.721188, 12, '2026-02-16 07:18:39', '2026-02-16 07:18:39'),
(555, 3, 14, 28, 0.716284, 13, '2026-02-16 07:18:39', '2026-02-16 07:18:39'),
(556, 3, 14, 16, 0.685628, 14, '2026-02-16 07:18:39', '2026-02-16 07:18:39'),
(557, 3, 14, 22, 0.685628, 15, '2026-02-16 07:18:39', '2026-02-16 07:18:39'),
(558, 3, 14, 38, 0.655929, 16, '2026-02-16 07:18:39', '2026-02-16 07:18:39'),
(559, 3, 14, 14, 0.651024, 17, '2026-02-16 07:18:39', '2026-02-16 07:18:39'),
(560, 3, 14, 29, 0.651024, 18, '2026-02-16 07:18:39', '2026-02-16 07:18:39'),
(561, 3, 14, 26, 0.625204, 19, '2026-02-16 07:18:39', '2026-02-16 07:18:39'),
(562, 3, 14, 33, 0.620369, 20, '2026-02-16 07:18:39', '2026-02-16 07:18:39'),
(563, 3, 14, 42, 0.620369, 21, '2026-02-16 07:18:39', '2026-02-16 07:18:39'),
(564, 3, 14, 45, 0.606063, 22, '2026-02-16 07:18:39', '2026-02-16 07:18:39'),
(565, 3, 14, 34, 0.603703, 23, '2026-02-16 07:18:39', '2026-02-16 07:18:39'),
(566, 3, 14, 43, 0.595504, 24, '2026-02-16 07:18:39', '2026-02-16 07:18:39'),
(567, 3, 14, 37, 0.583636, 25, '2026-02-16 07:18:39', '2026-02-16 07:18:39'),
(568, 3, 14, 32, 0.578801, 26, '2026-02-16 07:18:39', '2026-02-16 07:18:39'),
(569, 3, 14, 40, 0.573047, 27, '2026-02-16 07:18:39', '2026-02-16 07:18:39'),
(570, 3, 14, 41, 0.567029, 28, '2026-02-16 07:18:39', '2026-02-16 07:18:39'),
(571, 3, 14, 18, 0.559944, 29, '2026-02-16 07:18:39', '2026-02-16 07:18:39'),
(572, 3, 14, 21, 0.552723, 30, '2026-02-16 07:18:39', '2026-02-16 07:18:39'),
(573, 3, 14, 44, 0.506604, 31, '2026-02-16 07:18:39', '2026-02-16 07:18:39'),
(574, 3, 14, 17, 0.499520, 32, '2026-02-16 07:18:39', '2026-02-16 07:18:39');

-- --------------------------------------------------------

--
-- Table structure for table `usability_answers`
--

CREATE TABLE `usability_answers` (
  `id` bigint UNSIGNED NOT NULL,
  `usability_response_id` bigint UNSIGNED NOT NULL,
  `usability_question_id` bigint UNSIGNED NOT NULL,
  `value` tinyint UNSIGNED NOT NULL COMMENT 'Likert scale 1–5',
  `created_at` timestamp NULL DEFAULT NULL,
  `updated_at` timestamp NULL DEFAULT NULL
) ENGINE=InnoDB DEFAULT CHARSET=utf8mb4 COLLATE=utf8mb4_unicode_ci;

--
-- Dumping data for table `usability_answers`
--

INSERT INTO `usability_answers` (`id`, `usability_response_id`, `usability_question_id`, `value`, `created_at`, `updated_at`) VALUES
(1, 1, 1, 4, '2026-02-18 02:09:45', '2026-02-18 02:09:45'),
(2, 1, 2, 2, '2026-02-18 02:09:45', '2026-02-18 02:09:45'),
(3, 1, 3, 5, '2026-02-18 02:09:45', '2026-02-18 02:09:45'),
(4, 1, 4, 1, '2026-02-18 02:09:45', '2026-02-18 02:09:45'),
(5, 1, 5, 4, '2026-02-18 02:09:45', '2026-02-18 02:09:45'),
(6, 1, 6, 2, '2026-02-18 02:09:45', '2026-02-18 02:09:45'),
(7, 1, 7, 4, '2026-02-18 02:09:45', '2026-02-18 02:09:45'),
(8, 1, 8, 2, '2026-02-18 02:09:45', '2026-02-18 02:09:45'),
(9, 1, 9, 4, '2026-02-18 02:09:45', '2026-02-18 02:09:45'),
(10, 1, 10, 2, '2026-02-18 02:09:45', '2026-02-18 02:09:45');

-- --------------------------------------------------------

--
-- Table structure for table `usability_instruments`
--

CREATE TABLE `usability_instruments` (
  `id` bigint UNSIGNED NOT NULL,
  `name` varchar(100) COLLATE utf8mb4_unicode_ci NOT NULL,
  `description` text COLLATE utf8mb4_unicode_ci,
  `is_active` tinyint(1) NOT NULL DEFAULT '1',
  `created_at` timestamp NULL DEFAULT NULL,
  `updated_at` timestamp NULL DEFAULT NULL
) ENGINE=InnoDB DEFAULT CHARSET=utf8mb4 COLLATE=utf8mb4_unicode_ci;

--
-- Dumping data for table `usability_instruments`
--

INSERT INTO `usability_instruments` (`id`, `name`, `description`, `is_active`, `created_at`, `updated_at`) VALUES
(1, 'System Usability Scale (SUS)', 'Instrumen standar untuk mengukur usability sistem.', 1, '2026-02-18 01:49:48', '2026-02-18 01:49:48');

-- --------------------------------------------------------

--
-- Table structure for table `usability_questions`
--

CREATE TABLE `usability_questions` (
  `id` bigint UNSIGNED NOT NULL,
  `usability_instrument_id` bigint UNSIGNED NOT NULL,
  `number` tinyint UNSIGNED NOT NULL,
  `question` text COLLATE utf8mb4_unicode_ci NOT NULL,
  `polarity` enum('positive','negative') COLLATE utf8mb4_unicode_ci NOT NULL,
  `is_active` tinyint(1) NOT NULL DEFAULT '1',
  `created_at` timestamp NULL DEFAULT NULL,
  `updated_at` timestamp NULL DEFAULT NULL
) ENGINE=InnoDB DEFAULT CHARSET=utf8mb4 COLLATE=utf8mb4_unicode_ci;

--
-- Dumping data for table `usability_questions`
--

INSERT INTO `usability_questions` (`id`, `usability_instrument_id`, `number`, `question`, `polarity`, `is_active`, `created_at`, `updated_at`) VALUES
(1, 1, 1, 'Saya ingin menggunakan sistem ini secara sering.', 'positive', 1, '2026-02-18 01:49:48', '2026-02-18 01:49:48'),
(2, 1, 2, 'Saya merasa sistem ini terlalu kompleks.', 'negative', 1, '2026-02-18 01:49:48', '2026-02-18 01:49:48'),
(3, 1, 3, 'Saya merasa sistem ini mudah digunakan.', 'positive', 1, '2026-02-18 01:49:48', '2026-02-18 01:49:48'),
(4, 1, 4, 'Saya membutuhkan bantuan teknis untuk dapat menggunakan sistem ini.', 'negative', 1, '2026-02-18 01:49:48', '2026-02-18 01:49:48'),
(5, 1, 5, 'Saya merasa berbagai fungsi dalam sistem ini terintegrasi dengan baik.', 'positive', 1, '2026-02-18 01:49:48', '2026-02-18 01:49:48'),
(6, 1, 6, 'Saya merasa terdapat terlalu banyak inkonsistensi dalam sistem ini.', 'negative', 1, '2026-02-18 01:49:48', '2026-02-18 01:49:48'),
(7, 1, 7, 'Saya merasa kebanyakan orang akan mudah mempelajari penggunaan sistem ini dengan cepat.', 'positive', 1, '2026-02-18 01:49:48', '2026-02-18 01:49:48'),
(8, 1, 8, 'Saya merasa sistem ini sangat merepotkan untuk digunakan.', 'negative', 1, '2026-02-18 01:49:48', '2026-02-18 01:49:48'),
(9, 1, 9, 'Saya merasa sangat percaya diri saat menggunakan sistem ini.', 'positive', 1, '2026-02-18 01:49:48', '2026-02-18 01:49:48'),
(10, 1, 10, 'Saya perlu mempelajari banyak hal sebelum dapat menggunakan sistem ini.', 'negative', 1, '2026-02-18 01:49:48', '2026-02-18 01:49:48');

-- --------------------------------------------------------

--
-- Table structure for table `usability_responses`
--

CREATE TABLE `usability_responses` (
  `id` bigint UNSIGNED NOT NULL,
  `usability_instrument_id` bigint UNSIGNED NOT NULL,
  `user_id` bigint UNSIGNED NOT NULL,
  `role` varchar(50) COLLATE utf8mb4_unicode_ci DEFAULT NULL,
  `decision_session_id` bigint UNSIGNED DEFAULT NULL,
  `total_score` decimal(5,2) DEFAULT NULL,
  `created_at` timestamp NULL DEFAULT NULL,
  `updated_at` timestamp NULL DEFAULT NULL
) ENGINE=InnoDB DEFAULT CHARSET=utf8mb4 COLLATE=utf8mb4_unicode_ci;

--
-- Dumping data for table `usability_responses`
--

INSERT INTO `usability_responses` (`id`, `usability_instrument_id`, `user_id`, `role`, `decision_session_id`, `total_score`, `created_at`, `updated_at`) VALUES
(1, 1, 9, 'dm', 2, 80.00, '2026-02-18 02:09:45', '2026-02-18 02:09:45');

-- --------------------------------------------------------

--
-- Table structure for table `users`
--

CREATE TABLE `users` (
  `id` bigint UNSIGNED NOT NULL,
  `name` varchar(255) CHARACTER SET utf8mb4 COLLATE utf8mb4_unicode_ci NOT NULL,
  `email` varchar(255) CHARACTER SET utf8mb4 COLLATE utf8mb4_unicode_ci NOT NULL,
  `email_verified_at` timestamp NULL DEFAULT NULL,
  `password` varchar(255) CHARACTER SET utf8mb4 COLLATE utf8mb4_unicode_ci NOT NULL,
  `remember_token` varchar(100) CHARACTER SET utf8mb4 COLLATE utf8mb4_unicode_ci DEFAULT NULL,
  `created_at` timestamp NULL DEFAULT NULL,
  `updated_at` timestamp NULL DEFAULT NULL
) ENGINE=InnoDB DEFAULT CHARSET=utf8mb4 COLLATE=utf8mb4_unicode_ci;

--
-- Dumping data for table `users`
--

INSERT INTO `users` (`id`, `name`, `email`, `email_verified_at`, `password`, `remember_token`, `created_at`, `updated_at`) VALUES
(1, 'Super Admin', 'superadmin@wonosarigk.id', NULL, '$2y$12$LjZSt79diNOmML6z7fW6e.IAUqIDYZMkiGbKO70agXjFaZX8xCIxm', NULL, '2026-02-12 01:43:33', '2026-02-12 01:43:33'),
(2, 'Admin Keputusan', 'admin@wonosarigk.id', NULL, '$2y$12$9LK98yBUOoTvwFEc352pHe6dNfB7ZM99.KaT5YFFZAFkwAPqzmGsm', '7h4Vfj4z1kmw9AjnCdtApNTwIwr2MxpkRMQdwQLmEcAn1mmoxlNzwcKgqKye', '2026-02-12 01:43:33', '2026-02-12 01:43:33'),
(3, 'Decision Maker', 'dm@wonosarigk.id', NULL, '$2y$12$NStoc26b/AAcxtCnK5ryl.YCKm4UlV2D7sSdxbnTUYnLbGdZ8Q5SG', NULL, '2026-02-12 12:46:47', '2026-02-12 12:46:47'),
(4, 'Dedi Mustajab', 'dedi@wonosarigk.id', NULL, '$2y$12$407xvo06FQjNg6XqTkYvYuEiMX3A2ZG4l6XKZi9pi878Y71V6w5JG', 'N20liaJfnngoodXQLaqfUvKhrVYb01NMLdqJcU2E4ZwOvDFzieUFsB3rH85J', '2026-02-12 14:53:58', '2026-02-12 14:53:58'),
(5, 'Windira Safitri', 'windira@wonosarigk.id', NULL, '$2y$12$3b.wmOO34rqbbj0gzraFuODiHTjWeQT2leiyWWMijFU5H48sgO2FO', NULL, '2026-02-12 14:54:17', '2026-02-12 14:54:17'),
(6, 'Tugino', 'tugino@wonosarigk.id', NULL, '$2y$12$601gCaq7fy9l8XZf5NCPKur6VPWXETXLdVleGJgmsSeFmE3nw9kAy', NULL, '2026-02-12 14:56:08', '2026-02-12 14:56:08'),
(7, 'Suindartini', 'suindartini@wonosarigk.id', NULL, '$2y$12$Gk9GrnYhEQH3WknHHRlLxOv6UJ1ZGzkLVCncQQghScA4BXHLMbPh6', NULL, '2026-02-12 14:56:27', '2026-02-12 14:56:27'),
(8, 'Suyatna', 'suyatna@wonosarigk.id', NULL, '$2y$12$Ho1ZtN2g67VzkGaDTSZyH.lsh6NkgCNEqzr4kxxdSVDnuk5RUS7fW', NULL, '2026-02-12 14:56:51', '2026-02-12 14:56:51'),
(9, 'Ubaidilah Aminuddin Thoyieb', 'ubaidilah@wonosarigk.id', NULL, '$2y$12$3yNfBg5iTtVu1ko.Bxpq6Oiyq5flyuX7MZcnIeusxasRh7rpm3pf.', NULL, '2026-02-12 14:57:08', '2026-02-12 14:57:08'),
(10, 'Ari Ismawan', 'ari@wonosarigk.id', NULL, '$2y$12$dE0TKFHHO5vBcbKdi0rXt.NFv4/TWf3kNTRrGPEYfuMJnb4kqIMlK', NULL, '2026-02-12 14:57:24', '2026-02-12 14:57:24'),
(11, 'Sularno', 'sularno@wonosarigk.id', NULL, '$2y$12$MDFij4JGsW7/XY/xptYnTO0VSqMWN3mEXZ1l9T.swc4uamFqbNska', NULL, '2026-02-12 14:58:00', '2026-02-12 14:58:00'),
(12, 'Saban Nurhuda', 'saban@wonosarigk.id', NULL, '$2y$12$orwHCrqQPcMBsiYo5.nAnu1nj79RZyx2t1mhIeCqG6MnQTrDKr8JG', NULL, '2026-02-12 14:58:21', '2026-02-12 14:58:21'),
(13, 'Wahyono', 'wahyono@wonosarigk.id', NULL, '$2y$12$.mWXmxneZow3SN4X24UrL.HMjWZmzGt1Pc6qhPVHunL6cFfKPd2fC', NULL, '2026-02-12 14:58:38', '2026-02-12 14:58:38'),
(14, 'Wijayadi', 'wijayadi@wonosarigk.id', NULL, '$2y$12$llfxCOQF2SEO02hgofr5S.G6rI4.07HZFltUaWoEze6AIGeoAjMi6', NULL, '2026-02-12 14:59:04', '2026-02-12 14:59:04');

--
-- Indexes for dumped tables
--

--
-- Indexes for table `alternatives`
--
ALTER TABLE `alternatives`
  ADD PRIMARY KEY (`id`),
  ADD UNIQUE KEY `alternatives_decision_session_id_code_unique` (`decision_session_id`,`code`);

--
-- Indexes for table `alternative_evaluations`
--
ALTER TABLE `alternative_evaluations`
  ADD PRIMARY KEY (`id`),
  ADD UNIQUE KEY `uniq_dm_alt_criteria_session` (`decision_session_id`,`dm_id`,`alternative_id`,`criteria_id`),
  ADD KEY `alternative_evaluations_dm_id_foreign` (`dm_id`),
  ADD KEY `alternative_evaluations_alternative_id_foreign` (`alternative_id`),
  ADD KEY `alternative_evaluations_criteria_id_foreign` (`criteria_id`);

--
-- Indexes for table `borda_results`
--
ALTER TABLE `borda_results`
  ADD PRIMARY KEY (`id`),
  ADD UNIQUE KEY `borda_results_decision_session_id_alternative_id_unique` (`decision_session_id`,`alternative_id`),
  ADD KEY `borda_results_alternative_id_foreign` (`alternative_id`);

--
-- Indexes for table `cache`
--
ALTER TABLE `cache`
  ADD PRIMARY KEY (`key`),
  ADD KEY `cache_expiration_index` (`expiration`);

--
-- Indexes for table `cache_locks`
--
ALTER TABLE `cache_locks`
  ADD PRIMARY KEY (`key`),
  ADD KEY `cache_locks_expiration_index` (`expiration`);

--
-- Indexes for table `criteria`
--
ALTER TABLE `criteria`
  ADD PRIMARY KEY (`id`),
  ADD KEY `criteria_decision_session_id_foreign` (`decision_session_id`);

--
-- Indexes for table `criteria_pairwise`
--
ALTER TABLE `criteria_pairwise`
  ADD PRIMARY KEY (`id`),
  ADD UNIQUE KEY `uq_pairwise_session_dm_criteria` (`decision_session_id`,`dm_id`,`criteria_id_1`,`criteria_id_2`),
  ADD KEY `criteria_pairwise_dm_id_foreign` (`dm_id`),
  ADD KEY `criteria_pairwise_criteria_id_1_foreign` (`criteria_id_1`),
  ADD KEY `criteria_pairwise_criteria_id_2_foreign` (`criteria_id_2`);

--
-- Indexes for table `criteria_scoring_parameters`
--
ALTER TABLE `criteria_scoring_parameters`
  ADD PRIMARY KEY (`id`),
  ADD UNIQUE KEY `uniq_scoring_rule_param` (`scoring_rule_id`,`param_key`);

--
-- Indexes for table `criteria_scoring_rules`
--
ALTER TABLE `criteria_scoring_rules`
  ADD PRIMARY KEY (`id`),
  ADD UNIQUE KEY `unique_criteria_rule` (`criteria_id`),
  ADD KEY `criteria_scoring_rules_decision_session_id_foreign` (`decision_session_id`);

--
-- Indexes for table `criteria_weights`
--
ALTER TABLE `criteria_weights`
  ADD PRIMARY KEY (`id`),
  ADD UNIQUE KEY `criteria_weights_decision_session_id_dm_id_unique` (`decision_session_id`,`dm_id`),
  ADD KEY `criteria_weights_dm_id_foreign` (`dm_id`);

--
-- Indexes for table `decision_sessions`
--
ALTER TABLE `decision_sessions`
  ADD PRIMARY KEY (`id`),
  ADD KEY `decision_sessions_created_by_foreign` (`created_by`);

--
-- Indexes for table `decision_session_criteria`
--
ALTER TABLE `decision_session_criteria`
  ADD PRIMARY KEY (`id`),
  ADD UNIQUE KEY `decision_session_criteria_decision_session_id_criteria_id_unique` (`decision_session_id`,`criteria_id`),
  ADD KEY `decision_session_criteria_criteria_id_foreign` (`criteria_id`);

--
-- Indexes for table `decision_session_dm`
--
ALTER TABLE `decision_session_dm`
  ADD PRIMARY KEY (`id`),
  ADD UNIQUE KEY `decision_session_dm_decision_session_id_user_id_unique` (`decision_session_id`,`user_id`),
  ADD KEY `decision_session_dm_user_id_foreign` (`user_id`);

--
-- Indexes for table `failed_jobs`
--
ALTER TABLE `failed_jobs`
  ADD PRIMARY KEY (`id`),
  ADD UNIQUE KEY `failed_jobs_uuid_unique` (`uuid`);

--
-- Indexes for table `jobs`
--
ALTER TABLE `jobs`
  ADD PRIMARY KEY (`id`),
  ADD KEY `jobs_queue_index` (`queue`);

--
-- Indexes for table `job_batches`
--
ALTER TABLE `job_batches`
  ADD PRIMARY KEY (`id`);

--
-- Indexes for table `migrations`
--
ALTER TABLE `migrations`
  ADD PRIMARY KEY (`id`);

--
-- Indexes for table `model_has_permissions`
--
ALTER TABLE `model_has_permissions`
  ADD PRIMARY KEY (`permission_id`,`model_id`,`model_type`),
  ADD KEY `model_has_permissions_model_id_model_type_index` (`model_id`,`model_type`);

--
-- Indexes for table `model_has_roles`
--
ALTER TABLE `model_has_roles`
  ADD PRIMARY KEY (`role_id`,`model_id`,`model_type`),
  ADD KEY `model_has_roles_model_id_model_type_index` (`model_id`,`model_type`);

--
-- Indexes for table `password_reset_tokens`
--
ALTER TABLE `password_reset_tokens`
  ADD PRIMARY KEY (`email`);

--
-- Indexes for table `permissions`
--
ALTER TABLE `permissions`
  ADD PRIMARY KEY (`id`),
  ADD UNIQUE KEY `permissions_name_guard_name_unique` (`name`,`guard_name`);

--
-- Indexes for table `roles`
--
ALTER TABLE `roles`
  ADD PRIMARY KEY (`id`),
  ADD UNIQUE KEY `roles_name_guard_name_unique` (`name`,`guard_name`);

--
-- Indexes for table `role_has_permissions`
--
ALTER TABLE `role_has_permissions`
  ADD PRIMARY KEY (`permission_id`,`role_id`),
  ADD KEY `role_has_permissions_role_id_foreign` (`role_id`);

--
-- Indexes for table `sessions`
--
ALTER TABLE `sessions`
  ADD PRIMARY KEY (`id`),
  ADD KEY `sessions_user_id_index` (`user_id`),
  ADD KEY `sessions_last_activity_index` (`last_activity`);

--
-- Indexes for table `smart_results_dm`
--
ALTER TABLE `smart_results_dm`
  ADD PRIMARY KEY (`id`),
  ADD UNIQUE KEY `smart_results_dm_decision_session_id_dm_id_alternative_id_unique` (`decision_session_id`,`dm_id`,`alternative_id`),
  ADD KEY `smart_results_dm_dm_id_foreign` (`dm_id`),
  ADD KEY `smart_results_dm_alternative_id_foreign` (`alternative_id`);

--
-- Indexes for table `usability_answers`
--
ALTER TABLE `usability_answers`
  ADD PRIMARY KEY (`id`),
  ADD UNIQUE KEY `uq_usability_answer_once` (`usability_response_id`,`usability_question_id`),
  ADD KEY `usability_answers_usability_question_id_index` (`usability_question_id`);

--
-- Indexes for table `usability_instruments`
--
ALTER TABLE `usability_instruments`
  ADD PRIMARY KEY (`id`);

--
-- Indexes for table `usability_questions`
--
ALTER TABLE `usability_questions`
  ADD PRIMARY KEY (`id`),
  ADD UNIQUE KEY `usability_questions_usability_instrument_id_number_unique` (`usability_instrument_id`,`number`);

--
-- Indexes for table `usability_responses`
--
ALTER TABLE `usability_responses`
  ADD PRIMARY KEY (`id`),
  ADD UNIQUE KEY `uq_usability_response_once` (`usability_instrument_id`,`user_id`,`decision_session_id`),
  ADD KEY `usability_responses_user_id_foreign` (`user_id`),
  ADD KEY `1` (`decision_session_id`),
  ADD KEY `usability_responses_role_index` (`role`);

--
-- Indexes for table `users`
--
ALTER TABLE `users`
  ADD PRIMARY KEY (`id`),
  ADD UNIQUE KEY `users_email_unique` (`email`);

--
-- AUTO_INCREMENT for dumped tables
--

--
-- AUTO_INCREMENT for table `alternatives`
--
ALTER TABLE `alternatives`
  MODIFY `id` bigint UNSIGNED NOT NULL AUTO_INCREMENT, AUTO_INCREMENT=46;

--
-- AUTO_INCREMENT for table `alternative_evaluations`
--
ALTER TABLE `alternative_evaluations`
  MODIFY `id` bigint UNSIGNED NOT NULL AUTO_INCREMENT, AUTO_INCREMENT=2038;

--
-- AUTO_INCREMENT for table `borda_results`
--
ALTER TABLE `borda_results`
  MODIFY `id` bigint UNSIGNED NOT NULL AUTO_INCREMENT, AUTO_INCREMENT=56;

--
-- AUTO_INCREMENT for table `criteria`
--
ALTER TABLE `criteria`
  MODIFY `id` bigint UNSIGNED NOT NULL AUTO_INCREMENT, AUTO_INCREMENT=15;

--
-- AUTO_INCREMENT for table `criteria_pairwise`
--
ALTER TABLE `criteria_pairwise`
  MODIFY `id` bigint UNSIGNED NOT NULL AUTO_INCREMENT, AUTO_INCREMENT=258;

--
-- AUTO_INCREMENT for table `criteria_scoring_parameters`
--
ALTER TABLE `criteria_scoring_parameters`
  MODIFY `id` bigint UNSIGNED NOT NULL AUTO_INCREMENT, AUTO_INCREMENT=82;

--
-- AUTO_INCREMENT for table `criteria_scoring_rules`
--
ALTER TABLE `criteria_scoring_rules`
  MODIFY `id` bigint UNSIGNED NOT NULL AUTO_INCREMENT, AUTO_INCREMENT=14;

--
-- AUTO_INCREMENT for table `criteria_weights`
--
ALTER TABLE `criteria_weights`
  MODIFY `id` bigint UNSIGNED NOT NULL AUTO_INCREMENT, AUTO_INCREMENT=23;

--
-- AUTO_INCREMENT for table `decision_sessions`
--
ALTER TABLE `decision_sessions`
  MODIFY `id` bigint UNSIGNED NOT NULL AUTO_INCREMENT, AUTO_INCREMENT=5;

--
-- AUTO_INCREMENT for table `decision_session_criteria`
--
ALTER TABLE `decision_session_criteria`
  MODIFY `id` bigint UNSIGNED NOT NULL AUTO_INCREMENT;

--
-- AUTO_INCREMENT for table `decision_session_dm`
--
ALTER TABLE `decision_session_dm`
  MODIFY `id` bigint UNSIGNED NOT NULL AUTO_INCREMENT, AUTO_INCREMENT=20;

--
-- AUTO_INCREMENT for table `failed_jobs`
--
ALTER TABLE `failed_jobs`
  MODIFY `id` bigint UNSIGNED NOT NULL AUTO_INCREMENT;

--
-- AUTO_INCREMENT for table `jobs`
--
ALTER TABLE `jobs`
  MODIFY `id` bigint UNSIGNED NOT NULL AUTO_INCREMENT;

--
-- AUTO_INCREMENT for table `migrations`
--
ALTER TABLE `migrations`
  MODIFY `id` int UNSIGNED NOT NULL AUTO_INCREMENT, AUTO_INCREMENT=31;

--
-- AUTO_INCREMENT for table `permissions`
--
ALTER TABLE `permissions`
  MODIFY `id` bigint UNSIGNED NOT NULL AUTO_INCREMENT, AUTO_INCREMENT=14;

--
-- AUTO_INCREMENT for table `roles`
--
ALTER TABLE `roles`
  MODIFY `id` bigint UNSIGNED NOT NULL AUTO_INCREMENT, AUTO_INCREMENT=4;

--
-- AUTO_INCREMENT for table `smart_results_dm`
--
ALTER TABLE `smart_results_dm`
  MODIFY `id` bigint UNSIGNED NOT NULL AUTO_INCREMENT, AUTO_INCREMENT=575;

--
-- AUTO_INCREMENT for table `usability_answers`
--
ALTER TABLE `usability_answers`
  MODIFY `id` bigint UNSIGNED NOT NULL AUTO_INCREMENT, AUTO_INCREMENT=11;

--
-- AUTO_INCREMENT for table `usability_instruments`
--
ALTER TABLE `usability_instruments`
  MODIFY `id` bigint UNSIGNED NOT NULL AUTO_INCREMENT, AUTO_INCREMENT=2;

--
-- AUTO_INCREMENT for table `usability_questions`
--
ALTER TABLE `usability_questions`
  MODIFY `id` bigint UNSIGNED NOT NULL AUTO_INCREMENT, AUTO_INCREMENT=11;

--
-- AUTO_INCREMENT for table `usability_responses`
--
ALTER TABLE `usability_responses`
  MODIFY `id` bigint UNSIGNED NOT NULL AUTO_INCREMENT, AUTO_INCREMENT=2;

--
-- AUTO_INCREMENT for table `users`
--
ALTER TABLE `users`
  MODIFY `id` bigint UNSIGNED NOT NULL AUTO_INCREMENT, AUTO_INCREMENT=15;

--
-- Constraints for dumped tables
--

--
-- Constraints for table `borda_results`
--
ALTER TABLE `borda_results`
  ADD CONSTRAINT `borda_results_alternative_id_foreign` FOREIGN KEY (`alternative_id`) REFERENCES `alternatives` (`id`) ON DELETE CASCADE,
  ADD CONSTRAINT `borda_results_decision_session_id_foreign` FOREIGN KEY (`decision_session_id`) REFERENCES `decision_sessions` (`id`) ON DELETE CASCADE;

--
-- Constraints for table `smart_results_dm`
--
ALTER TABLE `smart_results_dm`
  ADD CONSTRAINT `smart_results_dm_alternative_id_foreign` FOREIGN KEY (`alternative_id`) REFERENCES `alternatives` (`id`) ON DELETE CASCADE,
  ADD CONSTRAINT `smart_results_dm_decision_session_id_foreign` FOREIGN KEY (`decision_session_id`) REFERENCES `decision_sessions` (`id`) ON DELETE CASCADE,
  ADD CONSTRAINT `smart_results_dm_dm_id_foreign` FOREIGN KEY (`dm_id`) REFERENCES `users` (`id`) ON DELETE CASCADE;

--
-- Constraints for table `usability_answers`
--
ALTER TABLE `usability_answers`
  ADD CONSTRAINT `fk_usability_answers_question` FOREIGN KEY (`usability_question_id`) REFERENCES `usability_questions` (`id`) ON DELETE CASCADE,
  ADD CONSTRAINT `fk_usability_answers_response` FOREIGN KEY (`usability_response_id`) REFERENCES `usability_responses` (`id`) ON DELETE CASCADE;

--
-- Constraints for table `usability_questions`
--
ALTER TABLE `usability_questions`
  ADD CONSTRAINT `usability_questions_usability_instrument_id_foreign` FOREIGN KEY (`usability_instrument_id`) REFERENCES `usability_instruments` (`id`) ON DELETE CASCADE;

--
-- Constraints for table `usability_responses`
--
ALTER TABLE `usability_responses`
  ADD CONSTRAINT `1` FOREIGN KEY (`decision_session_id`) REFERENCES `decision_sessions` (`id`) ON DELETE SET NULL,
  ADD CONSTRAINT `usability_responses_usability_instrument_id_foreign` FOREIGN KEY (`usability_instrument_id`) REFERENCES `usability_instruments` (`id`) ON DELETE CASCADE,
  ADD CONSTRAINT `usability_responses_user_id_foreign` FOREIGN KEY (`user_id`) REFERENCES `users` (`id`) ON DELETE CASCADE;
COMMIT;

/*!40101 SET CHARACTER_SET_CLIENT=@OLD_CHARACTER_SET_CLIENT */;
/*!40101 SET CHARACTER_SET_RESULTS=@OLD_CHARACTER_SET_RESULTS */;
/*!40101 SET COLLATION_CONNECTION=@OLD_COLLATION_CONNECTION */;
