-- phpMyAdmin SQL Dump
-- version 5.2.3
-- https://www.phpmyadmin.net/
--
-- Host: mysql
-- Generation Time: Feb 15, 2026 at 04:36 PM
-- Server version: 8.0.45
-- PHP Version: 8.3.26

SET SQL_MODE = "NO_AUTO_VALUE_ON_ZERO";
START TRANSACTION;
SET time_zone = "+00:00";


/*!40101 SET @OLD_CHARACTER_SET_CLIENT=@@CHARACTER_SET_CLIENT */;
/*!40101 SET @OLD_CHARACTER_SET_RESULTS=@@CHARACTER_SET_RESULTS */;
/*!40101 SET @OLD_COLLATION_CONNECTION=@@COLLATION_CONNECTION */;
/*!40101 SET NAMES utf8mb4 */;

--
-- Database: `rembugdesa`
--

-- --------------------------------------------------------

--
-- Table structure for table `alternatives`
--

CREATE TABLE `alternatives` (
  `id` bigint UNSIGNED NOT NULL,
  `decision_session_id` bigint UNSIGNED NOT NULL,
  `code` varchar(10) CHARACTER SET utf8mb4 COLLATE utf8mb4_unicode_ci NOT NULL,
  `name` varchar(255) CHARACTER SET utf8mb4 COLLATE utf8mb4_unicode_ci NOT NULL,
  `order` int UNSIGNED NOT NULL DEFAULT '0',
  `is_active` tinyint(1) NOT NULL DEFAULT '1',
  `deleted_at` timestamp NULL DEFAULT NULL,
  `created_at` timestamp NULL DEFAULT NULL,
  `updated_at` timestamp NULL DEFAULT NULL
) ENGINE=InnoDB DEFAULT CHARSET=utf8mb4 COLLATE=utf8mb4_unicode_ci;

--
-- Dumping data for table `alternatives`
--

INSERT INTO `alternatives` (`id`, `decision_session_id`, `code`, `name`, `order`, `is_active`, `deleted_at`, `created_at`, `updated_at`) VALUES
(1, 1, 'A1', 'Peningkatan jalan lingkungan dan akses lokal permukiman', 1, 1, NULL, '2026-02-12 15:03:57', '2026-02-12 15:03:57'),
(2, 1, 'A2', 'Penguatan manajemen usaha dan permodalan ekonomi desa', 2, 1, NULL, '2026-02-12 15:04:03', '2026-02-12 15:04:03'),
(3, 1, 'A3', 'Normalisasi dan rehabilitasi saluran drainase eksisting', 3, 1, NULL, '2026-02-12 15:04:07', '2026-02-12 15:04:07'),
(4, 1, 'A4', 'Peningkatan layanan kesehatan dasar desa', 4, 1, NULL, '2026-02-12 15:04:32', '2026-02-12 15:04:32'),
(5, 1, 'A5', 'Penguatan administrasi dan layanan pemerintahan desa', 5, 1, NULL, '2026-02-12 15:04:36', '2026-02-12 15:04:36'),
(6, 1, 'A6', 'Pengelolaan sampah dan kebersihan lingkungan', 6, 1, NULL, '2026-02-12 15:04:40', '2026-02-12 15:04:40'),
(7, 1, 'A7', 'Pelatihan keterampilan kerja masyarakat', 7, 1, NULL, '2026-02-12 15:04:45', '2026-02-12 15:04:45'),
(8, 1, 'A8', 'Penyediaan dan pengelolaan layanan pemakaman desa', 8, 1, NULL, '2026-02-12 15:04:51', '2026-02-12 15:04:51'),
(9, 1, 'A9', 'Peningkatan keamanan lingkungan berbasis warga', 9, 1, NULL, '2026-02-12 15:04:55', '2026-02-12 15:04:55'),
(10, 1, 'A10', 'Revitalisasi dan pembangunan bangunan publik desa', 10, 1, NULL, '2026-02-12 15:04:59', '2026-02-12 15:04:59'),
(11, 2, 'A1', 'Suto', 1, 1, NULL, '2026-02-15 13:18:20', '2026-02-15 13:18:20'),
(12, 2, 'A2', 'Noyo', 2, 1, NULL, '2026-02-15 13:18:25', '2026-02-15 13:18:25'),
(13, 2, 'A3', 'gengong', 3, 1, NULL, '2026-02-15 13:18:28', '2026-02-15 13:18:28');

-- --------------------------------------------------------

--
-- Table structure for table `alternative_evaluations`
--

CREATE TABLE `alternative_evaluations` (
  `id` bigint UNSIGNED NOT NULL,
  `decision_session_id` bigint UNSIGNED NOT NULL,
  `dm_id` bigint UNSIGNED NOT NULL,
  `alternative_id` bigint UNSIGNED NOT NULL,
  `criteria_id` bigint UNSIGNED NOT NULL,
  `raw_value` decimal(15,5) NOT NULL,
  `utility_value` decimal(8,6) NOT NULL,
  `created_at` timestamp NULL DEFAULT NULL,
  `updated_at` timestamp NULL DEFAULT NULL
) ENGINE=InnoDB DEFAULT CHARSET=utf8mb4 COLLATE=utf8mb4_unicode_ci;

--
-- Dumping data for table `alternative_evaluations`
--

INSERT INTO `alternative_evaluations` (`id`, `decision_session_id`, `dm_id`, `alternative_id`, `criteria_id`, `raw_value`, `utility_value`, `created_at`, `updated_at`) VALUES
(1, 1, 4, 1, 1, 4.00000, 0.900000, '2026-02-13 16:09:25', '2026-02-15 15:51:43'),
(2, 1, 4, 1, 2, 4.00000, 0.750000, '2026-02-13 16:09:25', '2026-02-15 15:51:43'),
(3, 1, 4, 1, 3, 4.00000, 0.550000, '2026-02-13 16:09:25', '2026-02-15 15:51:43'),
(4, 1, 4, 1, 4, 2.00000, 0.100000, '2026-02-13 16:09:26', '2026-02-15 15:51:43'),
(5, 1, 4, 1, 5, 3.00000, 0.700000, '2026-02-13 16:09:26', '2026-02-15 15:51:43'),
(6, 1, 4, 2, 1, 3.00000, 0.700000, '2026-02-13 16:09:26', '2026-02-15 15:51:43'),
(7, 1, 4, 2, 2, 3.00000, 0.500000, '2026-02-13 16:09:26', '2026-02-15 15:51:43'),
(8, 1, 4, 2, 3, 5.00000, 1.000000, '2026-02-13 16:09:26', '2026-02-15 15:51:43'),
(9, 1, 4, 2, 4, 4.00000, 0.550000, '2026-02-13 16:09:26', '2026-02-15 15:51:43'),
(10, 1, 4, 2, 5, 2.00000, 0.400000, '2026-02-13 16:09:26', '2026-02-15 15:51:43'),
(11, 1, 4, 3, 1, 5.00000, 1.000000, '2026-02-13 16:09:26', '2026-02-15 15:51:43'),
(12, 1, 4, 3, 2, 5.00000, 1.000000, '2026-02-13 16:09:26', '2026-02-15 15:51:43'),
(13, 1, 4, 3, 3, 3.00000, 0.250000, '2026-02-13 16:09:26', '2026-02-15 15:51:43'),
(14, 1, 4, 3, 4, 3.00000, 0.250000, '2026-02-13 16:09:26', '2026-02-15 15:51:43'),
(15, 1, 4, 3, 5, 4.00000, 0.900000, '2026-02-13 16:09:26', '2026-02-15 15:51:43'),
(16, 1, 4, 4, 1, 5.00000, 1.000000, '2026-02-13 16:09:26', '2026-02-15 15:51:43'),
(17, 1, 4, 4, 2, 2.00000, 0.250000, '2026-02-13 16:09:26', '2026-02-15 15:51:43'),
(18, 1, 4, 4, 3, 4.00000, 0.550000, '2026-02-13 16:09:26', '2026-02-15 15:51:43'),
(19, 1, 4, 4, 4, 3.00000, 0.250000, '2026-02-13 16:09:26', '2026-02-15 15:51:43'),
(20, 1, 4, 4, 5, 5.00000, 1.000000, '2026-02-13 16:09:26', '2026-02-15 15:51:43'),
(21, 1, 4, 5, 1, 2.00000, 0.400000, '2026-02-13 16:09:26', '2026-02-15 15:51:43'),
(22, 1, 4, 5, 2, 2.00000, 0.250000, '2026-02-13 16:09:26', '2026-02-15 15:51:43'),
(23, 1, 4, 5, 3, 3.00000, 0.250000, '2026-02-13 16:09:26', '2026-02-15 15:51:43'),
(24, 1, 4, 5, 4, 2.00000, 0.100000, '2026-02-13 16:09:26', '2026-02-15 15:51:43'),
(25, 1, 4, 5, 5, 3.00000, 0.700000, '2026-02-13 16:09:26', '2026-02-15 15:51:43'),
(26, 1, 4, 6, 1, 4.00000, 0.900000, '2026-02-13 16:09:26', '2026-02-15 15:51:43'),
(27, 1, 4, 6, 2, 3.00000, 0.500000, '2026-02-13 16:09:26', '2026-02-15 15:51:43'),
(28, 1, 4, 6, 3, 2.00000, 0.100000, '2026-02-13 16:09:26', '2026-02-15 15:51:43'),
(29, 1, 4, 6, 4, 5.00000, 1.000000, '2026-02-13 16:09:26', '2026-02-15 15:51:43'),
(30, 1, 4, 6, 5, 2.00000, 0.400000, '2026-02-13 16:09:26', '2026-02-15 15:51:43'),
(31, 1, 4, 7, 1, 3.00000, 0.700000, '2026-02-13 16:09:26', '2026-02-15 15:51:43'),
(32, 1, 4, 7, 2, 2.00000, 0.250000, '2026-02-13 16:09:26', '2026-02-15 15:51:43'),
(33, 1, 4, 7, 3, 2.00000, 0.100000, '2026-02-13 16:09:26', '2026-02-15 15:51:43'),
(34, 1, 4, 7, 4, 5.00000, 1.000000, '2026-02-13 16:09:26', '2026-02-15 15:51:43'),
(35, 1, 4, 7, 5, 2.00000, 0.400000, '2026-02-13 16:09:26', '2026-02-15 15:51:43'),
(36, 1, 4, 8, 1, 4.00000, 0.900000, '2026-02-13 16:09:26', '2026-02-15 15:51:43'),
(37, 1, 4, 8, 2, 4.00000, 0.750000, '2026-02-13 16:09:26', '2026-02-15 15:51:43'),
(38, 1, 4, 8, 3, 3.00000, 0.250000, '2026-02-13 16:09:26', '2026-02-15 15:51:43'),
(39, 1, 4, 8, 4, 2.00000, 0.100000, '2026-02-13 16:09:26', '2026-02-15 15:51:43'),
(40, 1, 4, 8, 5, 5.00000, 1.000000, '2026-02-13 16:09:26', '2026-02-15 15:51:43'),
(41, 1, 4, 9, 1, 4.00000, 0.900000, '2026-02-13 16:09:26', '2026-02-15 15:51:43'),
(42, 1, 4, 9, 2, 2.00000, 0.250000, '2026-02-13 16:09:26', '2026-02-15 15:51:43'),
(43, 1, 4, 9, 3, 2.00000, 0.100000, '2026-02-13 16:09:26', '2026-02-15 15:51:43'),
(44, 1, 4, 9, 4, 3.00000, 0.250000, '2026-02-13 16:09:26', '2026-02-15 15:51:43'),
(45, 1, 4, 9, 5, 5.00000, 1.000000, '2026-02-13 16:09:26', '2026-02-15 15:51:43'),
(46, 1, 4, 10, 1, 2.00000, 0.400000, '2026-02-13 16:09:26', '2026-02-15 15:51:43'),
(47, 1, 4, 10, 2, 3.00000, 0.500000, '2026-02-13 16:09:26', '2026-02-15 15:51:43'),
(48, 1, 4, 10, 3, 2.00000, 0.100000, '2026-02-13 16:09:26', '2026-02-15 15:51:43'),
(49, 1, 4, 10, 4, 2.00000, 0.100000, '2026-02-13 16:09:26', '2026-02-15 15:51:43'),
(50, 1, 4, 10, 5, 2.00000, 0.400000, '2026-02-13 16:09:26', '2026-02-15 15:51:43'),
(51, 1, 5, 1, 1, 2.00000, 0.400000, '2026-02-14 05:47:49', '2026-02-15 15:51:54'),
(52, 1, 5, 1, 2, 5.00000, 1.000000, '2026-02-14 05:47:49', '2026-02-15 15:51:54'),
(53, 1, 5, 1, 3, 4.00000, 0.550000, '2026-02-14 05:47:49', '2026-02-15 15:51:54'),
(54, 1, 5, 1, 4, 2.00000, 0.100000, '2026-02-14 05:47:49', '2026-02-15 15:51:54'),
(55, 1, 5, 1, 5, 3.00000, 0.700000, '2026-02-14 05:47:49', '2026-02-15 15:51:54'),
(56, 1, 5, 2, 1, 1.00000, 0.000000, '2026-02-14 05:47:49', '2026-02-15 15:51:54'),
(57, 1, 5, 2, 2, 1.00000, 0.000000, '2026-02-14 05:47:49', '2026-02-15 15:51:54'),
(58, 1, 5, 2, 3, 5.00000, 1.000000, '2026-02-14 05:47:49', '2026-02-15 15:51:54'),
(59, 1, 5, 2, 4, 4.00000, 0.550000, '2026-02-14 05:47:49', '2026-02-15 15:51:54'),
(60, 1, 5, 2, 5, 1.00000, 0.000000, '2026-02-14 05:47:49', '2026-02-15 15:51:54'),
(61, 1, 5, 3, 1, 3.00000, 0.700000, '2026-02-14 05:47:49', '2026-02-15 15:51:54'),
(62, 1, 5, 3, 2, 4.00000, 0.750000, '2026-02-14 05:47:49', '2026-02-15 15:51:54'),
(63, 1, 5, 3, 3, 2.00000, 0.100000, '2026-02-14 05:47:49', '2026-02-15 15:51:54'),
(64, 1, 5, 3, 4, 2.00000, 0.100000, '2026-02-14 05:47:49', '2026-02-15 15:51:54'),
(65, 1, 5, 3, 5, 2.00000, 0.400000, '2026-02-14 05:47:49', '2026-02-15 15:51:54'),
(66, 1, 5, 4, 1, 5.00000, 1.000000, '2026-02-14 05:47:49', '2026-02-15 15:51:54'),
(67, 1, 5, 4, 2, 1.00000, 0.000000, '2026-02-14 05:47:49', '2026-02-15 15:51:54'),
(68, 1, 5, 4, 3, 5.00000, 1.000000, '2026-02-14 05:47:49', '2026-02-15 15:51:54'),
(69, 1, 5, 4, 4, 2.00000, 0.100000, '2026-02-14 05:47:49', '2026-02-15 15:51:54'),
(70, 1, 5, 4, 5, 2.00000, 0.400000, '2026-02-14 05:47:49', '2026-02-15 15:51:54'),
(71, 1, 5, 5, 1, 2.00000, 0.400000, '2026-02-14 05:47:49', '2026-02-15 15:51:54'),
(72, 1, 5, 5, 2, 1.00000, 0.000000, '2026-02-14 05:47:49', '2026-02-15 15:51:54'),
(73, 1, 5, 5, 3, 3.00000, 0.250000, '2026-02-14 05:47:49', '2026-02-15 15:51:54'),
(74, 1, 5, 5, 4, 4.00000, 0.550000, '2026-02-14 05:47:49', '2026-02-15 15:51:54'),
(75, 1, 5, 5, 5, 2.00000, 0.400000, '2026-02-14 05:47:49', '2026-02-15 15:51:54'),
(76, 1, 5, 6, 1, 4.00000, 0.900000, '2026-02-14 05:47:49', '2026-02-15 15:51:54'),
(77, 1, 5, 6, 2, 2.00000, 0.250000, '2026-02-14 05:47:49', '2026-02-15 15:51:54'),
(78, 1, 5, 6, 3, 4.00000, 0.550000, '2026-02-14 05:47:49', '2026-02-15 15:51:54'),
(79, 1, 5, 6, 4, 4.00000, 0.550000, '2026-02-14 05:47:49', '2026-02-15 15:51:54'),
(80, 1, 5, 6, 5, 4.00000, 0.900000, '2026-02-14 05:47:49', '2026-02-15 15:51:54'),
(81, 1, 5, 7, 1, 3.00000, 0.700000, '2026-02-14 05:47:49', '2026-02-15 15:51:54'),
(82, 1, 5, 7, 2, 2.00000, 0.250000, '2026-02-14 05:47:49', '2026-02-15 15:51:54'),
(83, 1, 5, 7, 3, 5.00000, 1.000000, '2026-02-14 05:47:49', '2026-02-15 15:51:54'),
(84, 1, 5, 7, 4, 4.00000, 0.550000, '2026-02-14 05:47:49', '2026-02-15 15:51:54'),
(85, 1, 5, 7, 5, 2.00000, 0.400000, '2026-02-14 05:47:49', '2026-02-15 15:51:54'),
(86, 1, 5, 8, 1, 3.00000, 0.700000, '2026-02-14 05:47:49', '2026-02-15 15:51:54'),
(87, 1, 5, 8, 2, 3.00000, 0.500000, '2026-02-14 05:47:49', '2026-02-15 15:51:54'),
(88, 1, 5, 8, 3, 1.00000, 0.000000, '2026-02-14 05:47:49', '2026-02-15 15:51:54'),
(89, 1, 5, 8, 4, 2.00000, 0.100000, '2026-02-14 05:47:49', '2026-02-15 15:51:54'),
(90, 1, 5, 8, 5, 2.00000, 0.400000, '2026-02-14 05:47:49', '2026-02-15 15:51:54'),
(91, 1, 5, 9, 1, 3.00000, 0.700000, '2026-02-14 05:47:49', '2026-02-15 15:51:54'),
(92, 1, 5, 9, 2, 2.00000, 0.250000, '2026-02-14 05:47:49', '2026-02-15 15:51:54'),
(93, 1, 5, 9, 3, 2.00000, 0.100000, '2026-02-14 05:47:49', '2026-02-15 15:51:54'),
(94, 1, 5, 9, 4, 2.00000, 0.100000, '2026-02-14 05:47:49', '2026-02-15 15:51:54'),
(95, 1, 5, 9, 5, 5.00000, 1.000000, '2026-02-14 05:47:49', '2026-02-15 15:51:55'),
(96, 1, 5, 10, 1, 1.00000, 0.000000, '2026-02-14 05:47:49', '2026-02-15 15:51:55'),
(97, 1, 5, 10, 2, 3.00000, 0.500000, '2026-02-14 05:47:49', '2026-02-15 15:51:55'),
(98, 1, 5, 10, 3, 1.00000, 0.000000, '2026-02-14 05:47:49', '2026-02-15 15:51:55'),
(99, 1, 5, 10, 4, 4.00000, 0.550000, '2026-02-14 05:47:49', '2026-02-15 15:51:55'),
(100, 1, 5, 10, 5, 3.00000, 0.700000, '2026-02-14 05:47:49', '2026-02-15 15:51:55'),
(101, 1, 7, 1, 1, 4.00000, 0.900000, '2026-02-14 10:30:21', '2026-02-15 15:52:08'),
(102, 1, 7, 1, 2, 5.00000, 1.000000, '2026-02-14 10:30:21', '2026-02-15 15:52:08'),
(103, 1, 7, 1, 3, 3.00000, 0.250000, '2026-02-14 10:30:21', '2026-02-15 15:52:08'),
(104, 1, 7, 1, 4, 2.00000, 0.100000, '2026-02-14 10:30:21', '2026-02-15 15:52:08'),
(105, 1, 7, 1, 5, 4.00000, 0.900000, '2026-02-14 10:30:21', '2026-02-15 15:52:08'),
(106, 1, 7, 2, 1, 3.00000, 0.700000, '2026-02-14 10:30:21', '2026-02-15 15:52:08'),
(107, 1, 7, 2, 2, 2.00000, 0.250000, '2026-02-14 10:30:21', '2026-02-15 15:52:08'),
(108, 1, 7, 2, 3, 5.00000, 1.000000, '2026-02-14 10:30:21', '2026-02-15 15:52:08'),
(109, 1, 7, 2, 4, 4.00000, 0.550000, '2026-02-14 10:30:21', '2026-02-15 15:52:08'),
(110, 1, 7, 2, 5, 2.00000, 0.400000, '2026-02-14 10:30:21', '2026-02-15 15:52:08'),
(111, 1, 7, 3, 1, 3.00000, 0.700000, '2026-02-14 10:30:21', '2026-02-15 15:52:08'),
(112, 1, 7, 3, 2, 5.00000, 1.000000, '2026-02-14 10:30:21', '2026-02-15 15:52:08'),
(113, 1, 7, 3, 3, 2.00000, 0.100000, '2026-02-14 10:30:21', '2026-02-15 15:52:08'),
(114, 1, 7, 3, 4, 2.00000, 0.100000, '2026-02-14 10:30:21', '2026-02-15 15:52:08'),
(115, 1, 7, 3, 5, 3.00000, 0.700000, '2026-02-14 10:30:21', '2026-02-15 15:52:08'),
(116, 1, 7, 4, 1, 5.00000, 1.000000, '2026-02-14 10:30:21', '2026-02-15 15:52:08'),
(117, 1, 7, 4, 2, 3.00000, 0.500000, '2026-02-14 10:30:21', '2026-02-15 15:52:08'),
(118, 1, 7, 4, 3, 4.00000, 0.550000, '2026-02-14 10:30:21', '2026-02-15 15:52:08'),
(119, 1, 7, 4, 4, 3.00000, 0.250000, '2026-02-14 10:30:21', '2026-02-15 15:52:08'),
(120, 1, 7, 4, 5, 3.00000, 0.700000, '2026-02-14 10:30:21', '2026-02-15 15:52:08'),
(121, 1, 7, 5, 1, 4.00000, 0.900000, '2026-02-14 10:30:21', '2026-02-15 15:52:08'),
(122, 1, 7, 5, 2, 2.00000, 0.250000, '2026-02-14 10:30:21', '2026-02-15 15:52:08'),
(123, 1, 7, 5, 3, 4.00000, 0.550000, '2026-02-14 10:30:21', '2026-02-15 15:52:08'),
(124, 1, 7, 5, 4, 3.00000, 0.250000, '2026-02-14 10:30:21', '2026-02-15 15:52:08'),
(125, 1, 7, 5, 5, 2.00000, 0.400000, '2026-02-14 10:30:21', '2026-02-15 15:52:08'),
(126, 1, 7, 6, 1, 5.00000, 1.000000, '2026-02-14 10:30:21', '2026-02-15 15:52:08'),
(127, 1, 7, 6, 2, 3.00000, 0.500000, '2026-02-14 10:30:21', '2026-02-15 15:52:08'),
(128, 1, 7, 6, 3, 3.00000, 0.250000, '2026-02-14 10:30:21', '2026-02-15 15:52:08'),
(129, 1, 7, 6, 4, 3.00000, 0.250000, '2026-02-14 10:30:21', '2026-02-15 15:52:08'),
(130, 1, 7, 6, 5, 2.00000, 0.400000, '2026-02-14 10:30:21', '2026-02-15 15:52:08'),
(131, 1, 7, 7, 1, 4.00000, 0.900000, '2026-02-14 10:30:21', '2026-02-15 15:52:08'),
(132, 1, 7, 7, 2, 1.00000, 0.000000, '2026-02-14 10:30:21', '2026-02-15 15:52:08'),
(133, 1, 7, 7, 3, 5.00000, 1.000000, '2026-02-14 10:30:21', '2026-02-15 15:52:08'),
(134, 1, 7, 7, 4, 5.00000, 1.000000, '2026-02-14 10:30:21', '2026-02-15 15:52:08'),
(135, 1, 7, 7, 5, 2.00000, 0.400000, '2026-02-14 10:30:21', '2026-02-15 15:52:08'),
(136, 1, 7, 8, 1, 3.00000, 0.700000, '2026-02-14 10:30:21', '2026-02-15 15:52:08'),
(137, 1, 7, 8, 2, 3.00000, 0.500000, '2026-02-14 10:30:21', '2026-02-15 15:52:08'),
(138, 1, 7, 8, 3, 2.00000, 0.100000, '2026-02-14 10:30:21', '2026-02-15 15:52:08'),
(139, 1, 7, 8, 4, 1.00000, 0.000000, '2026-02-14 10:30:21', '2026-02-15 15:52:08'),
(140, 1, 7, 8, 5, 3.00000, 0.700000, '2026-02-14 10:30:21', '2026-02-15 15:52:08'),
(141, 1, 7, 9, 1, 4.00000, 0.900000, '2026-02-14 10:30:21', '2026-02-15 15:52:08'),
(142, 1, 7, 9, 2, 2.00000, 0.250000, '2026-02-14 10:30:21', '2026-02-15 15:52:08'),
(143, 1, 7, 9, 3, 4.00000, 0.550000, '2026-02-14 10:30:21', '2026-02-15 15:52:08'),
(144, 1, 7, 9, 4, 3.00000, 0.250000, '2026-02-14 10:30:21', '2026-02-15 15:52:08'),
(145, 1, 7, 9, 5, 5.00000, 1.000000, '2026-02-14 10:30:21', '2026-02-15 15:52:08'),
(146, 1, 7, 10, 1, 2.00000, 0.400000, '2026-02-14 10:30:21', '2026-02-15 15:52:08'),
(147, 1, 7, 10, 2, 3.00000, 0.500000, '2026-02-14 10:30:21', '2026-02-15 15:52:08'),
(148, 1, 7, 10, 3, 3.00000, 0.250000, '2026-02-14 10:30:21', '2026-02-15 15:52:08'),
(149, 1, 7, 10, 4, 2.00000, 0.100000, '2026-02-14 10:30:21', '2026-02-15 15:52:08'),
(150, 1, 7, 10, 5, 2.00000, 0.400000, '2026-02-14 10:30:21', '2026-02-15 15:52:08'),
(151, 1, 8, 1, 1, 4.00000, 0.900000, '2026-02-14 10:34:11', '2026-02-15 15:52:38'),
(152, 1, 8, 1, 2, 5.00000, 1.000000, '2026-02-14 10:34:11', '2026-02-15 15:52:38'),
(153, 1, 8, 1, 3, 3.00000, 0.250000, '2026-02-14 10:34:11', '2026-02-15 15:52:38'),
(154, 1, 8, 1, 4, 2.00000, 0.100000, '2026-02-14 10:34:11', '2026-02-15 15:52:38'),
(155, 1, 8, 1, 5, 4.00000, 0.900000, '2026-02-14 10:34:11', '2026-02-15 15:52:38'),
(156, 1, 8, 2, 1, 4.00000, 0.900000, '2026-02-14 10:34:11', '2026-02-15 15:52:38'),
(157, 1, 8, 2, 2, 3.00000, 0.500000, '2026-02-14 10:34:11', '2026-02-15 15:52:38'),
(158, 1, 8, 2, 3, 5.00000, 1.000000, '2026-02-14 10:34:11', '2026-02-15 15:52:38'),
(159, 1, 8, 2, 4, 4.00000, 0.550000, '2026-02-14 10:34:12', '2026-02-15 15:52:38'),
(160, 1, 8, 2, 5, 2.00000, 0.400000, '2026-02-14 10:34:12', '2026-02-15 15:52:38'),
(161, 1, 8, 3, 1, 3.00000, 0.700000, '2026-02-14 10:34:12', '2026-02-15 15:52:38'),
(162, 1, 8, 3, 2, 5.00000, 1.000000, '2026-02-14 10:34:12', '2026-02-15 15:52:38'),
(163, 1, 8, 3, 3, 2.00000, 0.100000, '2026-02-14 10:34:12', '2026-02-15 15:52:38'),
(164, 1, 8, 3, 4, 3.00000, 0.250000, '2026-02-14 10:34:12', '2026-02-15 15:52:38'),
(165, 1, 8, 3, 5, 3.00000, 0.700000, '2026-02-14 10:34:12', '2026-02-15 15:52:38'),
(166, 1, 8, 4, 1, 5.00000, 1.000000, '2026-02-14 10:34:12', '2026-02-15 15:52:38'),
(167, 1, 8, 4, 2, 2.00000, 0.250000, '2026-02-14 10:34:12', '2026-02-15 15:52:38'),
(168, 1, 8, 4, 3, 4.00000, 0.550000, '2026-02-14 10:34:12', '2026-02-15 15:52:38'),
(169, 1, 8, 4, 4, 3.00000, 0.250000, '2026-02-14 10:34:12', '2026-02-15 15:52:38'),
(170, 1, 8, 4, 5, 4.00000, 0.900000, '2026-02-14 10:34:12', '2026-02-15 15:52:38'),
(171, 1, 8, 5, 1, 4.00000, 0.900000, '2026-02-14 10:34:12', '2026-02-15 15:52:38'),
(172, 1, 8, 5, 2, 1.00000, 0.000000, '2026-02-14 10:34:12', '2026-02-15 15:52:38'),
(173, 1, 8, 5, 3, 4.00000, 0.550000, '2026-02-14 10:34:12', '2026-02-15 15:52:38'),
(174, 1, 8, 5, 4, 4.00000, 0.550000, '2026-02-14 10:34:12', '2026-02-15 15:52:38'),
(175, 1, 8, 5, 5, 4.00000, 0.900000, '2026-02-14 10:34:12', '2026-02-15 15:52:38'),
(176, 1, 8, 6, 1, 4.00000, 0.900000, '2026-02-14 10:34:12', '2026-02-15 15:52:38'),
(177, 1, 8, 6, 2, 4.00000, 0.750000, '2026-02-14 10:34:12', '2026-02-15 15:52:38'),
(178, 1, 8, 6, 3, 4.00000, 0.550000, '2026-02-14 10:34:12', '2026-02-15 15:52:38'),
(179, 1, 8, 6, 4, 4.00000, 0.550000, '2026-02-14 10:34:12', '2026-02-15 15:52:38'),
(180, 1, 8, 6, 5, 4.00000, 0.900000, '2026-02-14 10:34:12', '2026-02-15 15:52:38'),
(181, 1, 8, 7, 1, 4.00000, 0.900000, '2026-02-14 10:34:12', '2026-02-15 15:52:38'),
(182, 1, 8, 7, 2, 3.00000, 0.500000, '2026-02-14 10:34:12', '2026-02-15 15:52:38'),
(183, 1, 8, 7, 3, 5.00000, 1.000000, '2026-02-14 10:34:12', '2026-02-15 15:52:38'),
(184, 1, 8, 7, 4, 4.00000, 0.550000, '2026-02-14 10:34:12', '2026-02-15 15:52:38'),
(185, 1, 8, 7, 5, 2.00000, 0.400000, '2026-02-14 10:34:12', '2026-02-15 15:52:38'),
(186, 1, 8, 8, 1, 4.00000, 0.900000, '2026-02-14 10:34:12', '2026-02-15 15:52:38'),
(187, 1, 8, 8, 2, 4.00000, 0.750000, '2026-02-14 10:34:12', '2026-02-15 15:52:38'),
(188, 1, 8, 8, 3, 1.00000, 0.000000, '2026-02-14 10:34:12', '2026-02-15 15:52:38'),
(189, 1, 8, 8, 4, 2.00000, 0.100000, '2026-02-14 10:34:12', '2026-02-15 15:52:38'),
(190, 1, 8, 8, 5, 4.00000, 0.900000, '2026-02-14 10:34:12', '2026-02-15 15:52:38'),
(191, 1, 8, 9, 1, 4.00000, 0.900000, '2026-02-14 10:34:12', '2026-02-15 15:52:38'),
(192, 1, 8, 9, 2, 4.00000, 0.750000, '2026-02-14 10:34:12', '2026-02-15 15:52:38'),
(193, 1, 8, 9, 3, 2.00000, 0.100000, '2026-02-14 10:34:12', '2026-02-15 15:52:38'),
(194, 1, 8, 9, 4, 3.00000, 0.250000, '2026-02-14 10:34:12', '2026-02-15 15:52:38'),
(195, 1, 8, 9, 5, 5.00000, 1.000000, '2026-02-14 10:34:12', '2026-02-15 15:52:38'),
(196, 1, 8, 10, 1, 3.00000, 0.700000, '2026-02-14 10:34:12', '2026-02-15 15:52:38'),
(197, 1, 8, 10, 2, 4.00000, 0.750000, '2026-02-14 10:34:12', '2026-02-15 15:52:38'),
(198, 1, 8, 10, 3, 2.00000, 0.100000, '2026-02-14 10:34:12', '2026-02-15 15:52:38'),
(199, 1, 8, 10, 4, 2.00000, 0.100000, '2026-02-14 10:34:12', '2026-02-15 15:52:38'),
(200, 1, 8, 10, 5, 4.00000, 0.900000, '2026-02-14 10:34:12', '2026-02-15 15:52:38'),
(201, 1, 6, 1, 1, 4.00000, 0.900000, '2026-02-14 10:37:37', '2026-02-15 15:52:20'),
(202, 1, 6, 1, 2, 5.00000, 1.000000, '2026-02-14 10:37:37', '2026-02-15 15:52:20'),
(203, 1, 6, 1, 3, 2.00000, 0.100000, '2026-02-14 10:37:37', '2026-02-15 15:52:20'),
(204, 1, 6, 1, 4, 2.00000, 0.100000, '2026-02-14 10:37:37', '2026-02-15 15:52:20'),
(205, 1, 6, 1, 5, 4.00000, 0.900000, '2026-02-14 10:37:37', '2026-02-15 15:52:20'),
(206, 1, 6, 2, 1, 2.00000, 0.400000, '2026-02-14 10:37:37', '2026-02-15 15:52:20'),
(207, 1, 6, 2, 2, 3.00000, 0.500000, '2026-02-14 10:37:37', '2026-02-15 15:52:20'),
(208, 1, 6, 2, 3, 5.00000, 1.000000, '2026-02-14 10:37:37', '2026-02-15 15:52:20'),
(209, 1, 6, 2, 4, 5.00000, 1.000000, '2026-02-14 10:37:37', '2026-02-15 15:52:20'),
(210, 1, 6, 2, 5, 2.00000, 0.400000, '2026-02-14 10:37:37', '2026-02-15 15:52:20'),
(211, 1, 6, 3, 1, 5.00000, 1.000000, '2026-02-14 10:37:37', '2026-02-15 15:52:20'),
(212, 1, 6, 3, 2, 3.00000, 0.500000, '2026-02-14 10:37:37', '2026-02-15 15:52:20'),
(213, 1, 6, 3, 3, 4.00000, 0.550000, '2026-02-14 10:37:37', '2026-02-15 15:52:20'),
(214, 1, 6, 3, 4, 2.00000, 0.100000, '2026-02-14 10:37:37', '2026-02-15 15:52:20'),
(215, 1, 6, 3, 5, 3.00000, 0.700000, '2026-02-14 10:37:37', '2026-02-15 15:52:20'),
(216, 1, 6, 4, 1, 5.00000, 1.000000, '2026-02-14 10:37:37', '2026-02-15 15:52:20'),
(217, 1, 6, 4, 2, 2.00000, 0.250000, '2026-02-14 10:37:37', '2026-02-15 15:52:20'),
(218, 1, 6, 4, 3, 4.00000, 0.550000, '2026-02-14 10:37:37', '2026-02-15 15:52:20'),
(219, 1, 6, 4, 4, 5.00000, 1.000000, '2026-02-14 10:37:37', '2026-02-15 15:52:20'),
(220, 1, 6, 4, 5, 4.00000, 0.900000, '2026-02-14 10:37:37', '2026-02-15 15:52:20'),
(221, 1, 6, 5, 1, 4.00000, 0.900000, '2026-02-14 10:37:37', '2026-02-15 15:52:20'),
(222, 1, 6, 5, 2, 2.00000, 0.250000, '2026-02-14 10:37:37', '2026-02-15 15:52:20'),
(223, 1, 6, 5, 3, 4.00000, 0.550000, '2026-02-14 10:37:37', '2026-02-15 15:52:20'),
(224, 1, 6, 5, 4, 5.00000, 1.000000, '2026-02-14 10:37:37', '2026-02-15 15:52:20'),
(225, 1, 6, 5, 5, 4.00000, 0.900000, '2026-02-14 10:37:37', '2026-02-15 15:52:20'),
(226, 1, 6, 6, 1, 5.00000, 1.000000, '2026-02-14 10:37:37', '2026-02-15 15:52:20'),
(227, 1, 6, 6, 2, 3.00000, 0.500000, '2026-02-14 10:37:37', '2026-02-15 15:52:20'),
(228, 1, 6, 6, 3, 4.00000, 0.550000, '2026-02-14 10:37:37', '2026-02-15 15:52:20'),
(229, 1, 6, 6, 4, 5.00000, 1.000000, '2026-02-14 10:37:37', '2026-02-15 15:52:20'),
(230, 1, 6, 6, 5, 4.00000, 0.900000, '2026-02-14 10:37:37', '2026-02-15 15:52:20'),
(231, 1, 6, 7, 1, 3.00000, 0.700000, '2026-02-14 10:37:37', '2026-02-15 15:52:20'),
(232, 1, 6, 7, 2, 2.00000, 0.250000, '2026-02-14 10:37:37', '2026-02-15 15:52:20'),
(233, 1, 6, 7, 3, 4.00000, 0.550000, '2026-02-14 10:37:37', '2026-02-15 15:52:20'),
(234, 1, 6, 7, 4, 5.00000, 1.000000, '2026-02-14 10:37:37', '2026-02-15 15:52:20'),
(235, 1, 6, 7, 5, 2.00000, 0.400000, '2026-02-14 10:37:37', '2026-02-15 15:52:20'),
(236, 1, 6, 8, 1, 2.00000, 0.400000, '2026-02-14 10:37:37', '2026-02-15 15:52:20'),
(237, 1, 6, 8, 2, 4.00000, 0.750000, '2026-02-14 10:37:37', '2026-02-15 15:52:20'),
(238, 1, 6, 8, 3, 2.00000, 0.100000, '2026-02-14 10:37:37', '2026-02-15 15:52:20'),
(239, 1, 6, 8, 4, 2.00000, 0.100000, '2026-02-14 10:37:37', '2026-02-15 15:52:20'),
(240, 1, 6, 8, 5, 4.00000, 0.900000, '2026-02-14 10:37:37', '2026-02-15 15:52:20'),
(241, 1, 6, 9, 1, 4.00000, 0.900000, '2026-02-14 10:37:37', '2026-02-15 15:52:20'),
(242, 1, 6, 9, 2, 3.00000, 0.500000, '2026-02-14 10:37:37', '2026-02-15 15:52:20'),
(243, 1, 6, 9, 3, 2.00000, 0.100000, '2026-02-14 10:37:37', '2026-02-15 15:52:20'),
(244, 1, 6, 9, 4, 4.00000, 0.550000, '2026-02-14 10:37:37', '2026-02-15 15:52:20'),
(245, 1, 6, 9, 5, 5.00000, 1.000000, '2026-02-14 10:37:37', '2026-02-15 15:52:20'),
(246, 1, 6, 10, 1, 4.00000, 0.900000, '2026-02-14 10:37:37', '2026-02-15 15:52:20'),
(247, 1, 6, 10, 2, 2.00000, 0.250000, '2026-02-14 10:37:37', '2026-02-15 15:52:20'),
(248, 1, 6, 10, 3, 2.00000, 0.100000, '2026-02-14 10:37:37', '2026-02-15 15:52:20'),
(249, 1, 6, 10, 4, 2.00000, 0.100000, '2026-02-14 10:37:37', '2026-02-15 15:52:20'),
(250, 1, 6, 10, 5, 2.00000, 0.400000, '2026-02-14 10:37:37', '2026-02-15 15:52:20');

-- --------------------------------------------------------

--
-- Table structure for table `borda_results`
--

CREATE TABLE `borda_results` (
  `id` bigint UNSIGNED NOT NULL,
  `decision_session_id` bigint UNSIGNED NOT NULL,
  `alternative_id` bigint UNSIGNED NOT NULL,
  `borda_score` int UNSIGNED NOT NULL,
  `final_rank` int UNSIGNED NOT NULL,
  `created_at` timestamp NULL DEFAULT NULL,
  `updated_at` timestamp NULL DEFAULT NULL
) ENGINE=InnoDB DEFAULT CHARSET=utf8mb4 COLLATE=utf8mb4_unicode_ci;

--
-- Dumping data for table `borda_results`
--

INSERT INTO `borda_results` (`id`, `decision_session_id`, `alternative_id`, `borda_score`, `final_rank`, `created_at`, `updated_at`) VALUES
(11, 1, 1, 42, 1, '2026-02-15 00:37:11', '2026-02-15 00:37:11'),
(12, 1, 6, 39, 2, '2026-02-15 00:37:11', '2026-02-15 00:37:11'),
(13, 1, 4, 37, 3, '2026-02-15 00:37:11', '2026-02-15 00:37:11'),
(14, 1, 3, 30, 5, '2026-02-15 00:37:11', '2026-02-15 13:06:15'),
(15, 1, 7, 30, 4, '2026-02-15 00:37:11', '2026-02-15 13:06:15'),
(16, 1, 9, 28, 6, '2026-02-15 00:37:11', '2026-02-15 00:37:11'),
(17, 1, 2, 24, 7, '2026-02-15 00:37:11', '2026-02-15 00:37:11'),
(18, 1, 8, 21, 8, '2026-02-15 00:37:11', '2026-02-15 00:37:11'),
(19, 1, 5, 17, 9, '2026-02-15 00:37:11', '2026-02-15 00:37:11'),
(20, 1, 10, 7, 10, '2026-02-15 00:37:11', '2026-02-15 00:37:11');

-- --------------------------------------------------------

--
-- Table structure for table `cache`
--

CREATE TABLE `cache` (
  `key` varchar(255) CHARACTER SET utf8mb4 COLLATE utf8mb4_unicode_ci NOT NULL,
  `value` mediumtext CHARACTER SET utf8mb4 COLLATE utf8mb4_unicode_ci NOT NULL,
  `expiration` int NOT NULL
) ENGINE=InnoDB DEFAULT CHARSET=utf8mb4 COLLATE=utf8mb4_unicode_ci;

-- --------------------------------------------------------

--
-- Table structure for table `cache_locks`
--

CREATE TABLE `cache_locks` (
  `key` varchar(255) CHARACTER SET utf8mb4 COLLATE utf8mb4_unicode_ci NOT NULL,
  `owner` varchar(255) CHARACTER SET utf8mb4 COLLATE utf8mb4_unicode_ci NOT NULL,
  `expiration` int NOT NULL
) ENGINE=InnoDB DEFAULT CHARSET=utf8mb4 COLLATE=utf8mb4_unicode_ci;

-- --------------------------------------------------------

--
-- Table structure for table `criteria`
--

CREATE TABLE `criteria` (
  `id` bigint UNSIGNED NOT NULL,
  `decision_session_id` bigint UNSIGNED NOT NULL,
  `name` varchar(255) CHARACTER SET utf8mb4 COLLATE utf8mb4_unicode_ci NOT NULL,
  `type` enum('benefit','cost') CHARACTER SET utf8mb4 COLLATE utf8mb4_unicode_ci NOT NULL,
  `is_active` tinyint(1) NOT NULL DEFAULT '1',
  `order` int NOT NULL DEFAULT '0',
  `created_at` timestamp NULL DEFAULT NULL,
  `updated_at` timestamp NULL DEFAULT NULL,
  `deleted_at` timestamp NULL DEFAULT NULL
) ENGINE=InnoDB DEFAULT CHARSET=utf8mb4 COLLATE=utf8mb4_unicode_ci;

--
-- Dumping data for table `criteria`
--

INSERT INTO `criteria` (`id`, `decision_session_id`, `name`, `type`, `is_active`, `order`, `created_at`, `updated_at`, `deleted_at`) VALUES
(1, 1, 'Pelayanan Dasar', 'benefit', 1, 1, '2026-02-12 15:04:18', '2026-02-12 15:04:18', NULL),
(2, 1, 'Infrastruktur dan Lingkungan', 'benefit', 1, 2, '2026-02-12 15:05:16', '2026-02-12 15:05:16', NULL),
(3, 1, 'Ekonomi Produktif dan Pertanian', 'benefit', 1, 3, '2026-02-12 15:05:25', '2026-02-12 15:05:25', NULL),
(4, 1, 'Teknologi Tepat Guna', 'benefit', 1, 4, '2026-02-12 15:05:33', '2026-02-12 15:05:33', NULL),
(5, 1, 'Ketertiban dan Ketentraman', 'benefit', 1, 5, '2026-02-12 15:05:38', '2026-02-12 15:05:38', NULL),
(6, 2, 'Kriteria Desil', 'cost', 1, 1, '2026-02-15 13:18:09', '2026-02-15 13:18:09', NULL);

-- --------------------------------------------------------

--
-- Table structure for table `criteria_pairwise`
--

CREATE TABLE `criteria_pairwise` (
  `id` bigint UNSIGNED NOT NULL,
  `decision_session_id` bigint UNSIGNED NOT NULL,
  `dm_id` bigint UNSIGNED NOT NULL,
  `criteria_id_1` bigint UNSIGNED NOT NULL,
  `criteria_id_2` bigint UNSIGNED NOT NULL,
  `value` tinyint UNSIGNED NOT NULL,
  `direction` varchar(10) CHARACTER SET utf8mb4 COLLATE utf8mb4_unicode_ci NOT NULL,
  `created_at` timestamp NULL DEFAULT NULL,
  `updated_at` timestamp NULL DEFAULT NULL
) ENGINE=InnoDB DEFAULT CHARSET=utf8mb4 COLLATE=utf8mb4_unicode_ci;

--
-- Dumping data for table `criteria_pairwise`
--

INSERT INTO `criteria_pairwise` (`id`, `decision_session_id`, `dm_id`, `criteria_id_1`, `criteria_id_2`, `value`, `direction`, `created_at`, `updated_at`) VALUES
(21, 1, 6, 1, 2, 2, 'left', '2026-02-12 23:10:59', '2026-02-12 23:10:59'),
(22, 1, 6, 1, 3, 3, 'left', '2026-02-12 23:10:59', '2026-02-12 23:10:59'),
(23, 1, 6, 1, 4, 1, 'left', '2026-02-12 23:10:59', '2026-02-12 23:10:59'),
(24, 1, 6, 1, 5, 2, 'left', '2026-02-12 23:10:59', '2026-02-12 23:10:59'),
(25, 1, 6, 2, 3, 2, 'left', '2026-02-12 23:10:59', '2026-02-12 23:10:59'),
(26, 1, 6, 2, 4, 2, 'left', '2026-02-12 23:10:59', '2026-02-12 23:10:59'),
(27, 1, 6, 2, 5, 1, 'right', '2026-02-12 23:10:59', '2026-02-12 23:10:59'),
(28, 1, 6, 3, 4, 1, 'right', '2026-02-12 23:10:59', '2026-02-12 23:10:59'),
(29, 1, 6, 3, 5, 1, 'right', '2026-02-12 23:10:59', '2026-02-12 23:10:59'),
(30, 1, 6, 4, 5, 1, 'right', '2026-02-12 23:10:59', '2026-02-12 23:10:59'),
(71, 1, 4, 1, 2, 1, 'left', '2026-02-12 23:41:50', '2026-02-12 23:41:50'),
(72, 1, 4, 1, 3, 1, 'left', '2026-02-12 23:41:50', '2026-02-12 23:41:50'),
(73, 1, 4, 1, 4, 4, 'left', '2026-02-12 23:41:50', '2026-02-12 23:41:50'),
(74, 1, 4, 1, 5, 3, 'left', '2026-02-12 23:41:50', '2026-02-12 23:41:50'),
(75, 1, 4, 2, 3, 4, 'left', '2026-02-12 23:41:50', '2026-02-12 23:41:50'),
(76, 1, 4, 2, 4, 4, 'left', '2026-02-12 23:41:50', '2026-02-12 23:41:50'),
(77, 1, 4, 2, 5, 3, 'left', '2026-02-12 23:41:50', '2026-02-12 23:41:50'),
(78, 1, 4, 3, 4, 2, 'left', '2026-02-12 23:41:50', '2026-02-12 23:41:50'),
(79, 1, 4, 3, 5, 4, 'left', '2026-02-12 23:41:50', '2026-02-12 23:41:50'),
(80, 1, 4, 4, 5, 3, 'left', '2026-02-12 23:41:50', '2026-02-12 23:41:50'),
(81, 1, 5, 1, 2, 3, 'left', '2026-02-12 23:45:05', '2026-02-12 23:45:05'),
(82, 1, 5, 1, 3, 2, 'left', '2026-02-12 23:45:05', '2026-02-12 23:45:05'),
(83, 1, 5, 1, 4, 4, 'left', '2026-02-12 23:45:05', '2026-02-12 23:45:05'),
(84, 1, 5, 1, 5, 4, 'left', '2026-02-12 23:45:05', '2026-02-12 23:45:05'),
(85, 1, 5, 2, 3, 0, 'right', '2026-02-12 23:45:05', '2026-02-12 23:45:05'),
(86, 1, 5, 2, 4, 1, 'left', '2026-02-12 23:45:05', '2026-02-12 23:45:05'),
(87, 1, 5, 2, 5, 1, 'left', '2026-02-12 23:45:05', '2026-02-12 23:45:05'),
(88, 1, 5, 3, 4, 3, 'left', '2026-02-12 23:45:05', '2026-02-12 23:45:05'),
(89, 1, 5, 3, 5, 3, 'left', '2026-02-12 23:45:05', '2026-02-12 23:45:05'),
(90, 1, 5, 4, 5, 1, 'left', '2026-02-12 23:45:05', '2026-02-12 23:45:05'),
(91, 1, 7, 1, 2, 0, 'right', '2026-02-13 00:03:35', '2026-02-13 00:03:35'),
(92, 1, 7, 1, 3, 3, 'left', '2026-02-13 00:03:35', '2026-02-13 00:03:35'),
(93, 1, 7, 1, 4, 3, 'left', '2026-02-13 00:03:35', '2026-02-13 00:03:35'),
(94, 1, 7, 1, 5, 1, 'right', '2026-02-13 00:03:35', '2026-02-13 00:03:35'),
(95, 1, 7, 2, 3, 2, 'left', '2026-02-13 00:03:35', '2026-02-13 00:03:35'),
(96, 1, 7, 2, 4, 3, 'left', '2026-02-13 00:03:35', '2026-02-13 00:03:35'),
(97, 1, 7, 2, 5, 3, 'left', '2026-02-13 00:03:35', '2026-02-13 00:03:35'),
(98, 1, 7, 3, 4, 2, 'left', '2026-02-13 00:03:35', '2026-02-13 00:03:35'),
(99, 1, 7, 3, 5, 1, 'right', '2026-02-13 00:03:35', '2026-02-13 00:03:35'),
(100, 1, 7, 4, 5, 0, 'right', '2026-02-13 00:03:35', '2026-02-13 00:03:35'),
(101, 1, 8, 1, 2, 3, 'left', '2026-02-13 00:06:17', '2026-02-13 00:06:17'),
(102, 1, 8, 1, 3, 3, 'left', '2026-02-13 00:06:17', '2026-02-13 00:06:17'),
(103, 1, 8, 1, 4, 1, 'left', '2026-02-13 00:06:17', '2026-02-13 00:06:17'),
(104, 1, 8, 1, 5, 1, 'right', '2026-02-13 00:06:17', '2026-02-13 00:06:17'),
(105, 1, 8, 2, 3, 1, 'left', '2026-02-13 00:06:17', '2026-02-13 00:06:17'),
(106, 1, 8, 2, 4, 1, 'left', '2026-02-13 00:06:17', '2026-02-13 00:06:17'),
(107, 1, 8, 2, 5, 1, 'right', '2026-02-13 00:06:17', '2026-02-13 00:06:17'),
(108, 1, 8, 3, 4, 1, 'left', '2026-02-13 00:06:17', '2026-02-13 00:06:17'),
(109, 1, 8, 3, 5, 1, 'right', '2026-02-13 00:06:17', '2026-02-13 00:06:17'),
(110, 1, 8, 4, 5, 1, 'left', '2026-02-13 00:06:17', '2026-02-13 00:06:17');

-- --------------------------------------------------------

--
-- Table structure for table `criteria_scoring_parameters`
--

CREATE TABLE `criteria_scoring_parameters` (
  `id` bigint UNSIGNED NOT NULL,
  `scoring_rule_id` bigint UNSIGNED NOT NULL,
  `param_key` varchar(50) CHARACTER SET utf8mb4 COLLATE utf8mb4_unicode_ci NOT NULL,
  `param_value` json NOT NULL,
  `created_at` timestamp NULL DEFAULT NULL,
  `updated_at` timestamp NULL DEFAULT NULL
) ENGINE=InnoDB DEFAULT CHARSET=utf8mb4 COLLATE=utf8mb4_unicode_ci;

--
-- Dumping data for table `criteria_scoring_parameters`
--

INSERT INTO `criteria_scoring_parameters` (`id`, `scoring_rule_id`, `param_key`, `param_value`, `created_at`, `updated_at`) VALUES
(1, 1, 'scale_range', '{\"max\": 5, \"min\": 1}', '2026-02-12 15:16:14', '2026-02-12 15:16:14'),
(2, 1, 'scale_semantics', '{\"1\": \"Sangat Rendah\", \"2\": \"Rendah\", \"3\": \"Sedang\", \"4\": \"Tinggi\", \"5\": \"Sangat Tinggi\"}', '2026-02-12 15:16:14', '2026-02-12 15:16:14'),
(3, 1, 'scale_utilities', '{\"1\": \"0.00\", \"2\": \"0.4\", \"3\": \"0.7\", \"4\": \"0.9\", \"5\": \"1.00\"}', '2026-02-12 15:16:14', '2026-02-12 15:16:14'),
(4, 2, 'scale_range', '{\"max\": 5, \"min\": 1}', '2026-02-12 15:16:36', '2026-02-12 15:16:36'),
(5, 2, 'scale_semantics', '{\"1\": \"Sangat Rendah\", \"2\": \"Rendah\", \"3\": \"Sedang\", \"4\": \"Tinggi\", \"5\": \"Sangat Tinggi\"}', '2026-02-12 15:16:36', '2026-02-12 15:16:36'),
(6, 2, 'scale_utilities', '{\"1\": \"0.00\", \"2\": \"0.25\", \"3\": \"0.50\", \"4\": \"0.75\", \"5\": \"1.00\"}', '2026-02-12 15:16:36', '2026-02-12 15:16:36'),
(7, 3, 'scale_range', '{\"max\": 5, \"min\": 1}', '2026-02-12 15:17:14', '2026-02-12 15:17:14'),
(8, 3, 'scale_semantics', '{\"1\": \"Sangat Rendah\", \"2\": \"Rendah\", \"3\": \"Sedang\", \"4\": \"Tinggi\", \"5\": \"Sangat Tinggi\"}', '2026-02-12 15:17:14', '2026-02-12 15:17:14'),
(9, 3, 'scale_utilities', '{\"1\": \"0.00\", \"2\": \"0.1\", \"3\": \"0.25\", \"4\": \"0.55\", \"5\": \"1.00\"}', '2026-02-12 15:17:14', '2026-02-12 15:17:14'),
(10, 4, 'scale_range', '{\"max\": 5, \"min\": 1}', '2026-02-12 15:29:02', '2026-02-12 15:29:02'),
(11, 4, 'scale_semantics', '{\"1\": \"Sangat Rendah\", \"2\": \"Rendah\", \"3\": \"Sedang\", \"4\": \"Tinggi\", \"5\": \"Sangat Tinggi\"}', '2026-02-12 15:29:02', '2026-02-12 15:29:02'),
(12, 4, 'scale_utilities', '{\"1\": \"0.00\", \"2\": \"0.1\", \"3\": \"0.25\", \"4\": \"0.55\", \"5\": \"1.00\"}', '2026-02-12 15:29:02', '2026-02-12 15:29:02'),
(13, 5, 'scale_range', '{\"max\": 5, \"min\": 1}', '2026-02-12 15:29:39', '2026-02-12 15:29:39'),
(14, 5, 'scale_semantics', '{\"1\": \"Sangat Rendah\", \"2\": \"Rendah\", \"3\": \"Sedang\", \"4\": \"Tinggi\", \"5\": \"Sangat Tinggi\"}', '2026-02-12 15:29:39', '2026-02-12 15:29:39'),
(15, 5, 'scale_utilities', '{\"1\": \"0.00\", \"2\": \"0.4\", \"3\": \"0.7\", \"4\": \"0.9\", \"5\": \"1.00\"}', '2026-02-12 15:29:39', '2026-02-12 15:29:39'),
(16, 6, 'scale_range', '{\"max\": 5, \"min\": 1}', '2026-02-15 13:19:08', '2026-02-15 13:19:08'),
(17, 6, 'scale_semantics', '{\"1\": \"Desil 1\", \"2\": \"Desil 2\", \"3\": \"Desil 3\", \"4\": \"Desil 4\", \"5\": \"Desil 5\"}', '2026-02-15 13:19:08', '2026-02-15 13:19:08'),
(18, 6, 'scale_utilities', '{\"1\": \"0.00\", \"2\": \"0.25\", \"3\": \"0.50\", \"4\": \"0.75\", \"5\": \"1.00\"}', '2026-02-15 13:19:08', '2026-02-15 13:19:08');

-- --------------------------------------------------------

--
-- Table structure for table `criteria_scoring_rules`
--

CREATE TABLE `criteria_scoring_rules` (
  `id` bigint UNSIGNED NOT NULL,
  `decision_session_id` bigint UNSIGNED DEFAULT NULL,
  `criteria_id` bigint UNSIGNED NOT NULL,
  `input_type` enum('scale','numeric') CHARACTER SET utf8mb4 COLLATE utf8mb4_unicode_ci NOT NULL,
  `preference_type` enum('linear','concave','convex') CHARACTER SET utf8mb4 COLLATE utf8mb4_unicode_ci NOT NULL,
  `utility_mode` enum('system','custom') CHARACTER SET utf8mb4 COLLATE utf8mb4_unicode_ci NOT NULL DEFAULT 'system',
  `curve_param` decimal(5,3) DEFAULT NULL,
  `created_at` timestamp NULL DEFAULT NULL,
  `updated_at` timestamp NULL DEFAULT NULL
) ENGINE=InnoDB DEFAULT CHARSET=utf8mb4 COLLATE=utf8mb4_unicode_ci;

--
-- Dumping data for table `criteria_scoring_rules`
--

INSERT INTO `criteria_scoring_rules` (`id`, `decision_session_id`, `criteria_id`, `input_type`, `preference_type`, `utility_mode`, `curve_param`, `created_at`, `updated_at`) VALUES
(1, 1, 1, 'scale', 'concave', 'system', NULL, '2026-02-12 15:16:14', '2026-02-12 15:16:14'),
(2, 1, 2, 'scale', 'linear', 'system', NULL, '2026-02-12 15:16:36', '2026-02-12 15:16:36'),
(3, 1, 3, 'scale', 'convex', 'system', NULL, '2026-02-12 15:17:14', '2026-02-12 15:17:14'),
(4, 1, 4, 'scale', 'convex', 'system', NULL, '2026-02-12 15:29:02', '2026-02-12 15:29:02'),
(5, 1, 5, 'scale', 'concave', 'system', NULL, '2026-02-12 15:29:39', '2026-02-12 15:29:39'),
(6, 2, 6, 'scale', 'linear', 'system', NULL, '2026-02-15 13:19:08', '2026-02-15 13:19:08');

-- --------------------------------------------------------

--
-- Table structure for table `criteria_weights`
--

CREATE TABLE `criteria_weights` (
  `id` bigint UNSIGNED NOT NULL,
  `decision_session_id` bigint UNSIGNED NOT NULL,
  `dm_id` bigint UNSIGNED DEFAULT NULL,
  `weights` json NOT NULL,
  `cr` decimal(6,4) DEFAULT NULL,
  `created_at` timestamp NULL DEFAULT NULL,
  `updated_at` timestamp NULL DEFAULT NULL
) ENGINE=InnoDB DEFAULT CHARSET=utf8mb4 COLLATE=utf8mb4_unicode_ci;

--
-- Dumping data for table `criteria_weights`
--

INSERT INTO `criteria_weights` (`id`, `decision_session_id`, `dm_id`, `weights`, `cr`, `created_at`, `updated_at`) VALUES
(1, 1, 4, '{\"1\": 0.26726846037157226, \"2\": 0.3725511540193566, \"3\": 0.18967352382148295, \"4\": 0.10349008603565124, \"5\": 0.06701677575193703}', 0.0903, '2026-02-12 22:45:27', '2026-02-12 23:41:50'),
(2, 1, 5, '{\"1\": 0.410779114284864, \"2\": 0.09990470741355036, \"3\": 0.29336941050369536, \"4\": 0.09797338389894512, \"5\": 0.09797338389894512}', 0.0147, '2026-02-12 22:55:34', '2026-02-12 23:45:06'),
(3, 1, 6, '{\"1\": 0.3063247863247863, \"2\": 0.1870940170940171, \"3\": 0.09427350427350428, \"4\": 0.1696581196581197, \"5\": 0.24264957264957268}', 0.0627, '2026-02-12 23:10:59', '2026-02-12 23:10:59'),
(4, 1, 7, '{\"1\": 0.18981162377316496, \"2\": 0.3914451585102237, \"3\": 0.11965568220188076, \"4\": 0.07530022858067764, \"5\": 0.22378730693405288}', 0.0800, '2026-02-13 00:03:35', '2026-02-13 00:03:35'),
(5, 1, 8, '{\"1\": 0.2613336910256736, \"2\": 0.12958210324478775, \"3\": 0.12958210324478775, \"4\": 0.19024102458526623, \"5\": 0.28926107789948463}', 0.0573, '2026-02-13 00:06:17', '2026-02-13 00:06:17'),
(6, 1, NULL, '{\"1\": 0.30458813713565314, \"2\": 0.223291013782869, \"3\": 0.166463725891214, \"4\": 0.1310986132108779, \"5\": 0.17455850997938602}', NULL, '2026-02-13 23:34:24', '2026-02-14 12:38:12');

-- --------------------------------------------------------

--
-- Table structure for table `decision_sessions`
--

CREATE TABLE `decision_sessions` (
  `id` bigint UNSIGNED NOT NULL,
  `name` varchar(255) CHARACTER SET utf8mb4 COLLATE utf8mb4_unicode_ci NOT NULL,
  `year` year NOT NULL,
  `status` enum('draft','configured','scoring','agregated','closed') CHARACTER SET utf8mb4 COLLATE utf8mb4_unicode_ci NOT NULL DEFAULT 'draft',
  `created_by` bigint UNSIGNED NOT NULL,
  `created_at` timestamp NULL DEFAULT NULL,
  `updated_at` timestamp NULL DEFAULT NULL,
  `deleted_at` timestamp NULL DEFAULT NULL
) ENGINE=InnoDB DEFAULT CHARSET=utf8mb4 COLLATE=utf8mb4_unicode_ci;

--
-- Dumping data for table `decision_sessions`
--

INSERT INTO `decision_sessions` (`id`, `name`, `year`, `status`, `created_by`, `created_at`, `updated_at`, `deleted_at`) VALUES
(1, 'Musrenbang Kalurahan Wonosari', '2026', 'closed', 2, '2026-02-12 12:32:58', '2026-02-15 15:52:52', NULL),
(2, 'Muskalsus BLT-DD Kalurahan Wonosari', '2026', 'draft', 2, '2026-02-15 13:17:45', '2026-02-15 13:17:45', NULL);

-- --------------------------------------------------------

--
-- Table structure for table `decision_session_criteria`
--

CREATE TABLE `decision_session_criteria` (
  `id` bigint UNSIGNED NOT NULL,
  `decision_session_id` bigint UNSIGNED NOT NULL,
  `criteria_id` bigint UNSIGNED NOT NULL,
  `created_at` timestamp NULL DEFAULT NULL,
  `updated_at` timestamp NULL DEFAULT NULL
) ENGINE=InnoDB DEFAULT CHARSET=utf8mb4 COLLATE=utf8mb4_unicode_ci;

-- --------------------------------------------------------

--
-- Table structure for table `decision_session_dm`
--

CREATE TABLE `decision_session_dm` (
  `id` bigint UNSIGNED NOT NULL,
  `decision_session_id` bigint UNSIGNED NOT NULL,
  `user_id` bigint UNSIGNED NOT NULL,
  `created_at` timestamp NULL DEFAULT NULL,
  `updated_at` timestamp NULL DEFAULT NULL
) ENGINE=InnoDB DEFAULT CHARSET=utf8mb4 COLLATE=utf8mb4_unicode_ci;

--
-- Dumping data for table `decision_session_dm`
--

INSERT INTO `decision_session_dm` (`id`, `decision_session_id`, `user_id`, `created_at`, `updated_at`) VALUES
(1, 1, 4, NULL, NULL),
(2, 1, 5, NULL, NULL),
(3, 1, 6, NULL, NULL),
(4, 1, 7, NULL, NULL),
(5, 1, 8, NULL, NULL);

-- --------------------------------------------------------

--
-- Table structure for table `failed_jobs`
--

CREATE TABLE `failed_jobs` (
  `id` bigint UNSIGNED NOT NULL,
  `uuid` varchar(255) CHARACTER SET utf8mb4 COLLATE utf8mb4_unicode_ci NOT NULL,
  `connection` text CHARACTER SET utf8mb4 COLLATE utf8mb4_unicode_ci NOT NULL,
  `queue` text CHARACTER SET utf8mb4 COLLATE utf8mb4_unicode_ci NOT NULL,
  `payload` longtext CHARACTER SET utf8mb4 COLLATE utf8mb4_unicode_ci NOT NULL,
  `exception` longtext CHARACTER SET utf8mb4 COLLATE utf8mb4_unicode_ci NOT NULL,
  `failed_at` timestamp NOT NULL DEFAULT CURRENT_TIMESTAMP
) ENGINE=InnoDB DEFAULT CHARSET=utf8mb4 COLLATE=utf8mb4_unicode_ci;

-- --------------------------------------------------------

--
-- Table structure for table `jobs`
--

CREATE TABLE `jobs` (
  `id` bigint UNSIGNED NOT NULL,
  `queue` varchar(255) CHARACTER SET utf8mb4 COLLATE utf8mb4_unicode_ci NOT NULL,
  `payload` longtext CHARACTER SET utf8mb4 COLLATE utf8mb4_unicode_ci NOT NULL,
  `attempts` tinyint UNSIGNED NOT NULL,
  `reserved_at` int UNSIGNED DEFAULT NULL,
  `available_at` int UNSIGNED NOT NULL,
  `created_at` int UNSIGNED NOT NULL
) ENGINE=InnoDB DEFAULT CHARSET=utf8mb4 COLLATE=utf8mb4_unicode_ci;

-- --------------------------------------------------------

--
-- Table structure for table `job_batches`
--

CREATE TABLE `job_batches` (
  `id` varchar(255) CHARACTER SET utf8mb4 COLLATE utf8mb4_unicode_ci NOT NULL,
  `name` varchar(255) CHARACTER SET utf8mb4 COLLATE utf8mb4_unicode_ci NOT NULL,
  `total_jobs` int NOT NULL,
  `pending_jobs` int NOT NULL,
  `failed_jobs` int NOT NULL,
  `failed_job_ids` longtext CHARACTER SET utf8mb4 COLLATE utf8mb4_unicode_ci NOT NULL,
  `options` mediumtext CHARACTER SET utf8mb4 COLLATE utf8mb4_unicode_ci,
  `cancelled_at` int DEFAULT NULL,
  `created_at` int NOT NULL,
  `finished_at` int DEFAULT NULL
) ENGINE=InnoDB DEFAULT CHARSET=utf8mb4 COLLATE=utf8mb4_unicode_ci;

-- --------------------------------------------------------

--
-- Table structure for table `migrations`
--

CREATE TABLE `migrations` (
  `id` int UNSIGNED NOT NULL,
  `migration` varchar(255) CHARACTER SET utf8mb4 COLLATE utf8mb4_unicode_ci NOT NULL,
  `batch` int NOT NULL
) ENGINE=InnoDB DEFAULT CHARSET=utf8mb4 COLLATE=utf8mb4_unicode_ci;

--
-- Dumping data for table `migrations`
--

INSERT INTO `migrations` (`id`, `migration`, `batch`) VALUES
(1, '2026_02_11_144158_create_alternative_evaluations_table', 1),
(2, '2026_02_11_144158_create_alternatives_table', 1),
(3, '2026_02_11_144158_create_cache_locks_table', 1),
(4, '2026_02_11_144158_create_cache_table', 1),
(5, '2026_02_11_144158_create_criteria_pairwise_table', 1),
(6, '2026_02_11_144158_create_criteria_scoring_parameters_table', 1),
(7, '2026_02_11_144158_create_criteria_scoring_rules_table', 1),
(8, '2026_02_11_144158_create_criteria_table', 1),
(9, '2026_02_11_144158_create_criteria_weights_table', 1),
(10, '2026_02_11_144158_create_decision_session_criteria_table', 1),
(11, '2026_02_11_144158_create_decision_session_dm_table', 1),
(12, '2026_02_11_144158_create_decision_sessions_table', 1),
(13, '2026_02_11_144158_create_failed_jobs_table', 1),
(14, '2026_02_11_144158_create_job_batches_table', 1),
(15, '2026_02_11_144158_create_jobs_table', 1),
(16, '2026_02_11_144158_create_model_has_permissions_table', 1),
(17, '2026_02_11_144158_create_model_has_roles_table', 1),
(18, '2026_02_11_144158_create_password_reset_tokens_table', 1),
(19, '2026_02_11_144158_create_permissions_table', 1),
(20, '2026_02_11_144158_create_role_has_permissions_table', 1),
(21, '2026_02_11_144158_create_roles_table', 1),
(22, '2026_02_11_144158_create_sessions_table', 1),
(23, '2026_02_11_144158_create_users_table', 1),
(24, '2026_02_14_115949_create_alternative_decision_session_table', 2),
(25, '2026_02_14_235243_create_smart_results_dm_table', 3),
(26, '2026_02_14_235338_create_borda_results_table', 3);

-- --------------------------------------------------------

--
-- Table structure for table `model_has_permissions`
--

CREATE TABLE `model_has_permissions` (
  `permission_id` bigint UNSIGNED NOT NULL,
  `model_type` varchar(255) CHARACTER SET utf8mb4 COLLATE utf8mb4_unicode_ci NOT NULL,
  `model_id` bigint UNSIGNED NOT NULL
) ENGINE=InnoDB DEFAULT CHARSET=utf8mb4 COLLATE=utf8mb4_unicode_ci;

-- --------------------------------------------------------

--
-- Table structure for table `model_has_roles`
--

CREATE TABLE `model_has_roles` (
  `role_id` bigint UNSIGNED NOT NULL,
  `model_type` varchar(255) CHARACTER SET utf8mb4 COLLATE utf8mb4_unicode_ci NOT NULL,
  `model_id` bigint UNSIGNED NOT NULL
) ENGINE=InnoDB DEFAULT CHARSET=utf8mb4 COLLATE=utf8mb4_unicode_ci;

--
-- Dumping data for table `model_has_roles`
--

INSERT INTO `model_has_roles` (`role_id`, `model_type`, `model_id`) VALUES
(1, 'App\\Models\\User', 1),
(2, 'App\\Models\\User', 2),
(3, 'App\\Models\\User', 3),
(3, 'App\\Models\\User', 4),
(3, 'App\\Models\\User', 5),
(3, 'App\\Models\\User', 6),
(3, 'App\\Models\\User', 7),
(3, 'App\\Models\\User', 8),
(3, 'App\\Models\\User', 9),
(3, 'App\\Models\\User', 10),
(3, 'App\\Models\\User', 11),
(3, 'App\\Models\\User', 12),
(3, 'App\\Models\\User', 13),
(3, 'App\\Models\\User', 14);

-- --------------------------------------------------------

--
-- Table structure for table `password_reset_tokens`
--

CREATE TABLE `password_reset_tokens` (
  `email` varchar(255) CHARACTER SET utf8mb4 COLLATE utf8mb4_unicode_ci NOT NULL,
  `token` varchar(255) CHARACTER SET utf8mb4 COLLATE utf8mb4_unicode_ci NOT NULL,
  `created_at` timestamp NULL DEFAULT NULL
) ENGINE=InnoDB DEFAULT CHARSET=utf8mb4 COLLATE=utf8mb4_unicode_ci;

-- --------------------------------------------------------

--
-- Table structure for table `permissions`
--

CREATE TABLE `permissions` (
  `id` bigint UNSIGNED NOT NULL,
  `name` varchar(255) CHARACTER SET utf8mb4 COLLATE utf8mb4_unicode_ci NOT NULL,
  `guard_name` varchar(255) CHARACTER SET utf8mb4 COLLATE utf8mb4_unicode_ci NOT NULL,
  `created_at` timestamp NULL DEFAULT NULL,
  `updated_at` timestamp NULL DEFAULT NULL
) ENGINE=InnoDB DEFAULT CHARSET=utf8mb4 COLLATE=utf8mb4_unicode_ci;

-- --------------------------------------------------------

--
-- Table structure for table `roles`
--

CREATE TABLE `roles` (
  `id` bigint UNSIGNED NOT NULL,
  `name` varchar(255) CHARACTER SET utf8mb4 COLLATE utf8mb4_unicode_ci NOT NULL,
  `guard_name` varchar(255) CHARACTER SET utf8mb4 COLLATE utf8mb4_unicode_ci NOT NULL,
  `created_at` timestamp NULL DEFAULT NULL,
  `updated_at` timestamp NULL DEFAULT NULL
) ENGINE=InnoDB DEFAULT CHARSET=utf8mb4 COLLATE=utf8mb4_unicode_ci;

--
-- Dumping data for table `roles`
--

INSERT INTO `roles` (`id`, `name`, `guard_name`, `created_at`, `updated_at`) VALUES
(1, 'superadmin', 'web', '2026-02-12 01:43:33', '2026-02-12 01:43:33'),
(2, 'admin', 'web', '2026-02-12 01:43:33', '2026-02-12 01:43:33'),
(3, 'dm', 'web', '2026-02-12 12:46:46', '2026-02-12 12:46:46');

-- --------------------------------------------------------

--
-- Table structure for table `role_has_permissions`
--

CREATE TABLE `role_has_permissions` (
  `permission_id` bigint UNSIGNED NOT NULL,
  `role_id` bigint UNSIGNED NOT NULL
) ENGINE=InnoDB DEFAULT CHARSET=utf8mb4 COLLATE=utf8mb4_unicode_ci;

-- --------------------------------------------------------

--
-- Table structure for table `sessions`
--

CREATE TABLE `sessions` (
  `id` varchar(255) CHARACTER SET utf8mb4 COLLATE utf8mb4_unicode_ci NOT NULL,
  `user_id` bigint UNSIGNED DEFAULT NULL,
  `ip_address` varchar(45) CHARACTER SET utf8mb4 COLLATE utf8mb4_unicode_ci DEFAULT NULL,
  `user_agent` text CHARACTER SET utf8mb4 COLLATE utf8mb4_unicode_ci,
  `payload` longtext CHARACTER SET utf8mb4 COLLATE utf8mb4_unicode_ci NOT NULL,
  `last_activity` int NOT NULL
) ENGINE=InnoDB DEFAULT CHARSET=utf8mb4 COLLATE=utf8mb4_unicode_ci;

--
-- Dumping data for table `sessions`
--

INSERT INTO `sessions` (`id`, `user_id`, `ip_address`, `user_agent`, `payload`, `last_activity`) VALUES
('Qlf4Ker6YXPhMBHwkBIxyxsusNNST0WVN3t96y6C', 4, '127.0.0.1', 'Mozilla/5.0 (Macintosh; Intel Mac OS X 10_15_7) AppleWebKit/537.36 (KHTML, like Gecko) Chrome/144.0.0.0 Safari/537.36', 'YTo0OntzOjY6Il90b2tlbiI7czo0MDoiYktuNXBwNTZNeFJWVGpDN1pucXV2NlhyT0QwR2N2aXhPdTUzazV3UiI7czo2OiJfZmxhc2giO2E6Mjp7czozOiJvbGQiO2E6MDp7fXM6MzoibmV3IjthOjA6e319czo5OiJfcHJldmlvdXMiO2E6Mjp7czozOiJ1cmwiO3M6NjE6Imh0dHA6Ly9sb2NhbGhvc3Q6ODAwMC9kZWNpc2lvbi1zZXNzaW9ucy8xL2Rtcz90YWI9aGFzaWwtYWtoaXIiO3M6NToicm91dGUiO3M6OToiZG1zLmluZGV4Ijt9czo1MDoibG9naW5fd2ViXzU5YmEzNmFkZGMyYjJmOTQwMTU4MGYwMTRjN2Y1OGVhNGUzMDk4OWQiO2k6NDt9', 1771173331);

-- --------------------------------------------------------

--
-- Table structure for table `smart_results_dm`
--

CREATE TABLE `smart_results_dm` (
  `id` bigint UNSIGNED NOT NULL,
  `decision_session_id` bigint UNSIGNED NOT NULL,
  `dm_id` bigint UNSIGNED NOT NULL,
  `alternative_id` bigint UNSIGNED NOT NULL,
  `smart_score` decimal(10,6) NOT NULL,
  `rank_dm` int UNSIGNED NOT NULL,
  `created_at` timestamp NULL DEFAULT NULL,
  `updated_at` timestamp NULL DEFAULT NULL
) ENGINE=InnoDB DEFAULT CHARSET=utf8mb4 COLLATE=utf8mb4_unicode_ci;

--
-- Dumping data for table `smart_results_dm`
--

INSERT INTO `smart_results_dm` (`id`, `decision_session_id`, `dm_id`, `alternative_id`, `smart_score`, `rank_dm`, `created_at`, `updated_at`) VALUES
(1, 1, 4, 3, 0.759372, 1, '2026-02-15 00:13:27', '2026-02-15 15:51:44'),
(2, 1, 4, 2, 0.633249, 5, '2026-02-15 00:13:27', '2026-02-15 15:51:44'),
(3, 1, 4, 8, 0.670882, 2, '2026-02-15 00:13:27', '2026-02-15 15:51:44'),
(4, 1, 4, 1, 0.668453, 3, '2026-02-15 00:13:27', '2026-02-15 15:51:44'),
(5, 1, 4, 4, 0.659299, 4, '2026-02-15 00:13:27', '2026-02-15 15:51:44'),
(6, 1, 4, 6, 0.603343, 6, '2026-02-15 00:13:27', '2026-02-15 15:51:44'),
(7, 1, 4, 9, 0.553932, 7, '2026-02-15 00:13:27', '2026-02-15 15:51:44'),
(8, 1, 4, 7, 0.486603, 8, '2026-02-15 00:13:27', '2026-02-15 15:51:44'),
(9, 1, 4, 5, 0.354575, 9, '2026-02-15 00:13:27', '2026-02-15 15:51:44'),
(10, 1, 4, 10, 0.333060, 10, '2026-02-15 00:13:27', '2026-02-15 15:51:44'),
(11, 1, 5, 6, 0.650714, 1, '2026-02-15 00:13:27', '2026-02-15 15:51:55'),
(12, 1, 5, 7, 0.577426, 2, '2026-02-15 00:13:27', '2026-02-15 15:51:55'),
(13, 1, 5, 1, 0.571982, 3, '2026-02-15 00:13:27', '2026-02-15 15:51:55'),
(14, 1, 5, 4, 0.553985, 4, '2026-02-15 00:13:27', '2026-02-15 15:51:55'),
(15, 1, 5, 3, 0.480260, 5, '2026-02-15 00:13:27', '2026-02-15 15:51:55'),
(16, 1, 5, 9, 0.473349, 6, '2026-02-15 00:13:27', '2026-02-15 15:51:55'),
(17, 1, 5, 8, 0.407790, 7, '2026-02-15 00:13:27', '2026-02-15 15:51:55'),
(18, 1, 5, 10, 0.305941, 8, '2026-02-15 00:13:27', '2026-02-15 15:51:55'),
(19, 1, 5, 5, 0.305379, 9, '2026-02-15 00:13:27', '2026-02-15 15:51:55'),
(20, 1, 5, 2, 0.238568, 10, '2026-02-15 00:13:27', '2026-02-15 15:51:55'),
(21, 1, 6, 6, 0.795990, 1, '2026-02-15 00:13:27', '2026-02-15 15:52:20'),
(22, 1, 6, 4, 0.740167, 2, '2026-02-15 00:13:27', '2026-02-15 15:52:20'),
(23, 1, 6, 5, 0.709708, 3, '2026-02-15 00:13:27', '2026-02-15 15:52:20'),
(24, 1, 6, 1, 0.684279, 4, '2026-02-15 00:13:27', '2026-02-15 15:52:20'),
(25, 1, 6, 9, 0.649084, 5, '2026-02-15 00:13:27', '2026-02-15 15:52:20'),
(26, 1, 6, 3, 0.643090, 6, '2026-02-15 00:13:27', '2026-02-15 15:52:20'),
(27, 1, 6, 2, 0.600867, 7, '2026-02-15 00:13:27', '2026-02-15 15:52:20'),
(28, 1, 6, 7, 0.561512, 8, '2026-02-15 00:13:27', '2026-02-15 15:52:20'),
(29, 1, 6, 8, 0.476162, 9, '2026-02-15 00:13:27', '2026-02-15 15:52:20'),
(30, 1, 6, 10, 0.429532, 10, '2026-02-15 00:13:27', '2026-02-15 15:52:20'),
(31, 1, 7, 1, 0.709249, 1, '2026-02-15 00:13:27', '2026-02-15 15:52:08'),
(32, 1, 7, 4, 0.662754, 2, '2026-02-15 00:13:27', '2026-02-15 15:52:08'),
(33, 1, 7, 7, 0.641515, 3, '2026-02-15 00:13:27', '2026-02-15 15:52:08'),
(34, 1, 7, 9, 0.628840, 4, '2026-02-15 00:13:27', '2026-02-15 15:52:08'),
(35, 1, 7, 3, 0.588450, 5, '2026-02-15 00:13:27', '2026-02-15 15:52:08'),
(36, 1, 7, 2, 0.577426, 6, '2026-02-15 00:13:27', '2026-02-15 15:52:08'),
(37, 1, 7, 6, 0.560448, 7, '2026-02-15 00:13:27', '2026-02-15 15:52:08'),
(38, 1, 7, 5, 0.524105, 8, '2026-02-15 00:13:27', '2026-02-15 15:52:08'),
(39, 1, 7, 8, 0.463695, 9, '2026-02-15 00:13:27', '2026-02-15 15:52:08'),
(40, 1, 7, 10, 0.358030, 10, '2026-02-15 00:13:27', '2026-02-15 15:52:08'),
(41, 1, 8, 6, 0.762360, 1, '2026-02-15 00:13:27', '2026-02-15 15:52:38'),
(42, 1, 8, 1, 0.709249, 2, '2026-02-15 00:13:27', '2026-02-15 15:52:38'),
(43, 1, 8, 2, 0.694166, 3, '2026-02-15 00:13:27', '2026-02-15 15:52:38'),
(44, 1, 8, 7, 0.694166, 4, '2026-02-15 00:13:27', '2026-02-15 15:52:38'),
(45, 1, 8, 9, 0.665577, 5, '2026-02-15 00:13:27', '2026-02-15 15:52:38'),
(46, 1, 8, 4, 0.641843, 6, '2026-02-15 00:13:27', '2026-02-15 15:52:38'),
(47, 1, 8, 8, 0.611810, 7, '2026-02-15 00:13:27', '2026-02-15 15:52:38'),
(48, 1, 8, 3, 0.608115, 8, '2026-02-15 00:13:27', '2026-02-15 15:52:38'),
(49, 1, 8, 5, 0.594891, 9, '2026-02-15 00:13:27', '2026-02-15 15:52:38'),
(50, 1, 8, 10, 0.567539, 10, '2026-02-15 00:13:27', '2026-02-15 15:52:38');

-- --------------------------------------------------------

--
-- Table structure for table `users`
--

CREATE TABLE `users` (
  `id` bigint UNSIGNED NOT NULL,
  `name` varchar(255) CHARACTER SET utf8mb4 COLLATE utf8mb4_unicode_ci NOT NULL,
  `email` varchar(255) CHARACTER SET utf8mb4 COLLATE utf8mb4_unicode_ci NOT NULL,
  `email_verified_at` timestamp NULL DEFAULT NULL,
  `password` varchar(255) CHARACTER SET utf8mb4 COLLATE utf8mb4_unicode_ci NOT NULL,
  `remember_token` varchar(100) CHARACTER SET utf8mb4 COLLATE utf8mb4_unicode_ci DEFAULT NULL,
  `created_at` timestamp NULL DEFAULT NULL,
  `updated_at` timestamp NULL DEFAULT NULL
) ENGINE=InnoDB DEFAULT CHARSET=utf8mb4 COLLATE=utf8mb4_unicode_ci;

--
-- Dumping data for table `users`
--

INSERT INTO `users` (`id`, `name`, `email`, `email_verified_at`, `password`, `remember_token`, `created_at`, `updated_at`) VALUES
(1, 'Super Admin', 'superadmin@wonosarigk.id', NULL, '$2y$12$LjZSt79diNOmML6z7fW6e.IAUqIDYZMkiGbKO70agXjFaZX8xCIxm', NULL, '2026-02-12 01:43:33', '2026-02-12 01:43:33'),
(2, 'Admin Keputusan', 'admin@wonosarigk.id', NULL, '$2y$12$9LK98yBUOoTvwFEc352pHe6dNfB7ZM99.KaT5YFFZAFkwAPqzmGsm', NULL, '2026-02-12 01:43:33', '2026-02-12 01:43:33'),
(3, 'Decision Maker', 'dm@wonosarigk.id', NULL, '$2y$12$NStoc26b/AAcxtCnK5ryl.YCKm4UlV2D7sSdxbnTUYnLbGdZ8Q5SG', NULL, '2026-02-12 12:46:47', '2026-02-12 12:46:47'),
(4, 'Dedi Mustajab', 'dedi@wonosarigk.id', NULL, '$2y$12$407xvo06FQjNg6XqTkYvYuEiMX3A2ZG4l6XKZi9pi878Y71V6w5JG', NULL, '2026-02-12 14:53:58', '2026-02-12 14:53:58'),
(5, 'Windira Safitri', 'windira@wonosarigk.id', NULL, '$2y$12$3b.wmOO34rqbbj0gzraFuODiHTjWeQT2leiyWWMijFU5H48sgO2FO', NULL, '2026-02-12 14:54:17', '2026-02-12 14:54:17'),
(6, 'Tugino', 'tugino@wonosarigk.id', NULL, '$2y$12$601gCaq7fy9l8XZf5NCPKur6VPWXETXLdVleGJgmsSeFmE3nw9kAy', NULL, '2026-02-12 14:56:08', '2026-02-12 14:56:08'),
(7, 'Suindartini', 'suindartini@wonosarigk.id', NULL, '$2y$12$Gk9GrnYhEQH3WknHHRlLxOv6UJ1ZGzkLVCncQQghScA4BXHLMbPh6', NULL, '2026-02-12 14:56:27', '2026-02-12 14:56:27'),
(8, 'Suyatna', 'suyatna@wonosarigk.id', NULL, '$2y$12$Ho1ZtN2g67VzkGaDTSZyH.lsh6NkgCNEqzr4kxxdSVDnuk5RUS7fW', NULL, '2026-02-12 14:56:51', '2026-02-12 14:56:51'),
(9, 'Ubaidilah Aminuddin Thoyieb', 'ubaidilah@wonosarigk.id', NULL, '$2y$12$3yNfBg5iTtVu1ko.Bxpq6Oiyq5flyuX7MZcnIeusxasRh7rpm3pf.', NULL, '2026-02-12 14:57:08', '2026-02-12 14:57:08'),
(10, 'Ari Ismawan', 'ari@wonosarigk.id', NULL, '$2y$12$dE0TKFHHO5vBcbKdi0rXt.NFv4/TWf3kNTRrGPEYfuMJnb4kqIMlK', NULL, '2026-02-12 14:57:24', '2026-02-12 14:57:24'),
(11, 'Sularno', 'sularno@wonosarigk.id', NULL, '$2y$12$MDFij4JGsW7/XY/xptYnTO0VSqMWN3mEXZ1l9T.swc4uamFqbNska', NULL, '2026-02-12 14:58:00', '2026-02-12 14:58:00'),
(12, 'Saban Nurhuda', 'saban@wonosarigk.id', NULL, '$2y$12$orwHCrqQPcMBsiYo5.nAnu1nj79RZyx2t1mhIeCqG6MnQTrDKr8JG', NULL, '2026-02-12 14:58:21', '2026-02-12 14:58:21'),
(13, 'Wahyono', 'wahyono@wonosarigk.id', NULL, '$2y$12$.mWXmxneZow3SN4X24UrL.HMjWZmzGt1Pc6qhPVHunL6cFfKPd2fC', NULL, '2026-02-12 14:58:38', '2026-02-12 14:58:38'),
(14, 'Wijayadi', 'wijayadi@wonosarigk.id', NULL, '$2y$12$llfxCOQF2SEO02hgofr5S.G6rI4.07HZFltUaWoEze6AIGeoAjMi6', NULL, '2026-02-12 14:59:04', '2026-02-12 14:59:04');

--
-- Indexes for dumped tables
--

--
-- Indexes for table `alternatives`
--
ALTER TABLE `alternatives`
  ADD PRIMARY KEY (`id`),
  ADD UNIQUE KEY `alternatives_decision_session_id_code_unique` (`decision_session_id`,`code`);

--
-- Indexes for table `alternative_evaluations`
--
ALTER TABLE `alternative_evaluations`
  ADD PRIMARY KEY (`id`),
  ADD UNIQUE KEY `uniq_dm_alt_criteria_session` (`decision_session_id`,`dm_id`,`alternative_id`,`criteria_id`),
  ADD KEY `alternative_evaluations_dm_id_foreign` (`dm_id`),
  ADD KEY `alternative_evaluations_alternative_id_foreign` (`alternative_id`),
  ADD KEY `alternative_evaluations_criteria_id_foreign` (`criteria_id`);

--
-- Indexes for table `borda_results`
--
ALTER TABLE `borda_results`
  ADD PRIMARY KEY (`id`),
  ADD UNIQUE KEY `borda_results_decision_session_id_alternative_id_unique` (`decision_session_id`,`alternative_id`),
  ADD KEY `borda_results_alternative_id_foreign` (`alternative_id`);

--
-- Indexes for table `cache`
--
ALTER TABLE `cache`
  ADD PRIMARY KEY (`key`),
  ADD KEY `cache_expiration_index` (`expiration`);

--
-- Indexes for table `cache_locks`
--
ALTER TABLE `cache_locks`
  ADD PRIMARY KEY (`key`),
  ADD KEY `cache_locks_expiration_index` (`expiration`);

--
-- Indexes for table `criteria`
--
ALTER TABLE `criteria`
  ADD PRIMARY KEY (`id`),
  ADD KEY `criteria_decision_session_id_foreign` (`decision_session_id`);

--
-- Indexes for table `criteria_pairwise`
--
ALTER TABLE `criteria_pairwise`
  ADD PRIMARY KEY (`id`),
  ADD UNIQUE KEY `uq_pairwise_session_dm_criteria` (`decision_session_id`,`dm_id`,`criteria_id_1`,`criteria_id_2`),
  ADD KEY `criteria_pairwise_dm_id_foreign` (`dm_id`),
  ADD KEY `criteria_pairwise_criteria_id_1_foreign` (`criteria_id_1`),
  ADD KEY `criteria_pairwise_criteria_id_2_foreign` (`criteria_id_2`);

--
-- Indexes for table `criteria_scoring_parameters`
--
ALTER TABLE `criteria_scoring_parameters`
  ADD PRIMARY KEY (`id`),
  ADD UNIQUE KEY `uniq_scoring_rule_param` (`scoring_rule_id`,`param_key`);

--
-- Indexes for table `criteria_scoring_rules`
--
ALTER TABLE `criteria_scoring_rules`
  ADD PRIMARY KEY (`id`),
  ADD UNIQUE KEY `unique_criteria_rule` (`criteria_id`),
  ADD KEY `criteria_scoring_rules_decision_session_id_foreign` (`decision_session_id`);

--
-- Indexes for table `criteria_weights`
--
ALTER TABLE `criteria_weights`
  ADD PRIMARY KEY (`id`),
  ADD UNIQUE KEY `criteria_weights_decision_session_id_dm_id_unique` (`decision_session_id`,`dm_id`),
  ADD KEY `criteria_weights_dm_id_foreign` (`dm_id`);

--
-- Indexes for table `decision_sessions`
--
ALTER TABLE `decision_sessions`
  ADD PRIMARY KEY (`id`),
  ADD KEY `decision_sessions_created_by_foreign` (`created_by`);

--
-- Indexes for table `decision_session_criteria`
--
ALTER TABLE `decision_session_criteria`
  ADD PRIMARY KEY (`id`),
  ADD UNIQUE KEY `decision_session_criteria_decision_session_id_criteria_id_unique` (`decision_session_id`,`criteria_id`),
  ADD KEY `decision_session_criteria_criteria_id_foreign` (`criteria_id`);

--
-- Indexes for table `decision_session_dm`
--
ALTER TABLE `decision_session_dm`
  ADD PRIMARY KEY (`id`),
  ADD UNIQUE KEY `decision_session_dm_decision_session_id_user_id_unique` (`decision_session_id`,`user_id`),
  ADD KEY `decision_session_dm_user_id_foreign` (`user_id`);

--
-- Indexes for table `failed_jobs`
--
ALTER TABLE `failed_jobs`
  ADD PRIMARY KEY (`id`),
  ADD UNIQUE KEY `failed_jobs_uuid_unique` (`uuid`);

--
-- Indexes for table `jobs`
--
ALTER TABLE `jobs`
  ADD PRIMARY KEY (`id`),
  ADD KEY `jobs_queue_index` (`queue`);

--
-- Indexes for table `job_batches`
--
ALTER TABLE `job_batches`
  ADD PRIMARY KEY (`id`);

--
-- Indexes for table `migrations`
--
ALTER TABLE `migrations`
  ADD PRIMARY KEY (`id`);

--
-- Indexes for table `model_has_permissions`
--
ALTER TABLE `model_has_permissions`
  ADD PRIMARY KEY (`permission_id`,`model_id`,`model_type`),
  ADD KEY `model_has_permissions_model_id_model_type_index` (`model_id`,`model_type`);

--
-- Indexes for table `model_has_roles`
--
ALTER TABLE `model_has_roles`
  ADD PRIMARY KEY (`role_id`,`model_id`,`model_type`),
  ADD KEY `model_has_roles_model_id_model_type_index` (`model_id`,`model_type`);

--
-- Indexes for table `password_reset_tokens`
--
ALTER TABLE `password_reset_tokens`
  ADD PRIMARY KEY (`email`);

--
-- Indexes for table `permissions`
--
ALTER TABLE `permissions`
  ADD PRIMARY KEY (`id`),
  ADD UNIQUE KEY `permissions_name_guard_name_unique` (`name`,`guard_name`);

--
-- Indexes for table `roles`
--
ALTER TABLE `roles`
  ADD PRIMARY KEY (`id`),
  ADD UNIQUE KEY `roles_name_guard_name_unique` (`name`,`guard_name`);

--
-- Indexes for table `role_has_permissions`
--
ALTER TABLE `role_has_permissions`
  ADD PRIMARY KEY (`permission_id`,`role_id`),
  ADD KEY `role_has_permissions_role_id_foreign` (`role_id`);

--
-- Indexes for table `sessions`
--
ALTER TABLE `sessions`
  ADD PRIMARY KEY (`id`),
  ADD KEY `sessions_user_id_index` (`user_id`),
  ADD KEY `sessions_last_activity_index` (`last_activity`);

--
-- Indexes for table `smart_results_dm`
--
ALTER TABLE `smart_results_dm`
  ADD PRIMARY KEY (`id`),
  ADD UNIQUE KEY `smart_results_dm_decision_session_id_dm_id_alternative_id_unique` (`decision_session_id`,`dm_id`,`alternative_id`),
  ADD KEY `smart_results_dm_dm_id_foreign` (`dm_id`),
  ADD KEY `smart_results_dm_alternative_id_foreign` (`alternative_id`);

--
-- Indexes for table `users`
--
ALTER TABLE `users`
  ADD PRIMARY KEY (`id`),
  ADD UNIQUE KEY `users_email_unique` (`email`);

--
-- AUTO_INCREMENT for dumped tables
--

--
-- AUTO_INCREMENT for table `alternatives`
--
ALTER TABLE `alternatives`
  MODIFY `id` bigint UNSIGNED NOT NULL AUTO_INCREMENT, AUTO_INCREMENT=14;

--
-- AUTO_INCREMENT for table `alternative_evaluations`
--
ALTER TABLE `alternative_evaluations`
  MODIFY `id` bigint UNSIGNED NOT NULL AUTO_INCREMENT, AUTO_INCREMENT=251;

--
-- AUTO_INCREMENT for table `borda_results`
--
ALTER TABLE `borda_results`
  MODIFY `id` bigint UNSIGNED NOT NULL AUTO_INCREMENT, AUTO_INCREMENT=21;

--
-- AUTO_INCREMENT for table `criteria`
--
ALTER TABLE `criteria`
  MODIFY `id` bigint UNSIGNED NOT NULL AUTO_INCREMENT, AUTO_INCREMENT=7;

--
-- AUTO_INCREMENT for table `criteria_pairwise`
--
ALTER TABLE `criteria_pairwise`
  MODIFY `id` bigint UNSIGNED NOT NULL AUTO_INCREMENT, AUTO_INCREMENT=111;

--
-- AUTO_INCREMENT for table `criteria_scoring_parameters`
--
ALTER TABLE `criteria_scoring_parameters`
  MODIFY `id` bigint UNSIGNED NOT NULL AUTO_INCREMENT, AUTO_INCREMENT=19;

--
-- AUTO_INCREMENT for table `criteria_scoring_rules`
--
ALTER TABLE `criteria_scoring_rules`
  MODIFY `id` bigint UNSIGNED NOT NULL AUTO_INCREMENT, AUTO_INCREMENT=7;

--
-- AUTO_INCREMENT for table `criteria_weights`
--
ALTER TABLE `criteria_weights`
  MODIFY `id` bigint UNSIGNED NOT NULL AUTO_INCREMENT, AUTO_INCREMENT=7;

--
-- AUTO_INCREMENT for table `decision_sessions`
--
ALTER TABLE `decision_sessions`
  MODIFY `id` bigint UNSIGNED NOT NULL AUTO_INCREMENT, AUTO_INCREMENT=3;

--
-- AUTO_INCREMENT for table `decision_session_criteria`
--
ALTER TABLE `decision_session_criteria`
  MODIFY `id` bigint UNSIGNED NOT NULL AUTO_INCREMENT;

--
-- AUTO_INCREMENT for table `decision_session_dm`
--
ALTER TABLE `decision_session_dm`
  MODIFY `id` bigint UNSIGNED NOT NULL AUTO_INCREMENT, AUTO_INCREMENT=6;

--
-- AUTO_INCREMENT for table `failed_jobs`
--
ALTER TABLE `failed_jobs`
  MODIFY `id` bigint UNSIGNED NOT NULL AUTO_INCREMENT;

--
-- AUTO_INCREMENT for table `jobs`
--
ALTER TABLE `jobs`
  MODIFY `id` bigint UNSIGNED NOT NULL AUTO_INCREMENT;

--
-- AUTO_INCREMENT for table `migrations`
--
ALTER TABLE `migrations`
  MODIFY `id` int UNSIGNED NOT NULL AUTO_INCREMENT, AUTO_INCREMENT=27;

--
-- AUTO_INCREMENT for table `permissions`
--
ALTER TABLE `permissions`
  MODIFY `id` bigint UNSIGNED NOT NULL AUTO_INCREMENT;

--
-- AUTO_INCREMENT for table `roles`
--
ALTER TABLE `roles`
  MODIFY `id` bigint UNSIGNED NOT NULL AUTO_INCREMENT, AUTO_INCREMENT=4;

--
-- AUTO_INCREMENT for table `smart_results_dm`
--
ALTER TABLE `smart_results_dm`
  MODIFY `id` bigint UNSIGNED NOT NULL AUTO_INCREMENT, AUTO_INCREMENT=191;

--
-- AUTO_INCREMENT for table `users`
--
ALTER TABLE `users`
  MODIFY `id` bigint UNSIGNED NOT NULL AUTO_INCREMENT, AUTO_INCREMENT=15;

--
-- Constraints for dumped tables
--

--
-- Constraints for table `borda_results`
--
ALTER TABLE `borda_results`
  ADD CONSTRAINT `borda_results_alternative_id_foreign` FOREIGN KEY (`alternative_id`) REFERENCES `alternatives` (`id`) ON DELETE CASCADE,
  ADD CONSTRAINT `borda_results_decision_session_id_foreign` FOREIGN KEY (`decision_session_id`) REFERENCES `decision_sessions` (`id`) ON DELETE CASCADE;

--
-- Constraints for table `smart_results_dm`
--
ALTER TABLE `smart_results_dm`
  ADD CONSTRAINT `smart_results_dm_alternative_id_foreign` FOREIGN KEY (`alternative_id`) REFERENCES `alternatives` (`id`) ON DELETE CASCADE,
  ADD CONSTRAINT `smart_results_dm_decision_session_id_foreign` FOREIGN KEY (`decision_session_id`) REFERENCES `decision_sessions` (`id`) ON DELETE CASCADE,
  ADD CONSTRAINT `smart_results_dm_dm_id_foreign` FOREIGN KEY (`dm_id`) REFERENCES `users` (`id`) ON DELETE CASCADE;
COMMIT;

/*!40101 SET CHARACTER_SET_CLIENT=@OLD_CHARACTER_SET_CLIENT */;
/*!40101 SET CHARACTER_SET_RESULTS=@OLD_CHARACTER_SET_RESULTS */;
/*!40101 SET COLLATION_CONNECTION=@OLD_COLLATION_CONNECTION */;
